0; 1.44826
0.01; 1.045
0.02; 0.82282
0.03; 0.693476
0.04; 0.599774
0.05; 0.531254
0.06; 0.481356
0.07; 0.44601
0.08; 0.422374
0.09; 0.407889
0.1; 0.400518
0.11; 0.398442
0.12; 0.400229
0.13; 0.404715
0.14; 0.41103
0.15; 0.418517
0.16; 0.426705
0.17; 0.435256
0.18; 0.443933
0.19; 0.452574
0.2; 0.461071
0.21; 0.469352
0.22; 0.477374
0.23; 0.485113
0.24; 0.492559
0.25; 0.49971
0.26; 0.506572
0.27; 0.513153
0.28; 0.519466
0.29; 0.525523
0.3; 0.531339
0.31; 0.536927
0.32; 0.542302
0.33; 0.547478
0.34; 0.552467
0.35; 0.557281
0.36; 0.561933
0.37; 0.566433
0.38; 0.570791
0.39; 0.575017
0.4; 0.579119
0.41; 0.583106
0.42; 0.586984
0.43; 0.590762
0.44; 0.594444
0.45; 0.598036
0.46; 0.601545
0.47; 0.604975
0.48; 0.60833
0.49; 0.611616
0.5; 0.614834
0.51; 0.61799
0.52; 0.621086
0.53; 0.624126
0.54; 0.627112
0.55; 0.630047
0.56; 0.632933
0.57; 0.635772
0.58; 0.638567
0.59; 0.641319
0.6; 0.64403
0.61; 0.646702
0.62; 0.649337
0.63; 0.651936
0.64; 0.654499
0.65; 0.65703
0.66; 0.659527
0.67; 0.661994
0.68; 0.664431
0.69; 0.666838
0.7; 0.669217
0.71; 0.671569
0.72; 0.673894
0.73; 0.676194
0.74; 0.678468
0.75; 0.680719
0.76; 0.682945
0.77; 0.685149
0.78; 0.687331
0.79; 0.68949
0.8; 0.691629
0.81; 0.693746
0.82; 0.695844
0.83; 0.697922
0.84; 0.699981
0.85; 0.70202
0.86; 0.704042
0.87; 0.706046
0.88; 0.708032
0.89; 0.710001
0.9; 0.711953
0.91; 0.713888
0.92; 0.715808
0.93; 0.717711
0.94; 0.7196
0.95; 0.721473
0.96; 0.723331
0.97; 0.725174
0.98; 0.727004
0.99; 0.728819
1; 0.73062
1.01; 0.732408
1.02; 0.734183
1.03; 0.735944
1.04; 0.737693
1.05; 0.739429
1.06; 0.741152
1.07; 0.742864
1.08; 0.744563
1.09; 0.746251
1.1; 0.747927
1.11; 0.749591
1.12; 0.751245
1.13; 0.752887
1.14; 0.754519
1.15; 0.756139
1.16; 0.75775
1.17; 0.75935
1.18; 0.760939
1.19; 0.762519
1.2; 0.764088
1.21; 0.765648
1.22; 0.767198
1.23; 0.768739
1.24; 0.77027
1.25; 0.771792
1.26; 0.773305
1.27; 0.774809
1.28; 0.776304
1.29; 0.77779
1.3; 0.779268
1.31; 0.780737
1.32; 0.782198
1.33; 0.78365
1.34; 0.785095
1.35; 0.786531
1.36; 0.787959
1.37; 0.789379
1.38; 0.790792
1.39; 0.792197
1.4; 0.793594
1.41; 0.794984
1.42; 0.796366
1.43; 0.797741
1.44; 0.799109
1.45; 0.80047
1.46; 0.801823
1.47; 0.80317
1.48; 0.804509
1.49; 0.805842
1.5; 0.807168
1.51; 0.808488
1.52; 0.8098
1.53; 0.811107
1.54; 0.812406
1.55; 0.8137
1.56; 0.814987
1.57; 0.816268
1.58; 0.817542
1.59; 0.818811
1.6; 0.820073
1.61; 0.821329
1.62; 0.82258
1.63; 0.823824
1.64; 0.825063
1.65; 0.826296
1.66; 0.827523
1.67; 0.828744
1.68; 0.82996
1.69; 0.83117
1.7; 0.832375
1.71; 0.833574
1.72; 0.834768
1.73; 0.835957
1.74; 0.83714
1.75; 0.838318
1.76; 0.83949
1.77; 0.840658
1.78; 0.84182
1.79; 0.842977
1.8; 0.84413
1.81; 0.845277
1.82; 0.846419
1.83; 0.847556
1.84; 0.848689
1.85; 0.849816
1.86; 0.850939
1.87; 0.852057
1.88; 0.85317
1.89; 0.854279
1.9; 0.855382
1.91; 0.856482
1.92; 0.857576
1.93; 0.858666
1.94; 0.859752
1.95; 0.860833
1.96; 0.861909
1.97; 0.862981
1.98; 0.864049
1.99; 0.865112
2; 0.866171
2.01; 0.867226
2.02; 0.868276
2.03; 0.869322
2.04; 0.870364
2.05; 0.871402
2.06; 0.872435
2.07; 0.873465
2.08; 0.87449
2.09; 0.875511
2.1; 0.876528
2.11; 0.877541
2.12; 0.87855
2.13; 0.879555
2.14; 0.880556
2.15; 0.881553
2.16; 0.882547
2.17; 0.883536
2.18; 0.884521
2.19; 0.885503
2.2; 0.88648
2.21; 0.887454
2.22; 0.888424
2.23; 0.88939
2.24; 0.890353
2.25; 0.891312
2.26; 0.892267
2.27; 0.893218
2.28; 0.894166
2.29; 0.89511
2.3; 0.89605
2.31; 0.896987
2.32; 0.89792
2.33; 0.898849
2.34; 0.899775
2.35; 0.900698
2.36; 0.901617
2.37; 0.902532
2.38; 0.903444
2.39; 0.904352
2.4; 0.905257
2.41; 0.906159
2.42; 0.907057
2.43; 0.907951
2.44; 0.908842
2.45; 0.90973
2.46; 0.910615
2.47; 0.911496
2.48; 0.912373
2.49; 0.913248
2.5; 0.914119
2.51; 0.914986
2.52; 0.915851
2.53; 0.916712
2.54; 0.91757
2.55; 0.918424
2.56; 0.919276
2.57; 0.920124
2.58; 0.920969
2.59; 0.92181
2.6; 0.922649
2.61; 0.923484
2.62; 0.924316
2.63; 0.925145
2.64; 0.925971
2.65; 0.926794
2.66; 0.927614
2.67; 0.92843
2.68; 0.929243
2.69; 0.930054
2.7; 0.930861
2.71; 0.931665
2.72; 0.932466
2.73; 0.933264
2.74; 0.934059
2.75; 0.934851
2.76; 0.93564
2.77; 0.936426
2.78; 0.937209
2.79; 0.937989
2.8; 0.938766
2.81; 0.93954
2.82; 0.940311
2.83; 0.941079
2.84; 0.941844
2.85; 0.942606
2.86; 0.943366
2.87; 0.944122
2.88; 0.944875
2.89; 0.945626
2.9; 0.946374
2.91; 0.947119
2.92; 0.94786
2.93; 0.9486
2.94; 0.949336
2.95; 0.950069
2.96; 0.9508
2.97; 0.951527
2.98; 0.952252
2.99; 0.952974
3; 0.953694
3.01; 0.95441
3.02; 0.955124
3.03; 0.955835
3.04; 0.956543
3.05; 0.957248
3.06; 0.957951
3.07; 0.958651
3.08; 0.959348
3.09; 0.960042
3.1; 0.960734
3.11; 0.961423
3.12; 0.962109
3.13; 0.962793
3.14; 0.963474
3.15; 0.964152
3.16; 0.964827
3.17; 0.9655
3.18; 0.96617
3.19; 0.966837
3.2; 0.967502
3.21; 0.968164
3.22; 0.968824
3.23; 0.969481
3.24; 0.970135
3.25; 0.970786
3.26; 0.971435
3.27; 0.972082
3.28; 0.972725
3.29; 0.973367
3.3; 0.974005
3.31; 0.974641
3.32; 0.975274
3.33; 0.975905
3.34; 0.976533
3.35; 0.977159
3.36; 0.977782
3.37; 0.978403
3.38; 0.979021
3.39; 0.979636
3.4; 0.980249
3.41; 0.980859
3.42; 0.981467
3.43; 0.982073
3.44; 0.982675
3.45; 0.983276
3.46; 0.983874
3.47; 0.984469
3.48; 0.985062
3.49; 0.985652
3.5; 0.98624
3.51; 0.986825
3.52; 0.987408
3.53; 0.987989
3.54; 0.988567
3.55; 0.989143
3.56; 0.989716
3.57; 0.990286
3.58; 0.990855
3.59; 0.99142
3.6; 0.991984
3.61; 0.992545
3.62; 0.993103
3.63; 0.99366
3.64; 0.994213
3.65; 0.994765
3.66; 0.995314
3.67; 0.99586
3.68; 0.996404
3.69; 0.996946
3.7; 0.997486
3.71; 0.998023
3.72; 0.998557
3.73; 0.99909
3.74; 0.99962
3.75; 1.00015
3.76; 1.00067
3.77; 1.0012
3.78; 1.00172
3.79; 1.00223
3.8; 1.00275
3.81; 1.00326
3.82; 1.00378
3.83; 1.00428
3.84; 1.00479
3.85; 1.0053
3.86; 1.0058
3.87; 1.0063
3.88; 1.0068
3.89; 1.00729
3.9; 1.00778
3.91; 1.00827
3.92; 1.00876
3.93; 1.00925
3.94; 1.00973
3.95; 1.01021
3.96; 1.01069
3.97; 1.01117
3.98; 1.01165
3.99; 1.01212
4; 1.01259
4.01; 1.01306
4.02; 1.01352
4.03; 1.01399
4.04; 1.01445
4.05; 1.01491
4.06; 1.01537
4.07; 1.01582
4.08; 1.01627
4.09; 1.01672
4.1; 1.01717
4.11; 1.01762
4.12; 1.01806
4.13; 1.0185
4.14; 1.01894
4.15; 1.01938
4.16; 1.01982
4.17; 1.02025
4.18; 1.02068
4.19; 1.02111
4.2; 1.02154
4.21; 1.02196
4.22; 1.02238
4.23; 1.0228
4.24; 1.02322
4.25; 1.02364
4.26; 1.02405
4.27; 1.02446
4.28; 1.02487
4.29; 1.02528
4.3; 1.02569
4.31; 1.02609
4.32; 1.02649
4.33; 1.02689
4.34; 1.02729
4.35; 1.02768
4.36; 1.02808
4.37; 1.02847
4.38; 1.02886
4.39; 1.02924
4.4; 1.02963
4.41; 1.03001
4.42; 1.03039
4.43; 1.03077
4.44; 1.03114
4.45; 1.03152
4.46; 1.03189
4.47; 1.03226
4.48; 1.03263
4.49; 1.033
4.5; 1.03336
4.51; 1.03372
4.52; 1.03408
4.53; 1.03444
4.54; 1.0348
4.55; 1.03515
4.56; 1.0355
4.57; 1.03585
4.58; 1.0362
4.59; 1.03655
4.6; 1.03689
4.61; 1.03723
4.62; 1.03757
4.63; 1.03791
4.64; 1.03825
4.65; 1.03858
4.66; 1.03892
4.67; 1.03925
4.68; 1.03957
4.69; 1.0399
4.7; 1.04023
4.71; 1.04055
4.72; 1.04087
4.73; 1.04119
4.74; 1.0415
4.75; 1.04182
4.76; 1.04213
4.77; 1.04244
4.78; 1.04275
4.79; 1.04306
4.8; 1.04336
4.81; 1.04367
4.82; 1.04397
4.83; 1.04427
4.84; 1.04457
4.85; 1.04486
4.86; 1.04516
4.87; 1.04545
4.88; 1.04574
4.89; 1.04603
4.9; 1.04631
4.91; 1.0466
4.92; 1.04688
4.93; 1.04716
4.94; 1.04744
4.95; 1.04772
4.96; 1.04799
4.97; 1.04827
4.98; 1.04854
4.99; 1.04881
5; 1.04907
5.01; 1.04934
5.02; 1.0496
5.03; 1.04987
5.04; 1.05013
5.05; 1.05039
5.06; 1.05064
5.07; 1.0509
5.08; 1.05115
5.09; 1.0514
5.1; 1.05165
5.11; 1.0519
5.12; 1.05215
5.13; 1.05239
5.14; 1.05263
5.15; 1.05287
5.16; 1.05311
5.17; 1.05335
5.18; 1.05358
5.19; 1.05382
5.2; 1.05405
5.21; 1.05428
5.22; 1.05451
5.23; 1.05473
5.24; 1.05496
5.25; 1.05518
5.26; 1.0554
5.27; 1.05562
5.28; 1.05584
5.29; 1.05605
5.3; 1.05627
5.31; 1.05648
5.32; 1.05669
5.33; 1.0569
5.34; 1.05711
5.35; 1.05731
5.36; 1.05752
5.37; 1.05772
5.38; 1.05792
5.39; 1.05812
5.4; 1.05832
5.41; 1.05851
5.42; 1.05871
5.43; 1.0589
5.44; 1.05909
5.45; 1.05928
5.46; 1.05946
5.47; 1.05965
5.48; 1.05983
5.49; 1.06001
5.5; 1.06019
5.51; 1.06037
5.52; 1.06055
5.53; 1.06072
5.54; 1.0609
5.55; 1.06107
5.56; 1.06124
5.57; 1.06141
5.58; 1.06158
5.59; 1.06174
5.6; 1.0619
5.61; 1.06207
5.62; 1.06223
5.63; 1.06239
5.64; 1.06254
5.65; 1.0627
5.66; 1.06285
5.67; 1.063
5.68; 1.06316
5.69; 1.0633
5.7; 1.06345
5.71; 1.0636
5.72; 1.06374
5.73; 1.06388
5.74; 1.06403
5.75; 1.06417
5.76; 1.0643
5.77; 1.06444
5.78; 1.06457
5.79; 1.06471
5.8; 1.06484
5.81; 1.06497
5.82; 1.0651
5.83; 1.06522
5.84; 1.06535
5.85; 1.06547
5.86; 1.0656
5.87; 1.06572
5.88; 1.06584
5.89; 1.06595
5.9; 1.06607
5.91; 1.06618
5.92; 1.0663
5.93; 1.06641
5.94; 1.06652
5.95; 1.06663
5.96; 1.06673
5.97; 1.06684
5.98; 1.06694
5.99; 1.06705
6; 1.06715
6.01; 1.06725
6.02; 1.06734
6.03; 1.06744
6.04; 1.06753
6.05; 1.06763
6.06; 1.06772
6.07; 1.06781
6.08; 1.0679
6.09; 1.06799
6.1; 1.06807
6.11; 1.06816
6.12; 1.06824
6.13; 1.06832
6.14; 1.0684
6.15; 1.06848
6.16; 1.06856
6.17; 1.06863
6.18; 1.06871
6.19; 1.06878
6.2; 1.06885
6.21; 1.06892
6.22; 1.06899
6.23; 1.06905
6.24; 1.06912
6.25; 1.06918
6.26; 1.06925
6.27; 1.06931
6.28; 1.06937
6.29; 1.06943
6.3; 1.06948
6.31; 1.06954
6.32; 1.06959
6.33; 1.06964
6.34; 1.0697
6.35; 1.06975
6.36; 1.06979
6.37; 1.06984
6.38; 1.06989
6.39; 1.06993
6.4; 1.06997
6.41; 1.07002
6.42; 1.07006
6.43; 1.07009
6.44; 1.07013
6.45; 1.07017
6.46; 1.0702
6.47; 1.07023
6.48; 1.07027
6.49; 1.0703
6.5; 1.07033
6.51; 1.07035
6.52; 1.07038
6.53; 1.07041
6.54; 1.07043
6.55; 1.07045
6.56; 1.07047
6.57; 1.07049
6.58; 1.07051
6.59; 1.07053
6.6; 1.07054
6.61; 1.07056
6.62; 1.07057
6.63; 1.07058
6.64; 1.07059
6.65; 1.0706
6.66; 1.07061
6.67; 1.07061
6.68; 1.07062
6.69; 1.07062
6.7; 1.07063
6.71; 1.07063
6.72; 1.07063
6.73; 1.07062
6.74; 1.07062
6.75; 1.07062
6.76; 1.07061
6.77; 1.07061
6.78; 1.0706
6.79; 1.07059
6.8; 1.07058
6.81; 1.07057
6.82; 1.07055
6.83; 1.07054
6.84; 1.07052
6.85; 1.07051
6.86; 1.07049
6.87; 1.07047
6.88; 1.07045
6.89; 1.07043
6.9; 1.0704
6.91; 1.07038
6.92; 1.07035
6.93; 1.07033
6.94; 1.0703
6.95; 1.07027
6.96; 1.07024
6.97; 1.07021
6.98; 1.07017
6.99; 1.07014
7; 1.0701
7.01; 1.07007
7.02; 1.07003
7.03; 1.06999
7.04; 1.06995
7.05; 1.06991
7.06; 1.06986
7.07; 1.06982
7.08; 1.06977
7.09; 1.06973
7.1; 1.06968
7.11; 1.06963
7.12; 1.06958
7.13; 1.06953
7.14; 1.06948
7.15; 1.06942
7.16; 1.06937
7.17; 1.06931
7.18; 1.06926
7.19; 1.0692
7.2; 1.06914
7.21; 1.06908
7.22; 1.06902
7.23; 1.06895
7.24; 1.06889
7.25; 1.06882
7.26; 1.06876
7.27; 1.06869
7.28; 1.06862
7.29; 1.06855
7.3; 1.06848
7.31; 1.06841
7.32; 1.06833
7.33; 1.06826
7.34; 1.06818
7.35; 1.06811
7.36; 1.06803
7.37; 1.06795
7.38; 1.06787
7.39; 1.06779
7.4; 1.06771
7.41; 1.06762
7.42; 1.06754
7.43; 1.06745
7.44; 1.06736
7.45; 1.06728
7.46; 1.06719
7.47; 1.0671
7.48; 1.06701
7.49; 1.06691
7.5; 1.06682
7.51; 1.06673
7.52; 1.06663
7.53; 1.06653
7.54; 1.06643
7.55; 1.06634
7.56; 1.06624
7.57; 1.06613
7.58; 1.06603
7.59; 1.06593
7.6; 1.06582
7.61; 1.06572
7.62; 1.06561
7.63; 1.06551
7.64; 1.0654
7.65; 1.06529
7.66; 1.06518
7.67; 1.06506
7.68; 1.06495
7.69; 1.06484
7.7; 1.06472
7.71; 1.06461
7.72; 1.06449
7.73; 1.06437
7.74; 1.06425
7.75; 1.06413
7.76; 1.06401
7.77; 1.06389
7.78; 1.06377
7.79; 1.06364
7.8; 1.06352
7.81; 1.06339
7.82; 1.06326
7.83; 1.06313
7.84; 1.063
7.85; 1.06287
7.86; 1.06274
7.87; 1.06261
7.88; 1.06248
7.89; 1.06234
7.9; 1.06221
7.91; 1.06207
7.92; 1.06193
7.93; 1.06179
7.94; 1.06165
7.95; 1.06151
7.96; 1.06137
7.97; 1.06123
7.98; 1.06109
7.99; 1.06094
8; 1.0608
8.01; 1.06065
8.02; 1.0605
8.03; 1.06036
8.04; 1.06021
8.05; 1.06006
8.06; 1.0599
8.07; 1.05975
8.08; 1.0596
8.09; 1.05945
8.1; 1.05929
8.11; 1.05913
8.12; 1.05898
8.13; 1.05882
8.14; 1.05866
8.15; 1.0585
8.16; 1.05834
8.17; 1.05818
8.18; 1.05802
8.19; 1.05785
8.2; 1.05769
8.21; 1.05752
8.22; 1.05736
8.23; 1.05719
8.24; 1.05702
8.25; 1.05685
8.26; 1.05668
8.27; 1.05651
8.28; 1.05634
8.29; 1.05617
8.3; 1.05599
8.31; 1.05582
8.32; 1.05564
8.33; 1.05547
8.34; 1.05529
8.35; 1.05511
8.36; 1.05493
8.37; 1.05475
8.38; 1.05457
8.39; 1.05439
8.4; 1.05421
8.41; 1.05402
8.42; 1.05384
8.43; 1.05365
8.44; 1.05347
8.45; 1.05328
8.46; 1.05309
8.47; 1.0529
8.48; 1.05271
8.49; 1.05252
8.5; 1.05233
8.51; 1.05214
8.52; 1.05195
8.53; 1.05175
8.54; 1.05156
8.55; 1.05136
8.56; 1.05116
8.57; 1.05097
8.58; 1.05077
8.59; 1.05057
8.6; 1.05037
8.61; 1.05017
8.62; 1.04997
8.63; 1.04976
8.64; 1.04956
8.65; 1.04936
8.66; 1.04915
8.67; 1.04894
8.68; 1.04874
8.69; 1.04853
8.7; 1.04832
8.71; 1.04811
8.72; 1.0479
8.73; 1.04769
8.74; 1.04748
8.75; 1.04727
8.76; 1.04705
8.77; 1.04684
8.78; 1.04663
8.79; 1.04641
8.8; 1.04619
8.81; 1.04598
8.82; 1.04576
8.83; 1.04554
8.84; 1.04532
8.85; 1.0451
8.86; 1.04488
8.87; 1.04465
8.88; 1.04443
8.89; 1.04421
8.9; 1.04398
8.91; 1.04376
8.92; 1.04353
8.93; 1.04331
8.94; 1.04308
8.95; 1.04285
8.96; 1.04262
8.97; 1.04239
8.98; 1.04216
8.99; 1.04193
9; 1.0417
9.01; 1.04146
9.02; 1.04123
9.03; 1.04099
9.04; 1.04076
9.05; 1.04052
9.06; 1.04029
9.07; 1.04005
9.08; 1.03981
9.09; 1.03957
9.1; 1.03933
9.11; 1.03909
9.12; 1.03885
9.13; 1.03861
9.14; 1.03836
9.15; 1.03812
9.16; 1.03788
9.17; 1.03763
9.18; 1.03739
9.19; 1.03714
9.2; 1.03689
9.21; 1.03664
9.22; 1.0364
9.23; 1.03615
9.24; 1.0359
9.25; 1.03565
9.26; 1.03539
9.27; 1.03514
9.28; 1.03489
9.29; 1.03463
9.3; 1.03438
9.31; 1.03413
9.32; 1.03387
9.33; 1.03361
9.34; 1.03336
9.35; 1.0331
9.36; 1.03284
9.37; 1.03258
9.38; 1.03232
9.39; 1.03206
9.4; 1.0318
9.41; 1.03154
9.42; 1.03127
9.43; 1.03101
9.44; 1.03075
9.45; 1.03048
9.46; 1.03021
9.47; 1.02995
9.48; 1.02968
9.49; 1.02941
9.5; 1.02915
9.51; 1.02888
9.52; 1.02861
9.53; 1.02834
9.54; 1.02807
9.55; 1.0278
9.56; 1.02752
9.57; 1.02725
9.58; 1.02698
9.59; 1.0267
9.6; 1.02643
9.61; 1.02615
9.62; 1.02588
9.63; 1.0256
9.64; 1.02532
9.65; 1.02504
9.66; 1.02476
9.67; 1.02449
9.68; 1.02421
9.69; 1.02392
9.7; 1.02364
9.71; 1.02336
9.72; 1.02308
9.73; 1.0228
9.74; 1.02251
9.75; 1.02223
9.76; 1.02194
9.77; 1.02166
9.78; 1.02137
9.79; 1.02108
9.8; 1.0208
9.81; 1.02051
9.82; 1.02022
9.83; 1.01993
9.84; 1.01964
9.85; 1.01935
9.86; 1.01906
9.87; 1.01877
9.88; 1.01847
9.89; 1.01818
9.9; 1.01789
9.91; 1.01759
9.92; 1.0173
9.93; 1.017
9.94; 1.0167
9.95; 1.01641
9.96; 1.01611
9.97; 1.01581
9.98; 1.01551
9.99; 1.01522
10; 1.01492
10.01; 1.01462
10.02; 1.01431
10.03; 1.01401
10.04; 1.01371
10.05; 1.01341
10.06; 1.01311
10.07; 1.0128
10.08; 1.0125
10.09; 1.01219
10.1; 1.01189
10.11; 1.01158
10.12; 1.01127
10.13; 1.01097
10.14; 1.01066
10.15; 1.01035
10.16; 1.01004
10.17; 1.00973
10.18; 1.00942
10.19; 1.00911
10.2; 1.0088
10.21; 1.00849
10.22; 1.00818
10.23; 1.00787
10.24; 1.00755
10.25; 1.00724
10.26; 1.00692
10.27; 1.00661
10.28; 1.00629
10.29; 1.00598
10.3; 1.00566
10.31; 1.00534
10.32; 1.00503
10.33; 1.00471
10.34; 1.00439
10.35; 1.00407
10.36; 1.00375
10.37; 1.00343
10.38; 1.00311
10.39; 1.00279
10.4; 1.00247
10.41; 1.00214
10.42; 1.00182
10.43; 1.0015
10.44; 1.00117
10.45; 1.00085
10.46; 1.00052
10.47; 1.0002
10.48; 0.999874
10.49; 0.999547
10.5; 0.99922
10.51; 0.998893
10.52; 0.998565
10.53; 0.998236
10.54; 0.997907
10.55; 0.997578
10.56; 0.997248
10.57; 0.996917
10.58; 0.996586
10.59; 0.996255
10.6; 0.995923
10.61; 0.99559
10.62; 0.995257
10.63; 0.994924
10.64; 0.99459
10.65; 0.994256
10.66; 0.993921
10.67; 0.993585
10.68; 0.99325
10.69; 0.992913
10.7; 0.992576
10.71; 0.992239
10.72; 0.991901
10.73; 0.991563
10.74; 0.991224
10.75; 0.990885
10.76; 0.990546
10.77; 0.990205
10.78; 0.989865
10.79; 0.989524
10.8; 0.989182
10.81; 0.98884
10.82; 0.988498
10.83; 0.988155
10.84; 0.987812
10.85; 0.987468
10.86; 0.987124
10.87; 0.986779
10.88; 0.986434
10.89; 0.986088
10.9; 0.985742
10.91; 0.985395
10.92; 0.985048
10.93; 0.984701
10.94; 0.984353
10.95; 0.984005
10.96; 0.983656
10.97; 0.983307
10.98; 0.982957
10.99; 0.982607
11; 0.982257
11.01; 0.981906
11.02; 0.981554
11.03; 0.981203
11.04; 0.98085
11.05; 0.980498
11.06; 0.980145
11.07; 0.979791
11.08; 0.979437
11.09; 0.979083
11.1; 0.978728
11.11; 0.978373
11.12; 0.978017
11.13; 0.977661
11.14; 0.977305
11.15; 0.976948
11.16; 0.976591
11.17; 0.976233
11.18; 0.975875
11.19; 0.975516
11.2; 0.975158
11.21; 0.974798
11.22; 0.974439
11.23; 0.974078
11.24; 0.973718
11.25; 0.973357
11.26; 0.972996
11.27; 0.972634
11.28; 0.972272
11.29; 0.971909
11.3; 0.971546
11.31; 0.971183
11.32; 0.970819
11.33; 0.970455
11.34; 0.970091
11.35; 0.969726
11.36; 0.969361
11.37; 0.968995
11.38; 0.968629
11.39; 0.968262
11.4; 0.967896
11.41; 0.967528
11.42; 0.967161
11.43; 0.966793
11.44; 0.966425
11.45; 0.966056
11.46; 0.965687
11.47; 0.965317
11.48; 0.964948
11.49; 0.964577
11.5; 0.964207
11.51; 0.963836
11.52; 0.963465
11.53; 0.963093
11.54; 0.962721
11.55; 0.962349
11.56; 0.961976
11.57; 0.961603
11.58; 0.961229
11.59; 0.960856
11.6; 0.960481
11.61; 0.960107
11.62; 0.959732
11.63; 0.959357
11.64; 0.958981
11.65; 0.958605
11.66; 0.958229
11.67; 0.957852
11.68; 0.957475
11.69; 0.957098
11.7; 0.95672
11.71; 0.956342
11.72; 0.955964
11.73; 0.955585
11.74; 0.955206
11.75; 0.954827
11.76; 0.954447
11.77; 0.954067
11.78; 0.953687
11.79; 0.953306
11.8; 0.952925
11.81; 0.952544
11.82; 0.952162
11.83; 0.95178
11.84; 0.951398
11.85; 0.951015
11.86; 0.950632
11.87; 0.950249
11.88; 0.949865
11.89; 0.949481
11.9; 0.949097
11.91; 0.948712
11.92; 0.948327
11.93; 0.947942
11.94; 0.947556
11.95; 0.94717
11.96; 0.946784
11.97; 0.946398
11.98; 0.946011
11.99; 0.945624
12; 0.945236
12.01; 0.944849
12.02; 0.94446
12.03; 0.944072
12.04; 0.943683
12.05; 0.943295
12.06; 0.942905
12.07; 0.942516
12.08; 0.942126
12.09; 0.941736
12.1; 0.941345
12.11; 0.940954
12.12; 0.940563
12.13; 0.940172
12.14; 0.93978
12.15; 0.939389
12.16; 0.938996
12.17; 0.938604
12.18; 0.938211
12.19; 0.937818
12.2; 0.937425
12.21; 0.937031
12.22; 0.936637
12.23; 0.936243
12.24; 0.935848
12.25; 0.935453
12.26; 0.935058
12.27; 0.934663
12.28; 0.934267
12.29; 0.933872
12.3; 0.933475
12.31; 0.933079
12.32; 0.932682
12.33; 0.932285
12.34; 0.931888
12.35; 0.931491
12.36; 0.931093
12.37; 0.930695
12.38; 0.930296
12.39; 0.929898
12.4; 0.929499
12.41; 0.9291
12.42; 0.9287
12.43; 0.928301
12.44; 0.927901
12.45; 0.927501
12.46; 0.9271
12.47; 0.9267
12.48; 0.926299
12.49; 0.925898
12.5; 0.925496
12.51; 0.925094
12.52; 0.924693
12.53; 0.92429
12.54; 0.923888
12.55; 0.923485
12.56; 0.923082
12.57; 0.922679
12.58; 0.922276
12.59; 0.921872
12.6; 0.921468
12.61; 0.921064
12.62; 0.92066
12.63; 0.920255
12.64; 0.91985
12.65; 0.919445
12.66; 0.91904
12.67; 0.918634
12.68; 0.918228
12.69; 0.917822
12.7; 0.917416
12.71; 0.91701
12.72; 0.916603
12.73; 0.916196
12.74; 0.915789
12.75; 0.915381
12.76; 0.914974
12.77; 0.914566
12.78; 0.914158
12.79; 0.913749
12.8; 0.913341
12.81; 0.912932
12.82; 0.912523
12.83; 0.912114
12.84; 0.911704
12.85; 0.911295
12.86; 0.910885
12.87; 0.910475
12.88; 0.910064
12.89; 0.909654
12.9; 0.909243
12.91; 0.908832
12.92; 0.908421
12.93; 0.90801
12.94; 0.907598
12.95; 0.907186
12.96; 0.906774
12.97; 0.906362
12.98; 0.90595
12.99; 0.905537
13; 0.905125
13.01; 0.904712
13.02; 0.904298
13.03; 0.903885
13.04; 0.903471
13.05; 0.903058
13.06; 0.902644
13.07; 0.902229
13.08; 0.901815
13.09; 0.9014
13.1; 0.900986
13.11; 0.900571
13.12; 0.900156
13.13; 0.89974
13.14; 0.899325
13.15; 0.898909
13.16; 0.898493
13.17; 0.898077
13.18; 0.897661
13.19; 0.897244
13.2; 0.896828
13.21; 0.896411
13.22; 0.895994
13.23; 0.895577
13.24; 0.895159
13.25; 0.894742
13.26; 0.894324
13.27; 0.893906
13.28; 0.893488
13.29; 0.89307
13.3; 0.892651
13.31; 0.892232
13.32; 0.891814
13.33; 0.891395
13.34; 0.890976
13.35; 0.890556
13.36; 0.890137
13.37; 0.889717
13.38; 0.889297
13.39; 0.888877
13.4; 0.888457
13.41; 0.888037
13.42; 0.887616
13.43; 0.887196
13.44; 0.886775
13.45; 0.886354
13.46; 0.885933
13.47; 0.885512
13.48; 0.88509
13.49; 0.884669
13.5; 0.884247
13.51; 0.883825
13.52; 0.883403
13.53; 0.882981
13.54; 0.882558
13.55; 0.882136
13.56; 0.881713
13.57; 0.88129
13.58; 0.880867
13.59; 0.880444
13.6; 0.880021
13.61; 0.879597
13.62; 0.879174
13.63; 0.87875
13.64; 0.878326
13.65; 0.877902
13.66; 0.877478
13.67; 0.877054
13.68; 0.876629
13.69; 0.876205
13.7; 0.87578
13.71; 0.875355
13.72; 0.87493
13.73; 0.874505
13.74; 0.87408
13.75; 0.873654
13.76; 0.873229
13.77; 0.872803
13.78; 0.872377
13.79; 0.871951
13.8; 0.871525
13.81; 0.871099
13.82; 0.870673
13.83; 0.870246
13.84; 0.869819
13.85; 0.869393
13.86; 0.868966
13.87; 0.868539
13.88; 0.868112
13.89; 0.867685
13.9; 0.867257
13.91; 0.86683
13.92; 0.866402
13.93; 0.865974
13.94; 0.865546
13.95; 0.865119
13.96; 0.86469
13.97; 0.864262
13.98; 0.863834
13.99; 0.863405
14; 0.862977
14.01; 0.862548
14.02; 0.862119
14.03; 0.861691
14.04; 0.861262
14.05; 0.860832
14.06; 0.860403
14.07; 0.859974
14.08; 0.859544
14.09; 0.859115
14.1; 0.858685
14.11; 0.858255
14.12; 0.857825
14.13; 0.857395
14.14; 0.856965
14.15; 0.856535
14.16; 0.856105
14.17; 0.855674
14.18; 0.855244
14.19; 0.854813
14.2; 0.854383
14.21; 0.853952
14.22; 0.853521
14.23; 0.85309
14.24; 0.852659
14.25; 0.852228
14.26; 0.851796
14.27; 0.851365
14.28; 0.850933
14.29; 0.850502
14.3; 0.85007
14.31; 0.849638
14.32; 0.849206
14.33; 0.848774
14.34; 0.848342
14.35; 0.84791
14.36; 0.847478
14.37; 0.847046
14.38; 0.846613
14.39; 0.846181
14.4; 0.845748
14.41; 0.845316
14.42; 0.844883
14.43; 0.84445
14.44; 0.844017
14.45; 0.843584
14.46; 0.843151
14.47; 0.842718
14.48; 0.842285
14.49; 0.841851
14.5; 0.841418
14.51; 0.840984
14.52; 0.840551
14.53; 0.840117
14.54; 0.839684
14.55; 0.83925
14.56; 0.838816
14.57; 0.838382
14.58; 0.837948
14.59; 0.837514
14.6; 0.83708
14.61; 0.836646
14.62; 0.836211
14.63; 0.835777
14.64; 0.835343
14.65; 0.834908
14.66; 0.834474
14.67; 0.834039
14.68; 0.833604
14.69; 0.833169
14.7; 0.832735
14.71; 0.8323
14.72; 0.831865
14.73; 0.83143
14.74; 0.830995
14.75; 0.83056
14.76; 0.830124
14.77; 0.829689
14.78; 0.829254
14.79; 0.828818
14.8; 0.828383
14.81; 0.827948
14.82; 0.827512
14.83; 0.827076
14.84; 0.826641
14.85; 0.826205
14.86; 0.825769
14.87; 0.825333
14.88; 0.824898
14.89; 0.824462
14.9; 0.824026
14.91; 0.82359
14.92; 0.823154
14.93; 0.822717
14.94; 0.822281
14.95; 0.821845
14.96; 0.821409
14.97; 0.820972
14.98; 0.820536
14.99; 0.8201
15; 0.819663
15.01; 0.819227
15.02; 0.81879
15.03; 0.818354
15.04; 0.817917
15.05; 0.81748
15.06; 0.817044
15.07; 0.816607
15.08; 0.81617
15.09; 0.815733
15.1; 0.815296
15.11; 0.814859
15.12; 0.814423
15.13; 0.813986
15.14; 0.813549
15.15; 0.813111
15.16; 0.812674
15.17; 0.812237
15.18; 0.8118
15.19; 0.811363
15.2; 0.810926
15.21; 0.810488
15.22; 0.810051
15.23; 0.809614
15.24; 0.809177
15.25; 0.808739
15.26; 0.808302
15.27; 0.807864
15.28; 0.807427
15.29; 0.806989
15.3; 0.806552
15.31; 0.806114
15.32; 0.805677
15.33; 0.805239
15.34; 0.804802
15.35; 0.804364
15.36; 0.803926
15.37; 0.803489
15.38; 0.803051
15.39; 0.802613
15.4; 0.802175
15.41; 0.801738
15.42; 0.8013
15.43; 0.800862
15.44; 0.800424
15.45; 0.799986
15.46; 0.799549
15.47; 0.799111
15.48; 0.798673
15.49; 0.798235
15.5; 0.797797
15.51; 0.797359
15.52; 0.796921
15.53; 0.796483
15.54; 0.796045
15.55; 0.795607
15.56; 0.795169
15.57; 0.794731
15.58; 0.794293
15.59; 0.793855
15.6; 0.793417
15.61; 0.792979
15.62; 0.792541
15.63; 0.792103
15.64; 0.791665
15.65; 0.791227
15.66; 0.790789
15.67; 0.790351
15.68; 0.789913
15.69; 0.789474
15.7; 0.789036
15.71; 0.788598
15.72; 0.78816
15.73; 0.787722
15.74; 0.787284
15.75; 0.786846
15.76; 0.786408
15.77; 0.78597
15.78; 0.785532
15.79; 0.785093
15.8; 0.784655
15.81; 0.784217
15.82; 0.783779
15.83; 0.783341
15.84; 0.782903
15.85; 0.782465
15.86; 0.782027
15.87; 0.781589
15.88; 0.781151
15.89; 0.780713
15.9; 0.780275
15.91; 0.779837
15.92; 0.779398
15.93; 0.77896
15.94; 0.778522
15.95; 0.778084
15.96; 0.777646
15.97; 0.777208
15.98; 0.77677
15.99; 0.776333
16; 0.775895
16.01; 0.775457
16.02; 0.775019
16.03; 0.774581
16.04; 0.774143
16.05; 0.773705
16.06; 0.773267
16.07; 0.772829
16.08; 0.772391
16.09; 0.771954
16.1; 0.771516
16.11; 0.771078
16.12; 0.77064
16.13; 0.770203
16.14; 0.769765
16.15; 0.769327
16.16; 0.768889
16.17; 0.768452
16.18; 0.768014
16.19; 0.767577
16.2; 0.767139
16.21; 0.766701
16.22; 0.766264
16.23; 0.765826
16.24; 0.765389
16.25; 0.764951
16.26; 0.764514
16.27; 0.764076
16.28; 0.763639
16.29; 0.763202
16.3; 0.762764
16.31; 0.762327
16.32; 0.76189
16.33; 0.761453
16.34; 0.761015
16.35; 0.760578
16.36; 0.760141
16.37; 0.759704
16.38; 0.759267
16.39; 0.75883
16.4; 0.758393
16.41; 0.757956
16.42; 0.757519
16.43; 0.757082
16.44; 0.756645
16.45; 0.756208
16.46; 0.755771
16.47; 0.755334
16.48; 0.754897
16.49; 0.754461
16.5; 0.754024
16.51; 0.753587
16.52; 0.753151
16.53; 0.752714
16.54; 0.752278
16.55; 0.751841
16.56; 0.751405
16.57; 0.750968
16.58; 0.750532
16.59; 0.750095
16.6; 0.749659
16.61; 0.749223
16.62; 0.748787
16.63; 0.748351
16.64; 0.747914
16.65; 0.747478
16.66; 0.747042
16.67; 0.746606
16.68; 0.74617
16.69; 0.745734
16.7; 0.745298
16.71; 0.744863
16.72; 0.744427
16.73; 0.743991
16.74; 0.743556
16.75; 0.74312
16.76; 0.742684
16.77; 0.742249
16.78; 0.741813
16.79; 0.741378
16.8; 0.740942
16.81; 0.740507
16.82; 0.740072
16.83; 0.739637
16.84; 0.739201
16.85; 0.738766
16.86; 0.738331
16.87; 0.737896
16.88; 0.737461
16.89; 0.737026
16.9; 0.736591
16.91; 0.736157
16.92; 0.735722
16.93; 0.735287
16.94; 0.734853
16.95; 0.734418
16.96; 0.733983
16.97; 0.733549
16.98; 0.733115
16.99; 0.73268
17; 0.732246
17.01; 0.731812
17.02; 0.731377
17.03; 0.730943
17.04; 0.730509
17.05; 0.730075
17.06; 0.729641
17.07; 0.729207
17.08; 0.728774
17.09; 0.72834
17.1; 0.727906
17.11; 0.727473
17.12; 0.727039
17.13; 0.726606
17.14; 0.726172
17.15; 0.725739
17.16; 0.725305
17.17; 0.724872
17.18; 0.724439
17.19; 0.724006
17.2; 0.723573
17.21; 0.72314
17.22; 0.722707
17.23; 0.722274
17.24; 0.721841
17.25; 0.721409
17.26; 0.720976
17.27; 0.720543
17.28; 0.720111
17.29; 0.719679
17.3; 0.719246
17.31; 0.718814
17.32; 0.718382
17.33; 0.717949
17.34; 0.717517
17.35; 0.717085
17.36; 0.716653
17.37; 0.716222
17.38; 0.71579
17.39; 0.715358
17.4; 0.714926
17.41; 0.714495
17.42; 0.714063
17.43; 0.713632
17.44; 0.713201
17.45; 0.712769
17.46; 0.712338
17.47; 0.711907
17.48; 0.711476
17.49; 0.711045
17.5; 0.710614
17.51; 0.710183
17.52; 0.709753
17.53; 0.709322
17.54; 0.708892
17.55; 0.708461
17.56; 0.708031
17.57; 0.7076
17.58; 0.70717
17.59; 0.70674
17.6; 0.70631
17.61; 0.70588
17.62; 0.70545
17.63; 0.70502
17.64; 0.70459
17.65; 0.704161
17.66; 0.703731
17.67; 0.703302
17.68; 0.702872
17.69; 0.702443
17.7; 0.702014
17.71; 0.701584
17.72; 0.701155
17.73; 0.700726
17.74; 0.700297
17.75; 0.699869
17.76; 0.69944
17.77; 0.699011
17.78; 0.698583
17.79; 0.698154
17.8; 0.697726
17.81; 0.697297
17.82; 0.696869
17.83; 0.696441
17.84; 0.696013
17.85; 0.695585
17.86; 0.695157
17.87; 0.69473
17.88; 0.694302
17.89; 0.693874
17.9; 0.693447
17.91; 0.693019
17.92; 0.692592
17.93; 0.692165
17.94; 0.691738
17.95; 0.691311
17.96; 0.690884
17.97; 0.690457
17.98; 0.69003
17.99; 0.689604
18; 0.689177
18.01; 0.688751
18.02; 0.688324
18.03; 0.687898
18.04; 0.687472
18.05; 0.687046
18.06; 0.68662
18.07; 0.686194
18.08; 0.685768
18.09; 0.685342
18.1; 0.684917
18.11; 0.684491
18.12; 0.684066
18.13; 0.683641
18.14; 0.683215
18.15; 0.68279
18.16; 0.682365
18.17; 0.68194
18.18; 0.681516
18.19; 0.681091
18.2; 0.680666
18.21; 0.680242
18.22; 0.679817
18.23; 0.679393
18.24; 0.678969
18.25; 0.678545
18.26; 0.678121
18.27; 0.677697
18.28; 0.677273
18.29; 0.676849
18.3; 0.676426
18.31; 0.676002
18.32; 0.675579
18.33; 0.675156
18.34; 0.674733
18.35; 0.674309
18.36; 0.673887
18.37; 0.673464
18.38; 0.673041
18.39; 0.672618
18.4; 0.672196
18.41; 0.671773
18.42; 0.671351
18.43; 0.670929
18.44; 0.670507
18.45; 0.670085
18.46; 0.669663
18.47; 0.669241
18.48; 0.668819
18.49; 0.668398
18.5; 0.667977
18.51; 0.667555
18.52; 0.667134
18.53; 0.666713
18.54; 0.666292
18.55; 0.665871
18.56; 0.66545
18.57; 0.665029
18.58; 0.664609
18.59; 0.664188
18.6; 0.663768
18.61; 0.663348
18.62; 0.662928
18.63; 0.662508
18.64; 0.662088
18.65; 0.661668
18.66; 0.661249
18.67; 0.660829
18.68; 0.66041
18.69; 0.65999
18.7; 0.659571
18.71; 0.659152
18.72; 0.658733
18.73; 0.658314
18.74; 0.657895
18.75; 0.657477
18.76; 0.657058
18.77; 0.65664
18.78; 0.656222
18.79; 0.655804
18.8; 0.655385
18.81; 0.654968
18.82; 0.65455
18.83; 0.654132
18.84; 0.653715
18.85; 0.653297
18.86; 0.65288
18.87; 0.652463
18.88; 0.652045
18.89; 0.651629
18.9; 0.651212
18.91; 0.650795
18.92; 0.650378
18.93; 0.649962
18.94; 0.649546
18.95; 0.649129
18.96; 0.648713
18.97; 0.648297
18.98; 0.647881
18.99; 0.647466
19; 0.64705
19.01; 0.646634
19.02; 0.646219
19.03; 0.645804
19.04; 0.645389
19.05; 0.644974
19.06; 0.644559
19.07; 0.644144
19.08; 0.643729
19.09; 0.643315
19.1; 0.6429
19.11; 0.642486
19.12; 0.642072
19.13; 0.641658
19.14; 0.641244
19.15; 0.64083
19.16; 0.640417
19.17; 0.640003
19.18; 0.63959
19.19; 0.639177
19.2; 0.638763
19.21; 0.63835
19.22; 0.637937
19.23; 0.637525
19.24; 0.637112
19.25; 0.6367
19.26; 0.636287
19.27; 0.635875
19.28; 0.635463
19.29; 0.635051
19.3; 0.634639
19.31; 0.634227
19.32; 0.633816
19.33; 0.633404
19.34; 0.632993
19.35; 0.632582
19.36; 0.632171
19.37; 0.63176
19.38; 0.631349
19.39; 0.630938
19.4; 0.630528
19.41; 0.630117
19.42; 0.629707
19.43; 0.629297
19.44; 0.628887
19.45; 0.628477
19.46; 0.628067
19.47; 0.627658
19.48; 0.627248
19.49; 0.626839
19.5; 0.62643
19.51; 0.626021
19.52; 0.625612
19.53; 0.625203
19.54; 0.624794
19.55; 0.624386
19.56; 0.623977
19.57; 0.623569
19.58; 0.623161
19.59; 0.622753
19.6; 0.622345
19.61; 0.621937
19.62; 0.62153
19.63; 0.621122
19.64; 0.620715
19.65; 0.620308
19.66; 0.619901
19.67; 0.619494
19.68; 0.619087
19.69; 0.61868
19.7; 0.618274
19.71; 0.617868
19.72; 0.617461
19.73; 0.617055
19.74; 0.616649
19.75; 0.616243
19.76; 0.615838
19.77; 0.615432
19.78; 0.615027
19.79; 0.614622
19.8; 0.614217
19.81; 0.613812
19.82; 0.613407
19.83; 0.613002
19.84; 0.612598
19.85; 0.612193
19.86; 0.611789
19.87; 0.611385
19.88; 0.610981
19.89; 0.610577
19.9; 0.610173
19.91; 0.60977
19.92; 0.609366
19.93; 0.608963
19.94; 0.60856
19.95; 0.608157
19.96; 0.607754
19.97; 0.607351
19.98; 0.606949
19.99; 0.606546
20; 0.606144
20.01; 0.605742
20.02; 0.60534
20.03; 0.604938
20.04; 0.604536
20.05; 0.604135
20.06; 0.603733
20.07; 0.603332
20.08; 0.602931
20.09; 0.60253
20.1; 0.602129
20.11; 0.601729
20.12; 0.601328
20.13; 0.600928
20.14; 0.600527
20.15; 0.600127
20.16; 0.599727
20.17; 0.599328
20.18; 0.598928
20.19; 0.598528
20.2; 0.598129
20.21; 0.59773
20.22; 0.597331
20.23; 0.596932
20.24; 0.596533
20.25; 0.596134
20.26; 0.595736
20.27; 0.595338
20.28; 0.594939
20.29; 0.594541
20.3; 0.594144
20.31; 0.593746
20.32; 0.593348
20.33; 0.592951
20.34; 0.592553
20.35; 0.592156
20.36; 0.591759
20.37; 0.591363
20.38; 0.590966
20.39; 0.590569
20.4; 0.590173
20.41; 0.589777
20.42; 0.589381
20.43; 0.588985
20.44; 0.588589
20.45; 0.588193
20.46; 0.587798
20.47; 0.587402
20.48; 0.587007
20.49; 0.586612
20.5; 0.586217
20.51; 0.585823
20.52; 0.585428
20.53; 0.585034
20.54; 0.584639
20.55; 0.584245
20.56; 0.583851
20.57; 0.583457
20.58; 0.583064
20.59; 0.58267
20.6; 0.582277
20.61; 0.581884
20.62; 0.581491
20.63; 0.581098
20.64; 0.580705
20.65; 0.580312
20.66; 0.57992
20.67; 0.579528
20.68; 0.579136
20.69; 0.578744
20.7; 0.578352
20.71; 0.57796
20.72; 0.577569
20.73; 0.577177
20.74; 0.576786
20.75; 0.576395
20.76; 0.576004
20.77; 0.575613
20.78; 0.575223
20.79; 0.574832
20.8; 0.574442
20.81; 0.574052
20.82; 0.573662
20.83; 0.573272
20.84; 0.572883
20.85; 0.572493
20.86; 0.572104
20.87; 0.571715
20.88; 0.571326
20.89; 0.570937
20.9; 0.570548
20.91; 0.57016
20.92; 0.569771
20.93; 0.569383
20.94; 0.568995
20.95; 0.568607
20.96; 0.568219
20.97; 0.567832
20.98; 0.567444
20.99; 0.567057
21; 0.56667
21.01; 0.566283
21.02; 0.565896
21.03; 0.56551
21.04; 0.565123
21.05; 0.564737
21.06; 0.564351
21.07; 0.563965
21.08; 0.563579
21.09; 0.563193
21.1; 0.562808
21.11; 0.562422
21.12; 0.562037
21.13; 0.561652
21.14; 0.561267
21.15; 0.560882
21.16; 0.560498
21.17; 0.560113
21.18; 0.559729
21.19; 0.559345
21.2; 0.558961
21.21; 0.558578
21.22; 0.558194
21.23; 0.557811
21.24; 0.557427
21.25; 0.557044
21.26; 0.556661
21.27; 0.556278
21.28; 0.555896
21.29; 0.555513
21.3; 0.555131
21.31; 0.554749
21.32; 0.554367
21.33; 0.553985
21.34; 0.553604
21.35; 0.553222
21.36; 0.552841
21.37; 0.55246
21.38; 0.552079
21.39; 0.551698
21.4; 0.551317
21.41; 0.550937
21.42; 0.550556
21.43; 0.550176
21.44; 0.549796
21.45; 0.549416
21.46; 0.549037
21.47; 0.548657
21.48; 0.548278
21.49; 0.547899
21.5; 0.547519
21.51; 0.547141
21.52; 0.546762
21.53; 0.546383
21.54; 0.546005
21.55; 0.545627
21.56; 0.545249
21.57; 0.544871
21.58; 0.544493
21.59; 0.544116
21.6; 0.543738
21.61; 0.543361
21.62; 0.542984
21.63; 0.542607
21.64; 0.54223
21.65; 0.541854
21.66; 0.541478
21.67; 0.541101
21.68; 0.540725
21.69; 0.540349
21.7; 0.539974
21.71; 0.539598
21.72; 0.539223
21.73; 0.538848
21.74; 0.538473
21.75; 0.538098
21.76; 0.537723
21.77; 0.537348
21.78; 0.536974
21.79; 0.5366
21.8; 0.536226
21.81; 0.535852
21.82; 0.535478
21.83; 0.535105
21.84; 0.534731
21.85; 0.534358
21.86; 0.533985
21.87; 0.533612
21.88; 0.533239
21.89; 0.532867
21.9; 0.532495
21.91; 0.532122
21.92; 0.53175
21.93; 0.531378
21.94; 0.531007
21.95; 0.530635
21.96; 0.530264
21.97; 0.529893
21.98; 0.529522
21.99; 0.529151
22; 0.52878
22.01; 0.52841
22.02; 0.528039
22.03; 0.527669
22.04; 0.527299
22.05; 0.526929
22.06; 0.52656
22.07; 0.52619
22.08; 0.525821
22.09; 0.525452
22.1; 0.525083
22.11; 0.524714
22.12; 0.524345
22.13; 0.523977
22.14; 0.523609
22.15; 0.52324
22.16; 0.522872
22.17; 0.522505
22.18; 0.522137
22.19; 0.52177
22.2; 0.521402
22.21; 0.521035
22.22; 0.520668
22.23; 0.520301
22.24; 0.519935
22.25; 0.519568
22.26; 0.519202
22.27; 0.518836
22.28; 0.51847
22.29; 0.518105
22.3; 0.517739
22.31; 0.517374
22.32; 0.517008
22.33; 0.516643
22.34; 0.516278
22.35; 0.515914
22.36; 0.515549
22.37; 0.515185
22.38; 0.514821
22.39; 0.514457
22.4; 0.514093
22.41; 0.513729
22.42; 0.513366
22.43; 0.513002
22.44; 0.512639
22.45; 0.512276
22.46; 0.511913
22.47; 0.511551
22.48; 0.511188
22.49; 0.510826
22.5; 0.510464
22.51; 0.510102
22.52; 0.50974
22.53; 0.509378
22.54; 0.509017
22.55; 0.508656
22.56; 0.508295
22.57; 0.507934
22.58; 0.507573
22.59; 0.507212
22.6; 0.506852
22.61; 0.506492
22.62; 0.506132
22.63; 0.505772
22.64; 0.505412
22.65; 0.505053
22.66; 0.504693
22.67; 0.504334
22.68; 0.503975
22.69; 0.503616
22.7; 0.503258
22.71; 0.502899
22.72; 0.502541
22.73; 0.502183
22.74; 0.501825
22.75; 0.501467
22.76; 0.501109
22.77; 0.500752
22.78; 0.500395
22.79; 0.500038
22.8; 0.499681
22.81; 0.499324
22.82; 0.498967
22.83; 0.498611
22.84; 0.498255
22.85; 0.497899
22.86; 0.497543
22.87; 0.497187
22.88; 0.496832
22.89; 0.496476
22.9; 0.496121
22.91; 0.495766
22.92; 0.495412
22.93; 0.495057
22.94; 0.494702
22.95; 0.494348
22.96; 0.493994
22.97; 0.49364
22.98; 0.493286
22.99; 0.492933
23; 0.492579
23.01; 0.492226
23.02; 0.491873
23.03; 0.49152
23.04; 0.491167
23.05; 0.490815
23.06; 0.490463
23.07; 0.49011
23.08; 0.489758
23.09; 0.489407
23.1; 0.489055
23.11; 0.488704
23.12; 0.488352
23.13; 0.488001
23.14; 0.48765
23.15; 0.487299
23.16; 0.486949
23.17; 0.486598
23.18; 0.486248
23.19; 0.485898
23.2; 0.485548
23.21; 0.485198
23.22; 0.484849
23.23; 0.4845
23.24; 0.48415
23.25; 0.483801
23.26; 0.483453
23.27; 0.483104
23.28; 0.482755
23.29; 0.482407
23.3; 0.482059
23.31; 0.481711
23.32; 0.481363
23.33; 0.481016
23.34; 0.480668
23.35; 0.480321
23.36; 0.479974
23.37; 0.479627
23.38; 0.479281
23.39; 0.478934
23.4; 0.478588
23.41; 0.478241
23.42; 0.477896
23.43; 0.47755
23.44; 0.477204
23.45; 0.476859
23.46; 0.476513
23.47; 0.476168
23.48; 0.475823
23.49; 0.475479
23.5; 0.475134
23.51; 0.47479
23.52; 0.474445
23.53; 0.474101
23.54; 0.473757
23.55; 0.473414
23.56; 0.47307
23.57; 0.472727
23.58; 0.472384
23.59; 0.472041
23.6; 0.471698
23.61; 0.471355
23.62; 0.471013
23.63; 0.470671
23.64; 0.470329
23.65; 0.469987
23.66; 0.469645
23.67; 0.469303
23.68; 0.468962
23.69; 0.468621
23.7; 0.46828
23.71; 0.467939
23.72; 0.467598
23.73; 0.467258
23.74; 0.466918
23.75; 0.466578
23.76; 0.466238
23.77; 0.465898
23.78; 0.465558
23.79; 0.465219
23.8; 0.46488
23.81; 0.464541
23.82; 0.464202
23.83; 0.463863
23.84; 0.463524
23.85; 0.463186
23.86; 0.462848
23.87; 0.46251
23.88; 0.462172
23.89; 0.461835
23.9; 0.461497
23.91; 0.46116
23.92; 0.460823
23.93; 0.460486
23.94; 0.460149
23.95; 0.459813
23.96; 0.459476
23.97; 0.45914
23.98; 0.458804
23.99; 0.458468
24; 0.458133
24.01; 0.457797
24.02; 0.457462
24.03; 0.457127
24.04; 0.456792
24.05; 0.456457
24.06; 0.456122
24.07; 0.455788
24.08; 0.455454
24.09; 0.45512
24.1; 0.454786
24.11; 0.454452
24.12; 0.454119
24.13; 0.453785
24.14; 0.453452
24.15; 0.453119
24.16; 0.452786
24.17; 0.452454
24.18; 0.452121
24.19; 0.451789
24.2; 0.451457
24.21; 0.451125
24.22; 0.450793
24.23; 0.450462
24.24; 0.45013
24.25; 0.449799
24.26; 0.449468
24.27; 0.449137
24.28; 0.448807
24.29; 0.448476
24.3; 0.448146
24.31; 0.447816
24.32; 0.447486
24.33; 0.447156
24.34; 0.446827
24.35; 0.446497
24.36; 0.446168
24.37; 0.445839
24.38; 0.44551
24.39; 0.445182
24.4; 0.444853
24.41; 0.444525
24.42; 0.444197
24.43; 0.443869
24.44; 0.443541
24.45; 0.443213
24.46; 0.442886
24.47; 0.442559
24.48; 0.442232
24.49; 0.441905
24.5; 0.441578
24.51; 0.441252
24.52; 0.440925
24.53; 0.440599
24.54; 0.440273
24.55; 0.439947
24.56; 0.439622
24.57; 0.439296
24.58; 0.438971
24.59; 0.438646
24.6; 0.438321
24.61; 0.437996
24.62; 0.437672
24.63; 0.437347
24.64; 0.437023
24.65; 0.436699
24.66; 0.436375
24.67; 0.436052
24.68; 0.435728
24.69; 0.435405
24.7; 0.435082
24.71; 0.434759
24.72; 0.434436
24.73; 0.434114
24.74; 0.433791
24.75; 0.433469
24.76; 0.433147
24.77; 0.432825
24.78; 0.432504
24.79; 0.432182
24.8; 0.431861
24.81; 0.43154
24.82; 0.431219
24.83; 0.430898
24.84; 0.430577
24.85; 0.430257
24.86; 0.429937
24.87; 0.429617
24.88; 0.429297
24.89; 0.428977
24.9; 0.428658
24.91; 0.428338
24.92; 0.428019
24.93; 0.4277
24.94; 0.427381
24.95; 0.427063
24.96; 0.426744
24.97; 0.426426
24.98; 0.426108
24.99; 0.42579
25; 0.425472
25.01; 0.425155
25.02; 0.424837
25.03; 0.42452
25.04; 0.424203
25.05; 0.423886
25.06; 0.42357
25.07; 0.423253
25.08; 0.422937
25.09; 0.422621
25.1; 0.422305
25.11; 0.421989
25.12; 0.421674
25.13; 0.421358
25.14; 0.421043
25.15; 0.420728
25.16; 0.420413
25.17; 0.420099
25.18; 0.419784
25.19; 0.41947
25.2; 0.419156
25.21; 0.418842
25.22; 0.418528
25.23; 0.418214
25.24; 0.417901
25.25; 0.417588
25.26; 0.417275
25.27; 0.416962
25.28; 0.416649
25.29; 0.416336
25.3; 0.416024
25.31; 0.415712
25.32; 0.4154
25.33; 0.415088
25.34; 0.414777
25.35; 0.414465
25.36; 0.414154
25.37; 0.413843
25.38; 0.413532
25.39; 0.413221
25.4; 0.412911
25.41; 0.4126
25.42; 0.41229
25.43; 0.41198
25.44; 0.41167
25.45; 0.411361
25.46; 0.411051
25.47; 0.410742
25.48; 0.410433
25.49; 0.410124
25.5; 0.409815
25.51; 0.409506
25.52; 0.409198
25.53; 0.40889
25.54; 0.408582
25.55; 0.408274
25.56; 0.407966
25.57; 0.407659
25.58; 0.407351
25.59; 0.407044
25.6; 0.406737
25.61; 0.40643
25.62; 0.406124
25.63; 0.405817
25.64; 0.405511
25.65; 0.405205
25.66; 0.404899
25.67; 0.404593
25.68; 0.404288
25.69; 0.403983
25.7; 0.403677
25.71; 0.403372
25.72; 0.403068
25.73; 0.402763
25.74; 0.402458
25.75; 0.402154
25.76; 0.40185
25.77; 0.401546
25.78; 0.401242
25.79; 0.400939
25.8; 0.400635
25.81; 0.400332
25.82; 0.400029
25.83; 0.399726
25.84; 0.399424
25.85; 0.399121
25.86; 0.398819
25.87; 0.398517
25.88; 0.398215
25.89; 0.397913
25.9; 0.397611
25.91; 0.39731
25.92; 0.397009
25.93; 0.396707
25.94; 0.396407
25.95; 0.396106
25.96; 0.395805
25.97; 0.395505
25.98; 0.395205
25.99; 0.394905
26; 0.394605
26.01; 0.394305
26.02; 0.394006
26.03; 0.393706
26.04; 0.393407
26.05; 0.393108
26.06; 0.39281
26.07; 0.392511
26.08; 0.392213
26.09; 0.391914
26.1; 0.391616
26.11; 0.391318
26.12; 0.391021
26.13; 0.390723
26.14; 0.390426
26.15; 0.390129
26.16; 0.389832
26.17; 0.389535
26.18; 0.389238
26.19; 0.388942
26.2; 0.388646
26.21; 0.388349
26.22; 0.388054
26.23; 0.387758
26.24; 0.387462
26.25; 0.387167
26.26; 0.386872
26.27; 0.386577
26.28; 0.386282
26.29; 0.385987
26.3; 0.385693
26.31; 0.385398
26.32; 0.385104
26.33; 0.38481
26.34; 0.384516
26.35; 0.384223
26.36; 0.383929
26.37; 0.383636
26.38; 0.383343
26.39; 0.38305
26.4; 0.382757
26.41; 0.382465
26.42; 0.382172
26.43; 0.38188
26.44; 0.381588
26.45; 0.381296
26.46; 0.381004
26.47; 0.380713
26.48; 0.380422
26.49; 0.380131
26.5; 0.37984
26.51; 0.379549
26.52; 0.379258
26.53; 0.378968
26.54; 0.378677
26.55; 0.378387
26.56; 0.378097
26.57; 0.377808
26.58; 0.377518
26.59; 0.377229
26.6; 0.37694
26.61; 0.376651
26.62; 0.376362
26.63; 0.376073
26.64; 0.375784
26.65; 0.375496
26.66; 0.375208
26.67; 0.37492
26.68; 0.374632
26.69; 0.374345
26.7; 0.374057
26.71; 0.37377
26.72; 0.373483
26.73; 0.373196
26.74; 0.372909
26.75; 0.372623
26.76; 0.372336
26.77; 0.37205
26.78; 0.371764
26.79; 0.371478
26.8; 0.371192
26.81; 0.370907
26.82; 0.370622
26.83; 0.370336
26.84; 0.370051
26.85; 0.369767
26.86; 0.369482
26.87; 0.369197
26.88; 0.368913
26.89; 0.368629
26.9; 0.368345
26.91; 0.368061
26.92; 0.367778
26.93; 0.367494
26.94; 0.367211
26.95; 0.366928
26.96; 0.366645
26.97; 0.366363
26.98; 0.36608
26.99; 0.365798
27; 0.365515
27.01; 0.365233
27.02; 0.364952
27.03; 0.36467
27.04; 0.364388
27.05; 0.364107
27.06; 0.363826
27.07; 0.363545
27.08; 0.363264
27.09; 0.362984
27.1; 0.362703
27.11; 0.362423
27.12; 0.362143
27.13; 0.361863
27.14; 0.361583
27.15; 0.361304
27.16; 0.361024
27.17; 0.360745
27.18; 0.360466
27.19; 0.360187
27.2; 0.359908
27.21; 0.35963
27.22; 0.359351
27.23; 0.359073
27.24; 0.358795
27.25; 0.358517
27.26; 0.35824
27.27; 0.357962
27.28; 0.357685
27.29; 0.357408
27.3; 0.357131
27.31; 0.356854
27.32; 0.356578
27.33; 0.356301
27.34; 0.356025
27.35; 0.355749
27.36; 0.355473
27.37; 0.355197
27.38; 0.354921
27.39; 0.354646
27.4; 0.354371
27.41; 0.354096
27.42; 0.353821
27.43; 0.353546
27.44; 0.353272
27.45; 0.352997
27.46; 0.352723
27.47; 0.352449
27.48; 0.352175
27.49; 0.351902
27.5; 0.351628
27.51; 0.351355
27.52; 0.351082
27.53; 0.350809
27.54; 0.350536
27.55; 0.350263
27.56; 0.349991
27.57; 0.349718
27.58; 0.349446
27.59; 0.349174
27.6; 0.348903
27.61; 0.348631
27.62; 0.34836
27.63; 0.348088
27.64; 0.347817
27.65; 0.347546
27.66; 0.347276
27.67; 0.347005
27.68; 0.346735
27.69; 0.346464
27.7; 0.346194
27.71; 0.345924
27.72; 0.345655
27.73; 0.345385
27.74; 0.345116
27.75; 0.344847
27.76; 0.344578
27.77; 0.344309
27.78; 0.34404
27.79; 0.343772
27.8; 0.343503
27.81; 0.343235
27.82; 0.342967
27.83; 0.342699
27.84; 0.342432
27.85; 0.342164
27.86; 0.341897
27.87; 0.34163
27.88; 0.341363
27.89; 0.341096
27.9; 0.340829
27.91; 0.340563
27.92; 0.340296
27.93; 0.34003
27.94; 0.339764
27.95; 0.339499
27.96; 0.339233
27.97; 0.338968
27.98; 0.338702
27.99; 0.338437
28; 0.338172
28.01; 0.337907
28.02; 0.337643
28.03; 0.337378
28.04; 0.337114
28.05; 0.33685
28.06; 0.336586
28.07; 0.336323
28.08; 0.336059
28.09; 0.335796
28.1; 0.335532
28.11; 0.335269
28.12; 0.335006
28.13; 0.334744
28.14; 0.334481
28.15; 0.334219
28.16; 0.333957
28.17; 0.333695
28.18; 0.333433
28.19; 0.333171
28.2; 0.332909
28.21; 0.332648
28.22; 0.332387
28.23; 0.332126
28.24; 0.331865
28.25; 0.331604
28.26; 0.331344
28.27; 0.331083
28.28; 0.330823
28.29; 0.330563
28.3; 0.330303
28.31; 0.330044
28.32; 0.329784
28.33; 0.329525
28.34; 0.329266
28.35; 0.329007
28.36; 0.328748
28.37; 0.328489
28.38; 0.328231
28.39; 0.327972
28.4; 0.327714
28.41; 0.327456
28.42; 0.327198
28.43; 0.326941
28.44; 0.326683
28.45; 0.326426
28.46; 0.326169
28.47; 0.325912
28.48; 0.325655
28.49; 0.325398
28.5; 0.325142
28.51; 0.324886
28.52; 0.324629
28.53; 0.324374
28.54; 0.324118
28.55; 0.323862
28.56; 0.323607
28.57; 0.323351
28.58; 0.323096
28.59; 0.322841
28.6; 0.322586
28.61; 0.322332
28.62; 0.322077
28.63; 0.321823
28.64; 0.321569
28.65; 0.321315
28.66; 0.321061
28.67; 0.320807
28.68; 0.320554
28.69; 0.320301
28.7; 0.320047
28.71; 0.319795
28.72; 0.319542
28.73; 0.319289
28.74; 0.319037
28.75; 0.318784
28.76; 0.318532
28.77; 0.31828
28.78; 0.318028
28.79; 0.317777
28.8; 0.317525
28.81; 0.317274
28.82; 0.317023
28.83; 0.316772
28.84; 0.316521
28.85; 0.31627
28.86; 0.31602
28.87; 0.31577
28.88; 0.315519
28.89; 0.315269
28.9; 0.31502
28.91; 0.31477
28.92; 0.314521
28.93; 0.314271
28.94; 0.314022
28.95; 0.313773
28.96; 0.313524
28.97; 0.313276
28.98; 0.313027
28.99; 0.312779
29; 0.312531
29.01; 0.312283
29.02; 0.312035
29.03; 0.311787
29.04; 0.31154
29.05; 0.311292
29.06; 0.311045
29.07; 0.310798
29.08; 0.310551
29.09; 0.310304
29.1; 0.310058
29.11; 0.309812
29.12; 0.309565
29.13; 0.309319
29.14; 0.309073
29.15; 0.308828
29.16; 0.308582
29.17; 0.308337
29.18; 0.308092
29.19; 0.307847
29.2; 0.307602
29.21; 0.307357
29.22; 0.307112
29.23; 0.306868
29.24; 0.306624
29.25; 0.30638
29.26; 0.306136
29.27; 0.305892
29.28; 0.305649
29.29; 0.305405
29.3; 0.305162
29.31; 0.304919
29.32; 0.304676
29.33; 0.304433
29.34; 0.30419
29.35; 0.303948
29.36; 0.303706
29.37; 0.303464
29.38; 0.303222
29.39; 0.30298
29.4; 0.302738
29.41; 0.302497
29.42; 0.302256
29.43; 0.302014
29.44; 0.301773
29.45; 0.301533
29.46; 0.301292
29.47; 0.301051
29.48; 0.300811
29.49; 0.300571
29.5; 0.300331
29.51; 0.300091
29.52; 0.299851
29.53; 0.299612
29.54; 0.299373
29.55; 0.299133
29.56; 0.298894
29.57; 0.298655
29.58; 0.298417
29.59; 0.298178
29.6; 0.29794
29.61; 0.297702
29.62; 0.297464
29.63; 0.297226
29.64; 0.296988
29.65; 0.29675
29.66; 0.296513
29.67; 0.296276
29.68; 0.296038
29.69; 0.295802
29.7; 0.295565
29.71; 0.295328
29.72; 0.295092
29.73; 0.294855
29.74; 0.294619
29.75; 0.294383
29.76; 0.294147
29.77; 0.293912
29.78; 0.293676
29.79; 0.293441
29.8; 0.293206
29.81; 0.292971
29.82; 0.292736
29.83; 0.292501
29.84; 0.292267
29.85; 0.292032
29.86; 0.291798
29.87; 0.291564
29.88; 0.29133
29.89; 0.291096
29.9; 0.290863
29.91; 0.290629
29.92; 0.290396
29.93; 0.290163
29.94; 0.28993
29.95; 0.289697
29.96; 0.289465
29.97; 0.289232
29.98; 0.289
29.99; 0.288768
30; 0.288536
30.01; 0.288304
30.02; 0.288072
30.03; 0.287841
30.04; 0.287609
30.05; 0.287378
30.06; 0.287147
30.07; 0.286916
30.08; 0.286685
30.09; 0.286455
30.1; 0.286224
30.11; 0.285994
30.12; 0.285764
30.13; 0.285534
30.14; 0.285304
30.15; 0.285075
30.16; 0.284845
30.17; 0.284616
30.18; 0.284387
30.19; 0.284158
30.2; 0.283929
30.21; 0.2837
30.22; 0.283472
30.23; 0.283243
30.24; 0.283015
30.25; 0.282787
30.26; 0.282559
30.27; 0.282331
30.28; 0.282104
30.29; 0.281876
30.3; 0.281649
30.31; 0.281422
30.32; 0.281195
30.33; 0.280968
30.34; 0.280742
30.35; 0.280515
30.36; 0.280289
30.37; 0.280063
30.38; 0.279837
30.39; 0.279611
30.4; 0.279385
30.41; 0.279159
30.42; 0.278934
30.43; 0.278709
30.44; 0.278484
30.45; 0.278259
30.46; 0.278034
30.47; 0.277809
30.48; 0.277585
30.49; 0.277361
30.5; 0.277137
30.51; 0.276913
30.52; 0.276689
30.53; 0.276465
30.54; 0.276241
30.55; 0.276018
30.56; 0.275795
30.57; 0.275572
30.58; 0.275349
30.59; 0.275126
30.6; 0.274904
30.61; 0.274681
30.62; 0.274459
30.63; 0.274237
30.64; 0.274015
30.65; 0.273793
30.66; 0.273571
30.67; 0.27335
30.68; 0.273128
30.69; 0.272907
30.7; 0.272686
30.71; 0.272465
30.72; 0.272244
30.73; 0.272024
30.74; 0.271803
30.75; 0.271583
30.76; 0.271363
30.77; 0.271143
30.78; 0.270923
30.79; 0.270703
30.8; 0.270484
30.81; 0.270264
30.82; 0.270045
30.83; 0.269826
30.84; 0.269607
30.85; 0.269388
30.86; 0.26917
30.87; 0.268951
30.88; 0.268733
30.89; 0.268515
30.9; 0.268297
30.91; 0.268079
30.92; 0.267861
30.93; 0.267644
30.94; 0.267426
30.95; 0.267209
30.96; 0.266992
30.97; 0.266775
30.98; 0.266558
30.99; 0.266342
31; 0.266125
31.01; 0.265909
31.02; 0.265693
31.03; 0.265477
31.04; 0.265261
31.05; 0.265045
31.06; 0.26483
31.07; 0.264614
31.08; 0.264399
31.09; 0.264184
31.1; 0.263969
31.11; 0.263754
31.12; 0.263539
31.13; 0.263325
31.14; 0.263111
31.15; 0.262896
31.16; 0.262682
31.17; 0.262468
31.18; 0.262255
31.19; 0.262041
31.2; 0.261828
31.21; 0.261614
31.22; 0.261401
31.23; 0.261188
31.24; 0.260975
31.25; 0.260763
31.26; 0.26055
31.27; 0.260338
31.28; 0.260125
31.29; 0.259913
31.3; 0.259701
31.31; 0.25949
31.32; 0.259278
31.33; 0.259066
31.34; 0.258855
31.35; 0.258644
31.36; 0.258433
31.37; 0.258222
31.38; 0.258011
31.39; 0.2578
31.4; 0.25759
31.41; 0.25738
31.42; 0.25717
31.43; 0.25696
31.44; 0.25675
31.45; 0.25654
31.46; 0.25633
31.47; 0.256121
31.48; 0.255912
31.49; 0.255703
31.5; 0.255494
31.51; 0.255285
31.52; 0.255076
31.53; 0.254868
31.54; 0.254659
31.55; 0.254451
31.56; 0.254243
31.57; 0.254035
31.58; 0.253827
31.59; 0.253619
31.6; 0.253412
31.61; 0.253205
31.62; 0.252997
31.63; 0.25279
31.64; 0.252583
31.65; 0.252377
31.66; 0.25217
31.67; 0.251964
31.68; 0.251757
31.69; 0.251551
31.7; 0.251345
31.71; 0.251139
31.72; 0.250934
31.73; 0.250728
31.74; 0.250523
31.75; 0.250317
31.76; 0.250112
31.77; 0.249907
31.78; 0.249702
31.79; 0.249498
31.8; 0.249293
31.81; 0.249089
31.82; 0.248884
31.83; 0.24868
31.84; 0.248476
31.85; 0.248272
31.86; 0.248069
31.87; 0.247865
31.88; 0.247662
31.89; 0.247459
31.9; 0.247255
31.91; 0.247052
31.92; 0.24685
31.93; 0.246647
31.94; 0.246444
31.95; 0.246242
31.96; 0.24604
31.97; 0.245838
31.98; 0.245636
31.99; 0.245434
32; 0.245232
32.01; 0.245031
32.02; 0.24483
32.03; 0.244628
32.04; 0.244427
32.05; 0.244226
32.06; 0.244026
32.07; 0.243825
32.08; 0.243624
32.09; 0.243424
32.1; 0.243224
32.11; 0.243024
32.12; 0.242824
32.13; 0.242624
32.14; 0.242424
32.15; 0.242225
32.16; 0.242026
32.17; 0.241826
32.18; 0.241627
32.19; 0.241428
32.2; 0.24123
32.21; 0.241031
32.22; 0.240833
32.23; 0.240634
32.24; 0.240436
32.25; 0.240238
32.26; 0.24004
32.27; 0.239842
32.28; 0.239645
32.29; 0.239447
32.3; 0.23925
32.31; 0.239053
32.32; 0.238856
32.33; 0.238659
32.34; 0.238462
32.35; 0.238265
32.36; 0.238069
32.37; 0.237872
32.38; 0.237676
32.39; 0.23748
32.4; 0.237284
32.41; 0.237089
32.42; 0.236893
32.43; 0.236697
32.44; 0.236502
32.45; 0.236307
32.46; 0.236112
32.47; 0.235917
32.48; 0.235722
32.49; 0.235527
32.5; 0.235333
32.51; 0.235139
32.52; 0.234944
32.53; 0.23475
32.54; 0.234556
32.55; 0.234363
32.56; 0.234169
32.57; 0.233975
32.58; 0.233782
32.59; 0.233589
32.6; 0.233396
32.61; 0.233203
32.62; 0.23301
32.63; 0.232817
32.64; 0.232625
32.65; 0.232432
32.66; 0.23224
32.67; 0.232048
32.68; 0.231856
32.69; 0.231664
32.7; 0.231472
32.71; 0.231281
32.72; 0.231089
32.73; 0.230898
32.74; 0.230707
32.75; 0.230516
32.76; 0.230325
32.77; 0.230134
32.78; 0.229944
32.79; 0.229753
32.8; 0.229563
32.81; 0.229373
32.82; 0.229183
32.83; 0.228993
32.84; 0.228803
32.85; 0.228614
32.86; 0.228424
32.87; 0.228235
32.88; 0.228046
32.89; 0.227857
32.9; 0.227668
32.91; 0.227479
32.92; 0.22729
32.93; 0.227102
32.94; 0.226913
32.95; 0.226725
32.96; 0.226537
32.97; 0.226349
32.98; 0.226161
32.99; 0.225974
33; 0.225786
33.01; 0.225599
33.02; 0.225411
33.03; 0.225224
33.04; 0.225037
33.05; 0.22485
33.06; 0.224664
33.07; 0.224477
33.08; 0.224291
33.09; 0.224104
33.1; 0.223918
33.11; 0.223732
33.12; 0.223546
33.13; 0.22336
33.14; 0.223175
33.15; 0.222989
33.16; 0.222804
33.17; 0.222619
33.18; 0.222434
33.19; 0.222249
33.2; 0.222064
33.21; 0.221879
33.22; 0.221695
33.23; 0.22151
33.24; 0.221326
33.25; 0.221142
33.26; 0.220958
33.27; 0.220774
33.28; 0.22059
33.29; 0.220407
33.3; 0.220223
33.31; 0.22004
33.32; 0.219857
33.33; 0.219674
33.34; 0.219491
33.35; 0.219308
33.36; 0.219125
33.37; 0.218943
33.38; 0.218761
33.39; 0.218578
33.4; 0.218396
33.41; 0.218214
33.42; 0.218032
33.43; 0.217851
33.44; 0.217669
33.45; 0.217488
33.46; 0.217306
33.47; 0.217125
33.48; 0.216944
33.49; 0.216763
33.5; 0.216583
33.51; 0.216402
33.52; 0.216222
33.53; 0.216041
33.54; 0.215861
33.55; 0.215681
33.56; 0.215501
33.57; 0.215321
33.58; 0.215141
33.59; 0.214962
33.6; 0.214782
33.61; 0.214603
33.62; 0.214424
33.63; 0.214245
33.64; 0.214066
33.65; 0.213887
33.66; 0.213709
33.67; 0.21353
33.68; 0.213352
33.69; 0.213173
33.7; 0.212995
33.71; 0.212817
33.72; 0.21264
33.73; 0.212462
33.74; 0.212284
33.75; 0.212107
33.76; 0.21193
33.77; 0.211752
33.78; 0.211575
33.79; 0.211398
33.8; 0.211222
33.81; 0.211045
33.82; 0.210868
33.83; 0.210692
33.84; 0.210516
33.85; 0.21034
33.86; 0.210164
33.87; 0.209988
33.88; 0.209812
33.89; 0.209637
33.9; 0.209461
33.91; 0.209286
33.92; 0.209111
33.93; 0.208935
33.94; 0.20876
33.95; 0.208586
33.96; 0.208411
33.97; 0.208236
33.98; 0.208062
33.99; 0.207888
34; 0.207714
34.01; 0.207539
34.02; 0.207366
34.03; 0.207192
34.04; 0.207018
34.05; 0.206845
34.06; 0.206671
34.07; 0.206498
34.08; 0.206325
34.09; 0.206152
34.1; 0.205979
34.11; 0.205806
34.12; 0.205634
34.13; 0.205461
34.14; 0.205289
34.15; 0.205117
34.16; 0.204945
34.17; 0.204773
34.18; 0.204601
34.19; 0.204429
34.2; 0.204257
34.21; 0.204086
34.22; 0.203915
34.23; 0.203743
34.24; 0.203572
34.25; 0.203401
34.26; 0.203231
34.27; 0.20306
34.28; 0.202889
34.29; 0.202719
34.3; 0.202549
34.31; 0.202379
34.32; 0.202208
34.33; 0.202039
34.34; 0.201869
34.35; 0.201699
34.36; 0.20153
34.37; 0.20136
34.38; 0.201191
34.39; 0.201022
34.4; 0.200853
34.41; 0.200684
34.42; 0.200515
34.43; 0.200346
34.44; 0.200178
34.45; 0.20001
34.46; 0.199841
34.47; 0.199673
34.48; 0.199505
34.49; 0.199337
34.5; 0.19917
34.51; 0.199002
34.52; 0.198834
34.53; 0.198667
34.54; 0.1985
34.55; 0.198333
34.56; 0.198166
34.57; 0.197999
34.58; 0.197832
34.59; 0.197665
34.6; 0.197499
34.61; 0.197333
34.62; 0.197166
34.63; 0.197
34.64; 0.196834
34.65; 0.196668
34.66; 0.196503
34.67; 0.196337
34.68; 0.196172
34.69; 0.196006
34.7; 0.195841
34.71; 0.195676
34.72; 0.195511
34.73; 0.195346
34.74; 0.195181
34.75; 0.195017
34.76; 0.194852
34.77; 0.194688
34.78; 0.194523
34.79; 0.194359
34.8; 0.194195
34.81; 0.194031
34.82; 0.193868
34.83; 0.193704
34.84; 0.193541
34.85; 0.193377
34.86; 0.193214
34.87; 0.193051
34.88; 0.192888
34.89; 0.192725
34.9; 0.192562
34.91; 0.1924
34.92; 0.192237
34.93; 0.192075
34.94; 0.191912
34.95; 0.19175
34.96; 0.191588
34.97; 0.191426
34.98; 0.191265
34.99; 0.191103
35; 0.190941
35.01; 0.19078
35.02; 0.190619
35.03; 0.190458
35.04; 0.190297
35.05; 0.190136
35.06; 0.189975
35.07; 0.189814
35.08; 0.189654
35.09; 0.189493
35.1; 0.189333
35.11; 0.189173
35.12; 0.189013
35.13; 0.188853
35.14; 0.188693
35.15; 0.188533
35.16; 0.188374
35.17; 0.188214
35.18; 0.188055
35.19; 0.187896
35.2; 0.187737
35.21; 0.187578
35.22; 0.187419
35.23; 0.18726
35.24; 0.187101
35.25; 0.186943
35.26; 0.186785
35.27; 0.186626
35.28; 0.186468
35.29; 0.18631
35.3; 0.186152
35.31; 0.185995
35.32; 0.185837
35.33; 0.18568
35.34; 0.185522
35.35; 0.185365
35.36; 0.185208
35.37; 0.185051
35.38; 0.184894
35.39; 0.184737
35.4; 0.18458
35.41; 0.184424
35.42; 0.184267
35.43; 0.184111
35.44; 0.183955
35.45; 0.183799
35.46; 0.183643
35.47; 0.183487
35.48; 0.183331
35.49; 0.183176
35.5; 0.18302
35.51; 0.182865
35.52; 0.18271
35.53; 0.182554
35.54; 0.182399
35.55; 0.182245
35.56; 0.18209
35.57; 0.181935
35.58; 0.181781
35.59; 0.181626
35.6; 0.181472
35.61; 0.181318
35.62; 0.181164
35.63; 0.18101
35.64; 0.180856
35.65; 0.180702
35.66; 0.180549
35.67; 0.180395
35.68; 0.180242
35.69; 0.180089
35.7; 0.179935
35.71; 0.179782
35.72; 0.17963
35.73; 0.179477
35.74; 0.179324
35.75; 0.179172
35.76; 0.179019
35.77; 0.178867
35.78; 0.178715
35.79; 0.178563
35.8; 0.178411
35.81; 0.178259
35.82; 0.178107
35.83; 0.177956
35.84; 0.177804
35.85; 0.177653
35.86; 0.177502
35.87; 0.177351
35.88; 0.1772
35.89; 0.177049
35.9; 0.176898
35.91; 0.176747
35.92; 0.176597
35.93; 0.176446
35.94; 0.176296
35.95; 0.176146
35.96; 0.175996
35.97; 0.175846
35.98; 0.175696
35.99; 0.175546
36; 0.175397
36.01; 0.175247
36.02; 0.175098
36.03; 0.174948
36.04; 0.174799
36.05; 0.17465
36.06; 0.174501
36.07; 0.174352
36.08; 0.174204
36.09; 0.174055
36.1; 0.173907
36.11; 0.173758
36.12; 0.17361
36.13; 0.173462
36.14; 0.173314
36.15; 0.173166
36.16; 0.173018
36.17; 0.172871
36.18; 0.172723
36.19; 0.172576
36.2; 0.172428
36.21; 0.172281
36.22; 0.172134
36.23; 0.171987
36.24; 0.17184
36.25; 0.171694
36.26; 0.171547
36.27; 0.1714
36.28; 0.171254
36.29; 0.171108
36.3; 0.170961
36.31; 0.170815
36.32; 0.170669
36.33; 0.170524
36.34; 0.170378
36.35; 0.170232
36.36; 0.170087
36.37; 0.169941
36.38; 0.169796
36.39; 0.169651
36.4; 0.169506
36.41; 0.169361
36.42; 0.169216
36.43; 0.169071
36.44; 0.168927
36.45; 0.168782
36.46; 0.168638
36.47; 0.168494
36.48; 0.16835
36.49; 0.168206
36.5; 0.168062
36.51; 0.167918
36.52; 0.167774
36.53; 0.16763
36.54; 0.167487
36.55; 0.167344
36.56; 0.1672
36.57; 0.167057
36.58; 0.166914
36.59; 0.166771
36.6; 0.166628
36.61; 0.166486
36.62; 0.166343
36.63; 0.166201
36.64; 0.166058
36.65; 0.165916
36.66; 0.165774
36.67; 0.165632
36.68; 0.16549
36.69; 0.165348
36.7; 0.165206
36.71; 0.165065
36.72; 0.164923
36.73; 0.164782
36.74; 0.164641
36.75; 0.1645
36.76; 0.164359
36.77; 0.164218
36.78; 0.164077
36.79; 0.163936
36.8; 0.163796
36.81; 0.163655
36.82; 0.163515
36.83; 0.163374
36.84; 0.163234
36.85; 0.163094
36.86; 0.162954
36.87; 0.162814
36.88; 0.162675
36.89; 0.162535
36.9; 0.162396
36.91; 0.162256
36.92; 0.162117
36.93; 0.161978
36.94; 0.161839
36.95; 0.1617
36.96; 0.161561
36.97; 0.161422
36.98; 0.161283
36.99; 0.161145
37; 0.161006
37.01; 0.160868
37.02; 0.16073
37.03; 0.160592
37.04; 0.160454
37.05; 0.160316
37.06; 0.160178
37.07; 0.160041
37.08; 0.159903
37.09; 0.159766
37.1; 0.159628
37.11; 0.159491
37.12; 0.159354
37.13; 0.159217
37.14; 0.15908
37.15; 0.158943
37.16; 0.158807
37.17; 0.15867
37.18; 0.158533
37.19; 0.158397
37.2; 0.158261
37.21; 0.158125
37.22; 0.157989
37.23; 0.157853
37.24; 0.157717
37.25; 0.157581
37.26; 0.157445
37.27; 0.15731
37.28; 0.157175
37.29; 0.157039
37.3; 0.156904
37.31; 0.156769
37.32; 0.156634
37.33; 0.156499
37.34; 0.156364
37.35; 0.15623
37.36; 0.156095
37.37; 0.155961
37.38; 0.155826
37.39; 0.155692
37.4; 0.155558
37.41; 0.155424
37.42; 0.15529
37.43; 0.155156
37.44; 0.155022
37.45; 0.154889
37.46; 0.154755
37.47; 0.154622
37.48; 0.154489
37.49; 0.154355
37.5; 0.154222
37.51; 0.154089
37.52; 0.153957
37.53; 0.153824
37.54; 0.153691
37.55; 0.153559
37.56; 0.153426
37.57; 0.153294
37.58; 0.153162
37.59; 0.153029
37.6; 0.152897
37.61; 0.152765
37.62; 0.152634
37.63; 0.152502
37.64; 0.15237
37.65; 0.152239
37.66; 0.152107
37.67; 0.151976
37.68; 0.151845
37.69; 0.151714
37.7; 0.151583
37.71; 0.151452
37.72; 0.151321
37.73; 0.15119
37.74; 0.15106
37.75; 0.150929
37.76; 0.150799
37.77; 0.150669
37.78; 0.150538
37.79; 0.150408
37.8; 0.150278
37.81; 0.150149
37.82; 0.150019
37.83; 0.149889
37.84; 0.14976
37.85; 0.14963
37.86; 0.149501
37.87; 0.149372
37.88; 0.149242
37.89; 0.149113
37.9; 0.148984
37.91; 0.148856
37.92; 0.148727
37.93; 0.148598
37.94; 0.14847
37.95; 0.148341
37.96; 0.148213
37.97; 0.148085
37.98; 0.147957
37.99; 0.147829
38; 0.147701
38.01; 0.147573
38.02; 0.147445
38.03; 0.147318
38.04; 0.14719
38.05; 0.147063
38.06; 0.146935
38.07; 0.146808
38.08; 0.146681
38.09; 0.146554
38.1; 0.146427
38.11; 0.1463
38.12; 0.146174
38.13; 0.146047
38.14; 0.14592
38.15; 0.145794
38.16; 0.145668
38.17; 0.145542
38.18; 0.145415
38.19; 0.145289
38.2; 0.145164
38.21; 0.145038
38.22; 0.144912
38.23; 0.144786
38.24; 0.144661
38.25; 0.144536
38.26; 0.14441
38.27; 0.144285
38.28; 0.14416
38.29; 0.144035
38.3; 0.14391
38.31; 0.143785
38.32; 0.143661
38.33; 0.143536
38.34; 0.143411
38.35; 0.143287
38.36; 0.143163
38.37; 0.143039
38.38; 0.142914
38.39; 0.14279
38.4; 0.142666
38.41; 0.142543
38.42; 0.142419
38.43; 0.142295
38.44; 0.142172
38.45; 0.142048
38.46; 0.141925
38.47; 0.141802
38.48; 0.141679
38.49; 0.141556
38.5; 0.141433
38.51; 0.14131
38.52; 0.141187
38.53; 0.141065
38.54; 0.140942
38.55; 0.14082
38.56; 0.140697
38.57; 0.140575
38.58; 0.140453
38.59; 0.140331
38.6; 0.140209
38.61; 0.140087
38.62; 0.139965
38.63; 0.139844
38.64; 0.139722
38.65; 0.139601
38.66; 0.139479
38.67; 0.139358
38.68; 0.139237
38.69; 0.139116
38.7; 0.138995
38.71; 0.138874
38.72; 0.138753
38.73; 0.138633
38.74; 0.138512
38.75; 0.138391
38.76; 0.138271
38.77; 0.138151
38.78; 0.138031
38.79; 0.13791
38.8; 0.13779
38.81; 0.137671
38.82; 0.137551
38.83; 0.137431
38.84; 0.137311
38.85; 0.137192
38.86; 0.137072
38.87; 0.136953
38.88; 0.136834
38.89; 0.136715
38.9; 0.136596
38.91; 0.136477
38.92; 0.136358
38.93; 0.136239
38.94; 0.13612
38.95; 0.136002
38.96; 0.135883
38.97; 0.135765
38.98; 0.135647
38.99; 0.135529
39; 0.13541
39.01; 0.135292
39.02; 0.135175
39.03; 0.135057
39.04; 0.134939
39.05; 0.134821
39.06; 0.134704
39.07; 0.134586
39.08; 0.134469
39.09; 0.134352
39.1; 0.134235
39.11; 0.134118
39.12; 0.134001
39.13; 0.133884
39.14; 0.133767
39.15; 0.13365
39.16; 0.133534
39.17; 0.133417
39.18; 0.133301
39.19; 0.133185
39.2; 0.133068
39.21; 0.132952
39.22; 0.132836
39.23; 0.13272
39.24; 0.132605
39.25; 0.132489
39.26; 0.132373
39.27; 0.132258
39.28; 0.132142
39.29; 0.132027
39.3; 0.131911
39.31; 0.131796
39.32; 0.131681
39.33; 0.131566
39.34; 0.131451
39.35; 0.131337
39.36; 0.131222
39.37; 0.131107
39.38; 0.130993
39.39; 0.130878
39.4; 0.130764
39.41; 0.13065
39.42; 0.130535
39.43; 0.130421
39.44; 0.130307
39.45; 0.130193
39.46; 0.13008
39.47; 0.129966
39.48; 0.129852
39.49; 0.129739
39.5; 0.129625
39.51; 0.129512
39.52; 0.129399
39.53; 0.129286
39.54; 0.129173
39.55; 0.12906
39.56; 0.128947
39.57; 0.128834
39.58; 0.128721
39.59; 0.128609
39.6; 0.128496
39.61; 0.128384
39.62; 0.128271
39.63; 0.128159
39.64; 0.128047
39.65; 0.127935
39.66; 0.127823
39.67; 0.127711
39.68; 0.127599
39.69; 0.127488
39.7; 0.127376
39.71; 0.127265
39.72; 0.127153
39.73; 0.127042
39.74; 0.126931
39.75; 0.126819
39.76; 0.126708
39.77; 0.126597
39.78; 0.126486
39.79; 0.126376
39.8; 0.126265
39.81; 0.126154
39.82; 0.126044
39.83; 0.125933
39.84; 0.125823
39.85; 0.125713
39.86; 0.125603
39.87; 0.125493
39.88; 0.125383
39.89; 0.125273
39.9; 0.125163
39.91; 0.125053
39.92; 0.124944
39.93; 0.124834
39.94; 0.124725
39.95; 0.124615
39.96; 0.124506
39.97; 0.124397
39.98; 0.124288
39.99; 0.124179
40; 0.12407
40.01; 0.123961
40.02; 0.123852
40.03; 0.123743
40.04; 0.123635
40.05; 0.123526
40.06; 0.123418
40.07; 0.12331
40.08; 0.123202
40.09; 0.123093
40.1; 0.122985
40.11; 0.122877
40.12; 0.12277
40.13; 0.122662
40.14; 0.122554
40.15; 0.122446
40.16; 0.122339
40.17; 0.122232
40.18; 0.122124
40.19; 0.122017
40.2; 0.12191
40.21; 0.121803
40.22; 0.121696
40.23; 0.121589
40.24; 0.121482
40.25; 0.121375
40.26; 0.121269
40.27; 0.121162
40.28; 0.121056
40.29; 0.120949
40.3; 0.120843
40.31; 0.120737
40.32; 0.120631
40.33; 0.120525
40.34; 0.120419
40.35; 0.120313
40.36; 0.120207
40.37; 0.120101
40.38; 0.119996
40.39; 0.11989
40.4; 0.119785
40.41; 0.11968
40.42; 0.119574
40.43; 0.119469
40.44; 0.119364
40.45; 0.119259
40.46; 0.119154
40.47; 0.119049
40.48; 0.118945
40.49; 0.11884
40.5; 0.118735
40.51; 0.118631
40.52; 0.118526
40.53; 0.118422
40.54; 0.118318
40.55; 0.118214
40.56; 0.11811
40.57; 0.118006
40.58; 0.117902
40.59; 0.117798
40.6; 0.117694
40.61; 0.117591
40.62; 0.117487
40.63; 0.117384
40.64; 0.11728
40.65; 0.117177
40.66; 0.117074
40.67; 0.116971
40.68; 0.116868
40.69; 0.116765
40.7; 0.116662
40.71; 0.116559
40.72; 0.116456
40.73; 0.116354
40.74; 0.116251
40.75; 0.116149
40.76; 0.116046
40.77; 0.115944
40.78; 0.115842
40.79; 0.11574
40.8; 0.115638
40.81; 0.115536
40.82; 0.115434
40.83; 0.115332
40.84; 0.115231
40.85; 0.115129
40.86; 0.115027
40.87; 0.114926
40.88; 0.114825
40.89; 0.114723
40.9; 0.114622
40.91; 0.114521
40.92; 0.11442
40.93; 0.114319
40.94; 0.114218
40.95; 0.114117
40.96; 0.114017
40.97; 0.113916
40.98; 0.113816
40.99; 0.113715
41; 0.113615
41.01; 0.113514
41.02; 0.113414
41.03; 0.113314
41.04; 0.113214
41.05; 0.113114
41.06; 0.113014
41.07; 0.112914
41.08; 0.112815
41.09; 0.112715
41.1; 0.112616
41.11; 0.112516
41.12; 0.112417
41.13; 0.112317
41.14; 0.112218
41.15; 0.112119
41.16; 0.11202
41.17; 0.111921
41.18; 0.111822
41.19; 0.111723
41.2; 0.111625
41.21; 0.111526
41.22; 0.111427
41.23; 0.111329
41.24; 0.111231
41.25; 0.111132
41.26; 0.111034
41.27; 0.110936
41.28; 0.110838
41.29; 0.11074
41.3; 0.110642
41.31; 0.110544
41.32; 0.110446
41.33; 0.110349
41.34; 0.110251
41.35; 0.110153
41.36; 0.110056
41.37; 0.109959
41.38; 0.109861
41.39; 0.109764
41.4; 0.109667
41.41; 0.10957
41.42; 0.109473
41.43; 0.109376
41.44; 0.109279
41.45; 0.109183
41.46; 0.109086
41.47; 0.10899
41.48; 0.108893
41.49; 0.108797
41.5; 0.1087
41.51; 0.108604
41.52; 0.108508
41.53; 0.108412
41.54; 0.108316
41.55; 0.10822
41.56; 0.108124
41.57; 0.108028
41.58; 0.107933
41.59; 0.107837
41.6; 0.107742
41.61; 0.107646
41.62; 0.107551
41.63; 0.107456
41.64; 0.10736
41.65; 0.107265
41.66; 0.10717
41.67; 0.107075
41.68; 0.10698
41.69; 0.106886
41.7; 0.106791
41.71; 0.106696
41.72; 0.106602
41.73; 0.106507
41.74; 0.106413
41.75; 0.106318
41.76; 0.106224
41.77; 0.10613
41.78; 0.106036
41.79; 0.105942
41.8; 0.105848
41.81; 0.105754
41.82; 0.10566
41.83; 0.105566
41.84; 0.105473
41.85; 0.105379
41.86; 0.105286
41.87; 0.105192
41.88; 0.105099
41.89; 0.105006
41.9; 0.104913
41.91; 0.104819
41.92; 0.104726
41.93; 0.104633
41.94; 0.104541
41.95; 0.104448
41.96; 0.104355
41.97; 0.104262
41.98; 0.10417
41.99; 0.104077
42; 0.103985
42.01; 0.103893
42.02; 0.1038
42.03; 0.103708
42.04; 0.103616
42.05; 0.103524
42.06; 0.103432
42.07; 0.10334
42.08; 0.103249
42.09; 0.103157
42.1; 0.103065
42.11; 0.102974
42.12; 0.102882
42.13; 0.102791
42.14; 0.102699
42.15; 0.102608
42.16; 0.102517
42.17; 0.102426
42.18; 0.102335
42.19; 0.102244
42.2; 0.102153
42.21; 0.102062
42.22; 0.101971
42.23; 0.101881
42.24; 0.10179
42.25; 0.1017
42.26; 0.101609
42.27; 0.101519
42.28; 0.101429
42.29; 0.101338
42.3; 0.101248
42.31; 0.101158
42.32; 0.101068
42.33; 0.100978
42.34; 0.100888
42.35; 0.100799
42.36; 0.100709
42.37; 0.100619
42.38; 0.10053
42.39; 0.10044
42.4; 0.100351
42.41; 0.100262
42.42; 0.100173
42.43; 0.100083
42.44; 0.0999943
42.45; 0.0999053
42.46; 0.0998164
42.47; 0.0997275
42.48; 0.0996387
42.49; 0.09955
42.5; 0.0994614
42.51; 0.0993728
42.52; 0.0992843
42.53; 0.0991959
42.54; 0.0991076
42.55; 0.0990193
42.56; 0.0989311
42.57; 0.098843
42.58; 0.0987549
42.59; 0.098667
42.6; 0.0985791
42.61; 0.0984912
42.62; 0.0984035
42.63; 0.0983158
42.64; 0.0982282
42.65; 0.0981407
42.66; 0.0980532
42.67; 0.0979658
42.68; 0.0978785
42.69; 0.0977913
42.7; 0.0977041
42.71; 0.097617
42.72; 0.09753
42.73; 0.097443
42.74; 0.0973561
42.75; 0.0972693
42.76; 0.0971826
42.77; 0.0970959
42.78; 0.0970093
42.79; 0.0969228
42.8; 0.0968364
42.81; 0.09675
42.82; 0.0966637
42.83; 0.0965775
42.84; 0.0964913
42.85; 0.0964053
42.86; 0.0963192
42.87; 0.0962333
42.88; 0.0961474
42.89; 0.0960616
42.9; 0.0959759
42.91; 0.0958903
42.92; 0.0958047
42.93; 0.0957192
42.94; 0.0956338
42.95; 0.0955484
42.96; 0.0954631
42.97; 0.0953779
42.98; 0.0952927
42.99; 0.0952076
43; 0.0951226
43.01; 0.0950377
43.02; 0.0949528
43.03; 0.094868
43.04; 0.0947833
43.05; 0.0946987
43.06; 0.0946141
43.07; 0.0945296
43.08; 0.0944451
43.09; 0.0943608
43.1; 0.0942765
43.11; 0.0941923
43.12; 0.0941081
43.13; 0.094024
43.14; 0.09394
43.15; 0.0938561
43.16; 0.0937722
43.17; 0.0936884
43.18; 0.0936046
43.19; 0.093521
43.2; 0.0934374
43.21; 0.0933539
43.22; 0.0932704
43.23; 0.093187
43.24; 0.0931037
43.25; 0.0930205
43.26; 0.0929373
43.27; 0.0928542
43.28; 0.0927712
43.29; 0.0926882
43.3; 0.0926053
43.31; 0.0925225
43.32; 0.0924397
43.33; 0.0923571
43.34; 0.0922744
43.35; 0.0921919
43.36; 0.0921094
43.37; 0.092027
43.38; 0.0919447
43.39; 0.0918624
43.4; 0.0917802
43.41; 0.0916981
43.42; 0.091616
43.43; 0.091534
43.44; 0.0914521
43.45; 0.0913703
43.46; 0.0912885
43.47; 0.0912068
43.48; 0.0911251
43.49; 0.0910435
43.5; 0.090962
43.51; 0.0908806
43.52; 0.0907992
43.53; 0.0907179
43.54; 0.0906367
43.55; 0.0905555
43.56; 0.0904744
43.57; 0.0903934
43.58; 0.0903124
43.59; 0.0902315
43.6; 0.0901507
43.61; 0.0900699
43.62; 0.0899892
43.63; 0.0899086
43.64; 0.0898281
43.65; 0.0897476
43.66; 0.0896672
43.67; 0.0895868
43.68; 0.0895065
43.69; 0.0894263
43.7; 0.0893462
43.71; 0.0892661
43.72; 0.0891861
43.73; 0.0891061
43.74; 0.0890263
43.75; 0.0889465
43.76; 0.0888667
43.77; 0.088787
43.78; 0.0887074
43.79; 0.0886279
43.8; 0.0885484
43.81; 0.088469
43.82; 0.0883897
43.83; 0.0883104
43.84; 0.0882312
43.85; 0.088152
43.86; 0.088073
43.87; 0.087994
43.88; 0.087915
43.89; 0.0878362
43.9; 0.0877574
43.91; 0.0876786
43.92; 0.0875999
43.93; 0.0875213
43.94; 0.0874428
43.95; 0.0873643
43.96; 0.0872859
43.97; 0.0872076
43.98; 0.0871293
43.99; 0.0870511
44; 0.086973
44.01; 0.0868949
44.02; 0.0868169
44.03; 0.0867389
44.04; 0.0866611
44.05; 0.0865832
44.06; 0.0865055
44.07; 0.0864278
44.08; 0.0863502
44.09; 0.0862727
44.1; 0.0861952
44.11; 0.0861178
44.12; 0.0860404
44.13; 0.0859631
44.14; 0.0858859
44.15; 0.0858087
44.16; 0.0857316
44.17; 0.0856546
44.18; 0.0855777
44.19; 0.0855008
44.2; 0.0854239
44.21; 0.0853472
44.22; 0.0852705
44.23; 0.0851938
44.24; 0.0851173
44.25; 0.0850408
44.26; 0.0849643
44.27; 0.084888
44.28; 0.0848116
44.29; 0.0847354
44.3; 0.0846592
44.31; 0.0845831
44.32; 0.084507
44.33; 0.0844311
44.34; 0.0843551
44.35; 0.0842793
44.36; 0.0842035
44.37; 0.0841278
44.38; 0.0840521
44.39; 0.0839765
44.4; 0.0839009
44.41; 0.0838255
44.42; 0.0837501
44.43; 0.0836747
44.44; 0.0835994
44.45; 0.0835242
44.46; 0.0834491
44.47; 0.083374
44.48; 0.0832989
44.49; 0.083224
44.5; 0.0831491
44.51; 0.0830743
44.52; 0.0829995
44.53; 0.0829248
44.54; 0.0828501
44.55; 0.0827755
44.56; 0.082701
44.57; 0.0826266
44.58; 0.0825522
44.59; 0.0824779
44.6; 0.0824036
44.61; 0.0823294
44.62; 0.0822552
44.63; 0.0821812
44.64; 0.0821072
44.65; 0.0820332
44.66; 0.0819593
44.67; 0.0818855
44.68; 0.0818117
44.69; 0.081738
44.7; 0.0816644
44.71; 0.0815908
44.72; 0.0815173
44.73; 0.0814439
44.74; 0.0813705
44.75; 0.0812972
44.76; 0.0812239
44.77; 0.0811507
44.78; 0.0810776
44.79; 0.0810045
44.8; 0.0809315
44.81; 0.0808585
44.82; 0.0807856
44.83; 0.0807128
44.84; 0.08064
44.85; 0.0805673
44.86; 0.0804947
44.87; 0.0804221
44.88; 0.0803496
44.89; 0.0802772
44.9; 0.0802048
44.91; 0.0801324
44.92; 0.0800602
44.93; 0.0799879
44.94; 0.0799158
44.95; 0.0798437
44.96; 0.0797717
44.97; 0.0796997
44.98; 0.0796278
44.99; 0.079556
45; 0.0794842
45.01; 0.0794125
45.02; 0.0793408
45.03; 0.0792692
45.04; 0.0791977
45.05; 0.0791262
45.06; 0.0790548
45.07; 0.0789835
45.08; 0.0789122
45.09; 0.078841
45.1; 0.0787698
45.11; 0.0786987
45.12; 0.0786276
45.13; 0.0785566
45.14; 0.0784857
45.15; 0.0784149
45.16; 0.078344
45.17; 0.0782733
45.18; 0.0782026
45.19; 0.078132
45.2; 0.0780614
45.21; 0.0779909
45.22; 0.0779205
45.23; 0.0778501
45.24; 0.0777798
45.25; 0.0777095
45.26; 0.0776393
45.27; 0.0775692
45.28; 0.0774991
45.29; 0.0774291
45.3; 0.0773591
45.31; 0.0772892
45.32; 0.0772194
45.33; 0.0771496
45.34; 0.0770798
45.35; 0.0770102
45.36; 0.0769406
45.37; 0.076871
45.38; 0.0768015
45.39; 0.0767321
45.4; 0.0766628
45.41; 0.0765934
45.42; 0.0765242
45.43; 0.076455
45.44; 0.0763859
45.45; 0.0763168
45.46; 0.0762478
45.47; 0.0761788
45.48; 0.0761099
45.49; 0.0760411
45.5; 0.0759723
45.51; 0.0759036
45.52; 0.075835
45.53; 0.0757664
45.54; 0.0756978
45.55; 0.0756293
45.56; 0.0755609
45.57; 0.0754925
45.58; 0.0754242
45.59; 0.075356
45.6; 0.0752878
45.61; 0.0752197
45.62; 0.0751516
45.63; 0.0750836
45.64; 0.0750156
45.65; 0.0749477
45.66; 0.0748799
45.67; 0.0748121
45.68; 0.0747444
45.69; 0.0746767
45.7; 0.0746091
45.71; 0.0745416
45.72; 0.0744741
45.73; 0.0744066
45.74; 0.0743393
45.75; 0.0742719
45.76; 0.0742047
45.77; 0.0741375
45.78; 0.0740703
45.79; 0.0740032
45.8; 0.0739362
45.81; 0.0738692
45.82; 0.0738023
45.83; 0.0737355
45.84; 0.0736687
45.85; 0.0736019
45.86; 0.0735352
45.87; 0.0734686
45.88; 0.073402
45.89; 0.0733355
45.9; 0.0732691
45.91; 0.0732027
45.92; 0.0731363
45.93; 0.07307
45.94; 0.0730038
45.95; 0.0729376
45.96; 0.0728715
45.97; 0.0728055
45.98; 0.0727395
45.99; 0.0726735
46; 0.0726076
46.01; 0.0725418
46.02; 0.072476
46.03; 0.0724103
46.04; 0.0723446
46.05; 0.072279
46.06; 0.0722135
46.07; 0.072148
46.08; 0.0720826
46.09; 0.0720172
46.1; 0.0719519
46.11; 0.0718866
46.12; 0.0718214
46.13; 0.0717562
46.14; 0.0716911
46.15; 0.0716261
46.16; 0.0715611
46.17; 0.0714962
46.18; 0.0714313
46.19; 0.0713665
46.2; 0.0713017
46.21; 0.071237
46.22; 0.0711723
46.23; 0.0711077
46.24; 0.0710432
46.25; 0.0709787
46.26; 0.0709143
46.27; 0.0708499
46.28; 0.0707856
46.29; 0.0707213
46.3; 0.0706571
46.31; 0.070593
46.32; 0.0705289
46.33; 0.0704648
46.34; 0.0704008
46.35; 0.0703369
46.36; 0.070273
46.37; 0.0702092
46.38; 0.0701454
46.39; 0.0700817
46.4; 0.0700181
46.41; 0.0699545
46.42; 0.0698909
46.43; 0.0698274
46.44; 0.069764
46.45; 0.0697006
46.46; 0.0696373
46.47; 0.069574
46.48; 0.0695108
46.49; 0.0694476
46.5; 0.0693845
46.51; 0.0693214
46.52; 0.0692584
46.53; 0.0691955
46.54; 0.0691326
46.55; 0.0690697
46.56; 0.069007
46.57; 0.0689442
46.58; 0.0688815
46.59; 0.0688189
46.6; 0.0687564
46.61; 0.0686938
46.62; 0.0686314
46.63; 0.068569
46.64; 0.0685066
46.65; 0.0684443
46.66; 0.0683821
46.67; 0.0683199
46.68; 0.0682577
46.69; 0.0681957
46.7; 0.0681336
46.71; 0.0680716
46.72; 0.0680097
46.73; 0.0679479
46.74; 0.067886
46.75; 0.0678243
46.76; 0.0677626
46.77; 0.0677009
46.78; 0.0676393
46.79; 0.0675778
46.8; 0.0675163
46.81; 0.0674548
46.82; 0.0673934
46.83; 0.0673321
46.84; 0.0672708
46.85; 0.0672096
46.86; 0.0671484
46.87; 0.0670873
46.88; 0.0670262
46.89; 0.0669652
46.9; 0.0669042
46.91; 0.0668433
46.92; 0.0667824
46.93; 0.0667216
46.94; 0.0666609
46.95; 0.0666002
46.96; 0.0665395
46.97; 0.0664789
46.98; 0.0664184
46.99; 0.0663579
47; 0.0662974
47.01; 0.066237
47.02; 0.0661767
47.03; 0.0661164
47.04; 0.0660562
47.05; 0.065996
47.06; 0.0659359
47.07; 0.0658758
47.08; 0.0658158
47.09; 0.0657558
47.1; 0.0656959
47.11; 0.065636
47.12; 0.0655762
47.13; 0.0655164
47.14; 0.0654567
47.15; 0.065397
47.16; 0.0653374
47.17; 0.0652779
47.18; 0.0652184
47.19; 0.0651589
47.2; 0.0650995
47.21; 0.0650402
47.22; 0.0649809
47.23; 0.0649216
47.24; 0.0648624
47.25; 0.0648033
47.26; 0.0647442
47.27; 0.0646851
47.28; 0.0646261
47.29; 0.0645672
47.3; 0.0645083
47.31; 0.0644495
47.32; 0.0643907
47.33; 0.0643319
47.34; 0.0642732
47.35; 0.0642146
47.36; 0.064156
47.37; 0.0640975
47.38; 0.064039
47.39; 0.0639806
47.4; 0.0639222
47.41; 0.0638639
47.42; 0.0638056
47.43; 0.0637473
47.44; 0.0636892
47.45; 0.063631
47.46; 0.063573
47.47; 0.0635149
47.48; 0.063457
47.49; 0.063399
47.5; 0.0633412
47.51; 0.0632833
47.52; 0.0632255
47.53; 0.0631678
47.54; 0.0631101
47.55; 0.0630525
47.56; 0.0629949
47.57; 0.0629374
47.58; 0.0628799
47.59; 0.0628225
47.6; 0.0627651
47.61; 0.0627078
47.62; 0.0626505
47.63; 0.0625933
47.64; 0.0625361
47.65; 0.062479
47.66; 0.0624219
47.67; 0.0623649
47.68; 0.0623079
47.69; 0.062251
47.7; 0.0621941
47.71; 0.0621373
47.72; 0.0620805
47.73; 0.0620238
47.74; 0.0619671
47.75; 0.0619105
47.76; 0.0618539
47.77; 0.0617974
47.78; 0.0617409
47.79; 0.0616844
47.8; 0.061628
47.81; 0.0615717
47.82; 0.0615154
47.83; 0.0614592
47.84; 0.061403
47.85; 0.0613469
47.86; 0.0612908
47.87; 0.0612347
47.88; 0.0611787
47.89; 0.0611228
47.9; 0.0610669
47.91; 0.061011
47.92; 0.0609552
47.93; 0.0608995
47.94; 0.0608438
47.95; 0.0607881
47.96; 0.0607325
47.97; 0.060677
47.98; 0.0606215
47.99; 0.060566
48; 0.0605106
48.01; 0.0604552
48.02; 0.0603999
48.03; 0.0603446
48.04; 0.0602894
48.05; 0.0602342
48.06; 0.0601791
48.07; 0.060124
48.08; 0.060069
48.09; 0.060014
48.1; 0.0599591
48.11; 0.0599042
48.12; 0.0598494
48.13; 0.0597946
48.14; 0.0597399
48.15; 0.0596852
48.16; 0.0596305
48.17; 0.0595759
48.18; 0.0595214
48.19; 0.0594669
48.2; 0.0594124
48.21; 0.059358
48.22; 0.0593037
48.23; 0.0592494
48.24; 0.0591951
48.25; 0.0591409
48.26; 0.0590867
48.27; 0.0590326
48.28; 0.0589785
48.29; 0.0589245
48.3; 0.0588705
48.31; 0.0588166
48.32; 0.0587627
48.33; 0.0587089
48.34; 0.0586551
48.35; 0.0586013
48.36; 0.0585476
48.37; 0.058494
48.38; 0.0584404
48.39; 0.0583868
48.4; 0.0583333
48.41; 0.0582798
48.42; 0.0582264
48.43; 0.058173
48.44; 0.0581197
48.45; 0.0580664
48.46; 0.0580132
48.47; 0.05796
48.48; 0.0579069
48.49; 0.0578538
48.5; 0.0578008
48.51; 0.0577478
48.52; 0.0576948
48.53; 0.0576419
48.54; 0.0575891
48.55; 0.0575362
48.56; 0.0574835
48.57; 0.0574308
48.58; 0.0573781
48.59; 0.0573254
48.6; 0.0572729
48.61; 0.0572203
48.62; 0.0571678
48.63; 0.0571154
48.64; 0.057063
48.65; 0.0570106
48.66; 0.0569583
48.67; 0.0569061
48.68; 0.0568539
48.69; 0.0568017
48.7; 0.0567496
48.71; 0.0566975
48.72; 0.0566455
48.73; 0.0565935
48.74; 0.0565415
48.75; 0.0564896
48.76; 0.0564378
48.77; 0.056386
48.78; 0.0563342
48.79; 0.0562825
48.8; 0.0562308
48.81; 0.0561792
48.82; 0.0561276
48.83; 0.0560761
48.84; 0.0560246
48.85; 0.0559732
48.86; 0.0559218
48.87; 0.0558704
48.88; 0.0558191
48.89; 0.0557679
48.9; 0.0557166
48.91; 0.0556655
48.92; 0.0556143
48.93; 0.0555633
48.94; 0.0555122
48.95; 0.0554612
48.96; 0.0554103
48.97; 0.0553594
48.98; 0.0553085
48.99; 0.0552577
49; 0.0552069
49.01; 0.0551562
49.02; 0.0551055
49.03; 0.0550549
49.04; 0.0550043
49.05; 0.0549537
49.06; 0.0549032
49.07; 0.0548528
49.08; 0.0548024
49.09; 0.054752
49.1; 0.0547017
49.11; 0.0546514
49.12; 0.0546011
49.13; 0.054551
49.14; 0.0545008
49.15; 0.0544507
49.16; 0.0544006
49.17; 0.0543506
49.18; 0.0543006
49.19; 0.0542507
49.2; 0.0542008
49.21; 0.054151
49.22; 0.0541012
49.23; 0.0540514
49.24; 0.0540017
49.25; 0.0539521
49.26; 0.0539024
49.27; 0.0538529
49.28; 0.0538033
49.29; 0.0537538
49.3; 0.0537044
49.31; 0.053655
49.32; 0.0536056
49.33; 0.0535563
49.34; 0.053507
49.35; 0.0534578
49.36; 0.0534086
49.37; 0.0533594
49.38; 0.0533103
49.39; 0.0532613
49.4; 0.0532123
49.41; 0.0531633
49.42; 0.0531144
49.43; 0.0530655
49.44; 0.0530166
49.45; 0.0529678
49.46; 0.0529191
49.47; 0.0528703
49.48; 0.0528217
49.49; 0.052773
49.5; 0.0527245
49.51; 0.0526759
49.52; 0.0526274
49.53; 0.052579
49.54; 0.0525305
49.55; 0.0524822
49.56; 0.0524338
49.57; 0.0523855
49.58; 0.0523373
49.59; 0.0522891
49.6; 0.0522409
49.61; 0.0521928
49.62; 0.0521447
49.63; 0.0520967
49.64; 0.0520487
49.65; 0.0520008
49.66; 0.0519529
49.67; 0.051905
49.68; 0.0518572
49.69; 0.0518094
49.7; 0.0517617
49.71; 0.051714
49.72; 0.0516663
49.73; 0.0516187
49.74; 0.0515711
49.75; 0.0515236
49.76; 0.0514761
49.77; 0.0514287
49.78; 0.0513813
49.79; 0.0513339
49.8; 0.0512866
49.81; 0.0512393
49.82; 0.0511921
49.83; 0.0511449
49.84; 0.0510977
49.85; 0.0510506
49.86; 0.0510035
49.87; 0.0509565
49.88; 0.0509095
49.89; 0.0508626
49.9; 0.0508157
49.91; 0.0507688
49.92; 0.050722
49.93; 0.0506752
49.94; 0.0506285
49.95; 0.0505818
49.96; 0.0505351
49.97; 0.0504885
49.98; 0.0504419
49.99; 0.0503954
50; 0.0503489
