0.130084; 0.209534; 0.441411; 0.807224; 1.2791; 1.82365; 2.40655; 2.99685; 3.57066; 4.11331; 4.62006; 5.095; 5.54874; 5.9952; 6.44822; 6.91856; 7.41192; 7.92808; 8.46152; 9.00297; 9.54183; 10.0686; 10.5771; 11.0657; 11.5376; 12; 12.4625; 12.9344; 13.423; 13.9315; 14.4582; 14.9971; 15.5385; 16.072; 16.5881; 17.0815; 17.5518; 18.0049; 18.4513; 18.9051; 19.38; 19.8867; 20.4294; 21.0032; 21.5935; 22.1764; 22.721; 23.1928; 23.5586; 
0.74731; 0.804698; 0.973394; 1.24344; 1.59961; 2.02332; 2.49473; 2.99501; 3.50813; 4.02219; 4.52994; 5.02866; 5.51929; 6.00519; 6.49073; 6.97993; 7.47545; 7.97806; 8.4866; 8.99845; 9.51029; 10.0189; 10.5222; 11.0193; 11.5112; 12; 12.4889; 12.9808; 13.4779; 13.9811; 14.4898; 15.0016; 15.5135; 16.022; 16.5246; 17.0201; 17.5093; 17.9949; 18.4808; 18.9714; 19.4701; 19.9779; 20.4919; 21.005; 21.5053; 21.9767; 22.4004; 22.7566; 23.0266; 
1.21187; 1.25701; 1.39042; 1.60627; 1.89551; 2.24686; 2.64788; 3.08616; 3.5503; 4.03074; 4.52018; 5.01369; 5.50854; 6.00369; 6.49924; 6.9958; 7.49401; 7.99418; 8.4961; 8.99914; 9.50236; 10.0048; 10.5059; 11.0052; 11.5031; 12; 12.497; 12.9948; 13.4942; 13.9952; 14.4977; 15.0009; 15.504; 16.0059; 16.506; 17.0043; 17.5008; 17.9964; 18.4915; 18.9864; 19.4799; 19.9693; 20.4498; 20.9139; 21.3522; 21.7532; 22.1045; 22.3938; 22.6096; 
1.5885; 1.62624; 1.73819; 1.92064; 2.16774; 2.47208; 2.82522; 3.21841; 3.64315; 4.09171; 4.55749; 5.0352; 5.52085; 6.01166; 6.50581; 7.00222; 7.50021; 7.99938; 8.49939; 8.99992; 9.50063; 10.0012; 10.5015; 11.0013; 11.5008; 12; 12.4993; 12.9987; 13.4986; 13.9988; 14.4994; 15.0001; 15.5007; 16.0007; 16.4998; 16.9978; 17.4942; 17.9884; 18.4792; 18.9649; 19.4426; 19.9083; 20.3569; 20.7816; 21.1748; 21.528; 21.8323; 22.0794; 22.2618; 
1.90999; 1.94288; 2.04068; 2.20083; 2.41928; 2.69078; 3.00926; 3.36817; 3.76094; 4.18124; 4.62332; 5.08214; 5.55348; 6.03398; 6.52099; 7.01256; 7.50726; 8.00406; 8.50226; 9.00132; 9.50089; 10.0007; 10.5006; 11.0004; 11.5003; 12; 12.4998; 12.9996; 13.4995; 13.9994; 14.4992; 14.9987; 15.4978; 15.996; 16.4928; 16.9875; 17.4791; 17.9661; 18.4466; 18.9179; 19.3767; 19.8188; 20.2391; 20.6319; 20.9908; 21.3093; 21.5808; 21.7992; 21.9593; 
2.19411; 2.22358; 2.31136; 2.45557; 2.65324; 2.90044; 3.19254; 3.52446; 3.89093; 4.2867; 4.70681; 5.14667; 5.60223; 6.06999; 6.54705; 7.03104; 7.5201; 8.01277; 8.50798; 9.00492; 9.50301; 10.0018; 10.5011; 11.0006; 11.5003; 12; 12.4998; 12.9994; 13.499; 13.9982; 14.4971; 14.9951; 15.4921; 15.9873; 16.48; 16.969; 17.453; 17.9301; 18.3978; 18.8534; 19.2932; 19.7133; 20.1091; 20.4756; 20.8075; 21.0996; 21.3468; 21.5444; 21.6887; 
2.45117; 2.47809; 2.55836; 2.69056; 2.87237; 3.10072; 3.37196; 3.68201; 4.02651; 4.40108; 4.80139; 5.22335; 5.66318; 6.11752; 6.5834; 7.05831; 7.54016; 8.02725; 8.5182; 9.01198; 9.50775; 10.0049; 10.503; 11.0017; 11.5008; 12; 12.4993; 12.9983; 13.497; 13.9951; 14.4923; 14.9881; 15.4819; 15.9728; 16.4599; 16.9417; 17.4167; 17.8825; 18.3369; 18.7767; 19.1987; 19.599; 19.9735; 20.318; 20.6281; 20.8993; 21.1277; 21.3095; 21.4416; 
2.6876; 2.71253; 2.78694; 2.90968; 3.0789; 3.29212; 3.54637; 3.83826; 4.16415; 4.52029; 4.90292; 5.30837; 5.73321; 6.17423; 6.62856; 7.09369; 7.5674; 8.04787; 8.53354; 9.02316; 9.51573; 10.0104; 10.5067; 11.0039; 11.5018; 12; 12.4982; 12.9961; 13.4934; 13.9896; 14.4843; 14.9769; 15.4665; 15.9522; 16.4327; 16.9064; 17.3715; 17.8258; 18.2668; 18.6917; 19.0971; 19.4798; 19.8359; 20.1618; 20.4537; 20.7079; 20.9211; 21.0903; 21.2131; 
2.90768; 2.93101; 3.00067; 3.11572; 3.27464; 3.47538; 3.71544; 3.99198; 4.30188; 4.6419; 5.00874; 5.39912; 5.80989; 6.2381; 6.68098; 7.13608; 7.60118; 8.07437; 8.554; 9.03867; 9.52724; 10.0187; 10.5124; 11.0075; 11.5035; 12; 12.4965; 12.9926; 13.4877; 13.9813; 14.4728; 14.9614; 15.4461; 15.9257; 16.3989; 16.864; 17.3191; 17.762; 18.1902; 18.6009; 18.9913; 19.3581; 19.6982; 20.0081; 20.2846; 20.5246; 20.7254; 20.8843; 20.9993; 
3.11439; 3.13638; 3.2021; 3.31075; 3.46105; 3.65126; 3.87926; 4.14259; 4.43859; 4.7644; 5.11709; 5.49372; 5.89144; 6.30748; 6.73925; 7.18437; 7.64066; 8.10619; 8.57926; 9.05837; 9.54226; 10.0298; 10.5202; 11.0124; 11.5059; 12; 12.4941; 12.9876; 13.4799; 13.9702; 14.4578; 14.9417; 15.4208; 15.8939; 16.3594; 16.8157; 17.2608; 17.6926; 18.1086; 18.5063; 18.883; 19.2356; 19.5614; 19.8574; 20.1208; 20.3488; 20.539; 20.6893; 20.7979; 
3.3099; 3.33076; 3.39314; 3.49635; 3.63929; 3.82047; 4.03804; 4.28989; 4.57366; 4.88682; 5.22678; 5.59087; 5.97648; 6.38106; 6.80216; 7.23751; 7.68498; 8.14267; 8.60883; 9.08193; 9.5606; 10.0436; 10.53; 11.0187; 11.509; 12; 12.4911; 12.9813; 13.4701; 13.9564; 14.4395; 14.9181; 15.3912; 15.8574; 16.3151; 16.7625; 17.1979; 17.619; 18.0236; 18.4092; 18.7733; 19.1132; 19.4264; 19.7101; 19.962; 20.1796; 20.3607; 20.5037; 20.6069; 
3.49585; 3.51575; 3.57525; 3.67376; 3.81032; 3.98364; 4.19209; 4.43382; 4.70672; 5.00857; 5.337; 5.68961; 6.064; 6.4578; 6.86872; 7.29458; 7.73335; 8.18312; 8.64217; 9.10891; 9.58191; 10.0599; 10.5417; 11.0263; 11.5127; 12; 12.4873; 12.9737; 13.4583; 13.9401; 14.4181; 14.8911; 15.3579; 15.8169; 16.2667; 16.7055; 17.1313; 17.5422; 17.936; 18.3104; 18.663; 18.9915; 19.2933; 19.5662; 19.8079; 20.0164; 20.1897; 20.3263; 20.4248; 
3.67352; 3.69258; 3.74956; 3.84396; 3.97493; 4.14132; 4.34171; 4.57442; 4.8376; 5.12923; 5.44717; 5.78923; 6.1532; 6.53688; 6.9381; 7.35481; 7.78502; 8.2269; 8.6787; 9.13884; 9.60585; 10.0784; 10.5552; 11.0351; 11.5171; 12; 12.483; 12.965; 13.4449; 13.9217; 14.3942; 14.8612; 15.3213; 15.7732; 16.215; 16.6452; 17.0619; 17.4632; 17.8468; 18.2108; 18.5529; 18.8708; 19.1624; 19.4256; 19.6583; 19.8587; 20.0251; 20.1561; 20.2504; 
3.84393; 3.86224; 3.917; 4.00776; 4.13377; 4.294; 4.48718; 4.71181; 4.96621; 5.24855; 5.55689; 5.88922; 6.24348; 6.61762; 7.00962; 7.4175; 7.83937; 8.27341; 8.71791; 9.17129; 9.63202; 10.0987; 10.5701; 11.0449; 11.5219; 12; 12.4782; 12.9552; 13.43; 13.9013; 14.368; 14.8288; 15.2821; 15.7266; 16.1607; 16.5825; 16.9904; 17.3824; 17.7566; 18.1108; 18.4431; 18.7515; 19.0338; 19.2882; 19.5128; 19.706; 19.8662; 19.9923; 20.083; 
4.0079; 4.02554; 4.07832; 4.16583; 4.28739; 4.44209; 4.62878; 4.84609; 5.09251; 5.36636; 5.66587; 5.98917; 6.33436; 6.69951; 7.08272; 7.4821; 7.89582; 8.32212; 8.75932; 9.20581; 9.66007; 10.1207; 10.5863; 11.0555; 11.5272; 12; 12.4729; 12.9446; 13.4138; 13.8794; 14.34; 14.7942; 15.2407; 15.6779; 16.1042; 16.518; 16.9173; 17.3005; 17.6657; 18.0109; 18.3342; 18.6337; 18.9075; 19.1539; 19.3712; 19.5579; 19.7126; 19.8342; 19.9217; 
4.16609; 4.18313; 4.23413; 4.31871; 4.43626; 4.58596; 4.76674; 4.97739; 5.2165; 5.48254; 5.77387; 6.08877; 6.42545; 6.7821; 7.15692; 7.54811; 7.95389; 8.37257; 8.80247; 9.24201; 9.68966; 10.1439; 10.6035; 11.0668; 11.5328; 12; 12.4673; 12.9332; 13.3966; 13.8561; 14.3104; 14.758; 15.1976; 15.6275; 16.0462; 16.4519; 16.8431; 17.2179; 17.5746; 17.9113; 18.2262; 18.5175; 18.7835; 19.0226; 19.2333; 19.4141; 19.5638; 19.6813; 19.7659; 
4.31907; 4.33557; 4.38495; 4.46687; 4.58077; 4.7259; 4.9013; 5.10583; 5.33821; 5.59703; 5.88076; 6.18779; 6.51645; 6.86504; 7.23184; 7.61512; 8.01318; 8.42436; 8.84701; 9.27956; 9.72048; 10.1683; 10.6215; 11.0788; 11.5387; 12; 12.4613; 12.9213; 13.3785; 13.8318; 14.2796; 14.7205; 15.153; 15.5757; 15.9869; 16.3849; 16.7682; 17.135; 17.4836; 17.8122; 18.1193; 18.403; 18.6618; 18.8942; 19.0987; 19.2741; 19.4192; 19.5331; 19.6151; 
4.46731; 4.48331; 4.53121; 4.6107; 4.72126; 4.86221; 5.03264; 5.23153; 5.45768; 5.70978; 5.9864; 6.28604; 6.60713; 6.94804; 7.30715; 7.68279; 8.07333; 8.47713; 8.8926; 9.31816; 9.75227; 10.1935; 10.6402; 11.0912; 11.5449; 12; 12.4551; 12.9089; 13.3598; 13.8066; 14.2478; 14.6819; 15.1075; 15.5229; 15.9267; 16.3173; 16.6929; 17.052; 17.3929; 17.714; 18.0136; 18.2903; 18.5423; 18.7685; 18.9674; 19.1378; 19.2788; 19.3893; 19.4688; 
4.61121; 4.62676; 4.6733; 4.75054; 4.85803; 4.9951; 5.16095; 5.3546; 5.57494; 5.82076; 6.09071; 6.38337; 6.69727; 7.03086; 7.38258; 7.75084; 8.13404; 8.5306; 8.93895; 9.35752; 9.78481; 10.2193; 10.6595; 11.104; 11.5513; 12; 12.4488; 12.8961; 13.3406; 13.7808; 14.2152; 14.6425; 15.0611; 15.4694; 15.866; 16.2492; 16.6175; 16.9692; 17.3028; 17.6167; 17.9093; 18.1793; 18.4251; 18.6454; 18.8391; 19.0049; 19.142; 19.2495; 19.3267; 
4.75111; 4.76623; 4.81151; 4.88668; 4.99131; 5.12479; 5.28637; 5.47513; 5.69004; 5.92995; 6.19361; 6.47967; 6.78672; 7.11331; 7.45791; 7.81901; 8.19506; 8.58451; 8.98582; 9.39745; 9.81788; 10.2456; 10.6791; 11.117; 11.5578; 12; 12.4422; 12.883; 13.3209; 13.7544; 14.1822; 14.6026; 15.0142; 15.4155; 15.805; 16.181; 16.5421; 16.8867; 17.2133; 17.5204; 17.8064; 18.0701; 18.31; 18.5249; 18.7137; 18.8752; 19.0087; 19.1133; 19.1885; 
4.88729; 4.90202; 4.94613; 5.01937; 5.12134; 5.25147; 5.40904; 5.59322; 5.80303; 6.03737; 6.29507; 6.57485; 6.87536; 7.19522; 7.53296; 7.88712; 8.25618; 8.63865; 9.03301; 9.43773; 9.85131; 10.2723; 10.6991; 11.1303; 11.5644; 12; 12.4356; 12.8698; 13.301; 13.7278; 14.1487; 14.5623; 14.967; 15.3614; 15.7439; 16.1129; 16.4671; 16.8048; 17.1247; 17.4252; 17.705; 17.9627; 18.197; 18.4068; 18.591; 18.7485; 18.8787; 18.9806; 19.0539; 
5.02001; 5.03438; 5.07739; 5.14883; 5.2483; 5.37528; 5.5291; 5.70896; 5.91394; 6.14301; 6.39504; 6.66882; 6.96308; 7.27645; 7.60756; 7.95497; 8.31722; 8.69284; 9.08033; 9.4782; 9.88497; 10.2991; 10.7192; 11.1437; 11.5711; 12; 12.4289; 12.8564; 13.2809; 13.7009; 14.1151; 14.5218; 14.9197; 15.3072; 15.6828; 16.0451; 16.3925; 16.7236; 17.037; 17.3312; 17.605; 17.857; 18.0861; 18.2911; 18.4709; 18.6247; 18.7517; 18.8512; 18.9226; 
5.14949; 5.16351; 5.2055; 5.27524; 5.37236; 5.49638; 5.64665; 5.82242; 6.02282; 6.24687; 6.4935; 6.76155; 7.04979; 7.35692; 7.6816; 8.02244; 8.37803; 8.74692; 9.12765; 9.51874; 9.91872; 10.3261; 10.7394; 11.1571; 11.5778; 12; 12.4222; 12.8429; 13.2606; 13.6739; 14.0813; 14.4813; 14.8724; 15.2531; 15.622; 15.9776; 16.3184; 16.6431; 16.9502; 17.2385; 17.5065; 17.7532; 17.9772; 18.1776; 18.3534; 18.5036; 18.6276; 18.7248; 18.7945; 
5.27592; 5.28961; 5.33063; 5.39876; 5.49367; 5.61488; 5.76179; 5.93368; 6.12972; 6.34898; 6.59044; 6.85298; 7.13542; 7.43652; 7.75496; 8.08942; 8.43849; 8.80077; 9.17483; 9.55922; 9.95246; 10.3531; 10.7596; 11.1706; 11.5846; 12; 12.4155; 12.8294; 13.2404; 13.647; 14.0476; 14.4408; 14.8252; 15.1993; 15.5616; 15.9106; 16.2451; 16.5635; 16.8646; 17.1471; 17.4096; 17.651; 17.8703; 18.0663; 18.2382; 18.3851; 18.5063; 18.6012; 18.6694; 
5.39946; 5.41285; 5.45294; 5.51956; 5.61236; 5.7309; 5.8746; 6.04279; 6.23467; 6.44935; 6.68584; 6.94308; 7.21993; 7.51518; 7.82757; 8.15579; 8.49849; 8.85429; 9.22178; 9.59953; 9.98611; 10.38; 10.7799; 11.1841; 11.5913; 12; 12.4087; 12.8159; 13.2202; 13.62; 14.0139; 14.4005; 14.7783; 15.1458; 15.5016; 15.8443; 16.1725; 16.4849; 16.7801; 17.0569; 17.3142; 17.5507; 17.7654; 17.9572; 18.1254; 18.2691; 18.3877; 18.4805; 18.5471; 
5.52026; 5.53335; 5.57258; 5.63774; 5.72853; 5.84453; 5.98518; 6.14983; 6.33772; 6.548; 6.77971; 7.03184; 7.30327; 7.59285; 7.89935; 8.22149; 8.55795; 8.90738; 9.26841; 9.63962; 10.0196; 10.4069; 10.8; 11.1976; 11.5981; 12; 12.402; 12.8025; 13.2; 13.5932; 13.9805; 14.3604; 14.7316; 15.0927; 15.4421; 15.7786; 16.1007; 16.4072; 16.6968; 16.9682; 17.2203; 17.452; 17.6623; 17.8502; 18.0148; 18.1555; 18.2715; 18.3623; 18.4274; 
5.63845; 5.65127; 5.68965; 5.75343; 5.84231; 5.95587; 6.09359; 6.25484; 6.4389; 6.64494; 6.87205; 7.11923; 7.38542; 7.66949; 7.97024; 8.28644; 8.6168; 8.95998; 9.31464; 9.67939; 10.0528; 10.4335; 10.82; 11.2109; 11.6047; 12; 12.3953; 12.7891; 13.18; 13.5665; 13.9472; 14.3206; 14.6854; 15.0401; 15.3832; 15.7136; 16.0298; 16.3305; 16.6146; 16.8808; 17.128; 17.3551; 17.5611; 17.7452; 17.9064; 18.0441; 18.1577; 18.2466; 18.3104; 
5.75414; 5.76669; 5.80428; 5.86673; 5.95377; 6.06499; 6.1999; 6.35789; 6.53826; 6.74021; 6.96286; 7.20525; 7.46635; 7.74506; 8.04022; 8.35061; 8.67498; 9.01203; 9.36043; 9.71881; 10.0858; 10.46; 10.8399; 11.2242; 11.6114; 12; 12.3887; 12.7758; 13.1601; 13.5401; 13.9143; 14.2812; 14.6396; 14.988; 15.3251; 15.6494; 15.9598; 16.255; 16.5337; 16.7948; 17.0372; 17.2598; 17.4618; 17.6421; 17.8001; 17.935; 18.0462; 18.1333; 18.1957; 
5.86745; 5.87974; 5.91656; 5.97774; 6.063; 6.17198; 6.30418; 6.45902; 6.63582; 6.83381; 7.05215; 7.28989; 7.54605; 7.81953; 8.10923; 8.41394; 8.73245; 9.06348; 9.40571; 9.75782; 10.1184; 10.4862; 10.8596; 11.2374; 11.618; 12; 12.3821; 12.7627; 13.1404; 13.5139; 13.8816; 14.2422; 14.5943; 14.9366; 15.2676; 15.5861; 15.8908; 16.1805; 16.454; 16.7101; 16.9479; 17.1662; 17.3642; 17.541; 17.6958; 17.828; 17.937; 18.0223; 18.0835; 
5.97845; 5.99049; 6.02657; 6.08652; 6.17008; 6.27689; 6.40647; 6.55827; 6.73162; 6.92578; 7.13993; 7.37316; 7.6245; 7.89289; 8.17725; 8.47641; 8.78917; 9.11428; 9.45046; 9.79639; 10.1507; 10.5121; 10.8791; 11.2504; 11.6245; 12; 12.3756; 12.7497; 13.1209; 13.488; 13.8493; 14.2037; 14.5496; 14.8858; 15.2109; 15.5236; 15.8228; 16.1071; 16.3755; 16.6269; 16.8601; 17.0742; 17.2684; 17.4418; 17.5935; 17.7231; 17.8299; 17.9135; 17.9734; 
6.08723; 6.09903; 6.1344; 6.19317; 6.27508; 6.37979; 6.50684; 6.65569; 6.8257; 7.01614; 7.22622; 7.45506; 7.7017; 7.96513; 8.24427; 8.53799; 8.84512; 9.16442; 9.49464; 9.83448; 10.1826; 10.5377; 10.8984; 11.2633; 11.6309; 12; 12.3691; 12.7368; 13.1017; 13.4623; 13.8174; 14.1656; 14.5054; 14.8356; 15.1549; 15.462; 15.7558; 16.0349; 16.2983; 16.545; 16.7738; 16.9839; 17.1743; 17.3443; 17.4932; 17.6202; 17.7249; 17.8068; 17.8656; 
6.19387; 6.20544; 6.24012; 6.29774; 6.37806; 6.48074; 6.60534; 6.75132; 6.91809; 7.10492; 7.31104; 7.53559; 7.77765; 8.03623; 8.31027; 8.59866; 8.90026; 9.21386; 9.53822; 9.87208; 10.2141; 10.563; 10.9174; 11.276; 11.6373; 12; 12.3627; 12.7241; 13.0826; 13.437; 13.7859; 14.128; 14.4618; 14.7862; 15.0998; 15.4014; 15.6898; 15.9638; 16.2224; 16.4644; 16.689; 16.8951; 17.0819; 17.2487; 17.3947; 17.5193; 17.622; 17.7023; 17.7599; 
6.29843; 6.30978; 6.34379; 6.4003; 6.47907; 6.57978; 6.702; 6.84521; 7.00881; 7.19213; 7.39439; 7.61477; 7.85236; 8.10619; 8.37524; 8.65842; 8.9546; 9.26259; 9.5812; 9.90916; 10.2452; 10.588; 10.9362; 11.2885; 11.6436; 12; 12.3564; 12.7115; 13.0638; 13.4121; 13.7549; 14.0909; 14.4188; 14.7374; 15.0454; 15.3416; 15.6248; 15.8938; 16.1477; 16.3853; 16.6056; 16.8079; 16.9912; 17.1548; 17.298; 17.4202; 17.5209; 17.5997; 17.6562; 
6.40099; 6.41212; 6.44547; 6.5009; 6.57818; 6.67697; 6.79688; 6.93738; 7.09792; 7.2778; 7.47631; 7.69261; 7.92583; 8.17502; 8.43918; 8.71725; 9.00811; 9.3106; 9.62355; 9.94571; 10.2758; 10.6126; 10.9547; 11.3009; 11.6498; 12; 12.3502; 12.6991; 13.0453; 13.3874; 13.7242; 14.0543; 14.3765; 14.6894; 14.9919; 15.2828; 15.5608; 15.825; 16.0742; 16.3074; 16.5237; 16.7222; 16.9021; 17.0626; 17.2031; 17.323; 17.4218; 17.4991; 17.5545; 
6.50159; 6.51251; 6.54523; 6.59961; 6.67542; 6.77236; 6.89001; 7.02788; 7.18542; 7.36196; 7.5568; 7.76912; 7.99807; 8.24272; 8.50209; 8.77514; 9.06078; 9.35788; 9.66526; 9.98172; 10.306; 10.6369; 10.973; 11.3131; 11.6559; 12; 12.3441; 12.6869; 13.027; 13.3632; 13.694; 14.0183; 14.3348; 14.6422; 14.9393; 15.2249; 15.4979; 15.7573; 16.002; 16.2309; 16.4432; 16.6381; 16.8146; 16.9721; 17.11; 17.2277; 17.3246; 17.4004; 17.4548; 
6.60029; 6.611; 6.64311; 6.69647; 6.77086; 6.86598; 6.98143; 7.11674; 7.27135; 7.44464; 7.63588; 7.84431; 8.06909; 8.30929; 8.56397; 8.83211; 9.11263; 9.40442; 9.70634; 10.0172; 10.3357; 10.6608; 10.991; 11.3252; 11.6619; 12; 12.3381; 12.6749; 13.009; 13.3393; 13.6643; 13.9829; 14.2937; 14.5956; 14.8874; 15.1679; 15.4361; 15.6907; 15.9309; 16.1557; 16.3641; 16.5554; 16.7287; 16.8833; 17.0186; 17.134; 17.2292; 17.3035; 17.3569; 
6.69713; 6.70765; 6.73916; 6.79152; 6.86453; 6.95788; 7.07119; 7.20399; 7.35575; 7.52585; 7.71358; 7.91821; 8.13889; 8.37475; 8.62483; 8.88814; 9.16363; 9.45022; 9.74676; 10.0521; 10.365; 10.6843; 11.0087; 11.337; 11.6679; 12; 12.3322; 12.663; 12.9913; 13.3157; 13.635; 13.9479; 14.2533; 14.5498; 14.8364; 15.1119; 15.3752; 15.6253; 15.8611; 16.0818; 16.2864; 16.4742; 16.6443; 16.796; 16.9288; 17.0421; 17.1355; 17.2085; 17.2608; 
6.79218; 6.8025; 6.83342; 6.88481; 6.95647; 7.04809; 7.15931; 7.28967; 7.43864; 7.60562; 7.78993; 7.99082; 8.2075; 8.43909; 8.68466; 8.94325; 9.21381; 9.49528; 9.78654; 10.0865; 10.3938; 10.7075; 11.0262; 11.3487; 11.6737; 12; 12.3263; 12.6513; 12.9738; 13.2925; 13.6062; 13.9136; 14.2135; 14.5048; 14.7862; 15.0568; 15.3154; 15.5609; 15.7925; 16.0092; 16.2101; 16.3944; 16.5614; 16.7104; 16.8407; 16.9519; 17.0435; 17.1152; 17.1666; 
6.88546; 6.89559; 6.92594; 6.97638; 7.04672; 7.13665; 7.24583; 7.3738; 7.52004; 7.68397; 7.86492; 8.06217; 8.27493; 8.50234; 8.74349; 8.99743; 9.26315; 9.53959; 9.82567; 10.1203; 10.4222; 10.7303; 11.0434; 11.3602; 11.6795; 12; 12.3206; 12.6399; 12.9567; 13.2697; 13.5778; 13.8798; 14.1744; 14.4604; 14.7369; 15.0026; 15.2565; 15.4977; 15.7251; 15.9379; 16.1351; 16.3161; 16.48; 16.6262; 16.7542; 16.8634; 16.9533; 17.0236; 17.0741; 
6.97703; 6.98697; 7.01676; 7.06628; 7.13532; 7.22361; 7.33078; 7.45641; 7.59999; 7.76093; 7.9386; 8.13228; 8.34119; 8.5645; 8.80131; 9.0507; 9.31167; 9.58318; 9.86416; 10.1535; 10.4501; 10.7527; 11.0603; 11.3715; 11.6851; 12; 12.3149; 12.6286; 12.9398; 13.2473; 13.5499; 13.8465; 14.1359; 14.4169; 14.6884; 14.9493; 15.1987; 15.4355; 15.6588; 15.8677; 16.0614; 16.2391; 16.4; 16.5436; 16.6692; 16.7764; 16.8647; 16.9337; 16.9832; 
7.06691; 7.07667; 7.10592; 7.15453; 7.2223; 7.30898; 7.4142; 7.53754; 7.67851; 7.83653; 8.01098; 8.20115; 8.40629; 8.62558; 8.85815; 9.10307; 9.35936; 9.62603; 9.90201; 10.1862; 10.4775; 10.7748; 11.0769; 11.3826; 11.6907; 12; 12.3093; 12.6174; 12.9231; 13.2252; 13.5225; 13.8138; 14.098; 14.374; 14.6407; 14.897; 15.1419; 15.3744; 15.5937; 15.7989; 15.989; 16.1635; 16.3215; 16.4625; 16.5858; 16.691; 16.7777; 16.8455; 16.8941; 
7.15515; 7.16473; 7.19344; 7.24117; 7.30771; 7.39281; 7.49611; 7.61721; 7.75562; 7.91078; 8.08208; 8.26882; 8.47027; 8.68561; 8.914; 9.15453; 9.40625; 9.66816; 9.93922; 10.2184; 10.5045; 10.7965; 11.0932; 11.3935; 11.6962; 12; 12.3039; 12.6065; 12.9068; 13.2035; 13.4955; 13.7817; 14.0608; 14.3319; 14.5938; 14.8455; 15.086; 15.3144; 15.5298; 15.7312; 15.9179; 16.0892; 16.2444; 16.3828; 16.5039; 16.6072; 16.6923; 16.7588; 16.8066; 
7.24178; 7.25119; 7.27938; 7.32623; 7.39157; 7.47512; 7.57655; 7.69545; 7.83136; 7.98371; 8.15192; 8.3353; 8.53312; 8.7446; 8.96889; 9.20512; 9.45233; 9.70957; 9.9758; 10.25; 10.531; 10.8179; 11.1093; 11.4043; 11.7016; 12; 12.2985; 12.5958; 12.8907; 13.1822; 13.469; 13.75; 14.0242; 14.2905; 14.5477; 14.7949; 15.0311; 15.2554; 15.4669; 15.6647; 15.8481; 16.0163; 16.1687; 16.3046; 16.4235; 16.5249; 16.6084; 16.6738; 16.7206; 
7.32684; 7.33607; 7.36375; 7.40976; 7.47391; 7.55594; 7.65554; 7.77229; 7.90574; 8.05535; 8.22052; 8.4006; 8.59487; 8.80255; 9.02283; 9.25482; 9.49762; 9.75027; 10.0118; 10.2811; 10.5571; 10.8388; 11.1251; 11.4148; 11.7069; 12; 12.2932; 12.5852; 12.8749; 13.1612; 13.4429; 13.719; 13.9883; 14.2498; 14.5024; 14.7452; 14.9772; 15.1975; 15.4052; 15.5994; 15.7795; 15.9447; 16.0943; 16.2277; 16.3445; 16.4441; 16.5261; 16.5902; 16.6363; 
7.41035; 7.41942; 7.4466; 7.49177; 7.55476; 7.63531; 7.73311; 7.84775; 7.9788; 8.12571; 8.28791; 8.46475; 8.65553; 8.85949; 9.07582; 9.30367; 9.54213; 9.79026; 10.0471; 10.3116; 10.5827; 10.8595; 11.1407; 11.4252; 11.7121; 12; 12.288; 12.5748; 12.8594; 13.1406; 13.4173; 13.6884; 13.9529; 14.2098; 14.4579; 14.6964; 14.9242; 15.1405; 15.3445; 15.5353; 15.7121; 15.8743; 16.0212; 16.1523; 16.2669; 16.3647; 16.4452; 16.5082; 16.5534; 
7.49235; 7.50126; 7.52795; 7.5723; 7.63415; 7.71325; 7.80928; 7.92187; 8.05055; 8.19482; 8.3541; 8.52776; 8.71512; 8.91543; 9.12789; 9.35166; 9.58586; 9.82957; 10.0818; 10.3416; 10.6079; 10.8797; 11.1559; 11.4354; 11.7172; 12; 12.2829; 12.5646; 12.8441; 13.1203; 13.3921; 13.6584; 13.9182; 14.1705; 14.4142; 14.6484; 14.8721; 15.0846; 15.2849; 15.4723; 15.6459; 15.8052; 15.9495; 16.0781; 16.1907; 16.2868; 16.3659; 16.4277; 16.4721; 
7.57288; 7.58162; 7.60783; 7.65138; 7.71212; 7.78979; 7.8841; 7.99465; 8.12102; 8.26269; 8.41912; 8.58966; 8.77366; 8.97038; 9.17904; 9.39881; 9.62883; 9.86819; 10.1159; 10.3711; 10.6327; 10.8996; 11.1709; 11.4455; 11.7222; 12; 12.2778; 12.5546; 12.8291; 13.1004; 13.3673; 13.6289; 13.8841; 14.1318; 14.3712; 14.6012; 14.821; 15.0296; 15.2264; 15.4104; 15.5809; 15.7373; 15.879; 16.0054; 16.1159; 16.2102; 16.2879; 16.3486; 16.3922; 
7.65195; 7.66054; 7.68627; 7.72904; 7.78868; 7.86496; 7.95756; 8.06613; 8.19023; 8.32936; 8.48298; 8.65047; 8.83117; 9.02437; 9.22929; 9.44514; 9.67105; 9.90614; 10.1495; 10.4001; 10.657; 10.9192; 11.1857; 11.4553; 11.7271; 12; 12.2729; 12.5447; 12.8144; 13.0808; 13.343; 13.5999; 13.8506; 14.0939; 14.329; 14.5549; 14.7707; 14.9757; 15.1689; 15.3496; 15.517; 15.6707; 15.8098; 15.9339; 16.0424; 16.1351; 16.2113; 16.271; 16.3137; 
7.7296; 7.73803; 7.7633; 7.8053; 7.86387; 7.93878; 8.02972; 8.13633; 8.2582; 8.39484; 8.5457; 8.71019; 8.88766; 9.0774; 9.27866; 9.49065; 9.71253; 9.94342; 10.1824; 10.4286; 10.6809; 10.9384; 11.2002; 11.465; 11.732; 12; 12.268; 12.535; 12.7999; 13.0616; 13.3191; 13.5715; 13.8176; 14.0566; 14.2875; 14.5094; 14.7214; 14.9226; 15.1124; 15.2898; 15.4543; 15.6052; 15.7418; 15.8637; 15.9703; 16.0612; 16.1361; 16.1947; 16.2367; 
7.80585; 7.81413; 7.83894; 7.88019; 7.93771; 8.01127; 8.10058; 8.20528; 8.32496; 8.45915; 8.60731; 8.76886; 8.94315; 9.12949; 9.32716; 9.53536; 9.75328; 9.98005; 10.2148; 10.4566; 10.7044; 10.9573; 11.2144; 11.4745; 11.7368; 12; 12.2633; 12.5255; 12.7856; 13.0427; 13.2956; 13.5435; 13.7852; 14.02; 14.2467; 14.4647; 14.6729; 14.8705; 15.0569; 15.2312; 15.3927; 15.5409; 15.6751; 15.7947; 15.8994; 15.9887; 16.0623; 16.1198; 16.1611; 
7.88073; 7.88886; 7.91323; 7.95374; 8.01022; 8.08246; 8.17017; 8.273; 8.39053; 8.52232; 8.66782; 8.82648; 8.99765; 9.18067; 9.3748; 9.57929; 9.79331; 10.016; 10.2466; 10.484; 10.7275; 10.9759; 11.2284; 11.4839; 11.7414; 12; 12.2586; 12.5161; 12.7716; 13.0241; 13.2726; 13.516; 13.7534; 13.984; 14.2067; 14.4207; 14.6252; 14.8194; 15.0024; 15.1735; 15.3322; 15.4777; 15.6095; 15.727; 15.8298; 15.9175; 15.9898; 16.0463; 16.0868; 
7.95427; 7.96225; 7.98619; 8.02597; 8.08144; 8.15238; 8.23852; 8.3395; 8.45493; 8.58436; 8.72726; 8.88308; 9.05119; 9.23093; 9.4216; 9.62243; 9.83264; 10.0514; 10.2778; 10.511; 10.7501; 10.9941; 11.2421; 11.4931; 11.7461; 12; 12.254; 12.5069; 12.7579; 13.0059; 13.2499; 13.489; 13.7222; 13.9486; 14.1674; 14.3776; 14.5784; 14.7691; 14.9488; 15.1169; 15.2728; 15.4157; 15.5451; 15.6605; 15.7615; 15.8476; 15.9186; 15.974; 16.0138; 
8.02648; 8.03433; 8.05783; 8.0969; 8.15138; 8.22105; 8.30564; 8.40482; 8.51818; 8.64529; 8.78564; 8.93867; 9.10377; 9.28031; 9.46757; 9.66481; 9.87127; 10.0861; 10.3085; 10.5376; 10.7724; 11.0121; 11.2556; 11.5021; 11.7506; 12; 12.2495; 12.4979; 12.7444; 12.988; 13.2276; 13.4625; 13.6915; 13.9139; 14.1288; 14.3352; 14.5325; 14.7197; 14.8962; 15.0614; 15.2144; 15.3547; 15.4818; 15.5952; 15.6944; 15.779; 15.8486; 15.9031; 15.9422; 
8.09741; 8.10511; 8.1282; 8.16656; 8.22007; 8.28849; 8.37157; 8.46897; 8.58031; 8.70514; 8.84298; 8.99327; 9.15543; 9.3288; 9.51272; 9.70644; 9.90922; 10.1202; 10.3387; 10.5636; 10.7943; 11.0297; 11.2689; 11.511; 11.755; 12; 12.245; 12.489; 12.7311; 12.9704; 13.2057; 13.4364; 13.6614; 13.8798; 14.0908; 14.2936; 14.4873; 14.6712; 14.8446; 15.0067; 15.157; 15.2949; 15.4197; 15.531; 15.6284; 15.7115; 15.7799; 15.8334; 15.8718; 
8.16706; 8.17463; 8.1973; 8.23498; 8.28753; 8.35473; 8.43632; 8.53197; 8.64132; 8.76392; 8.89929; 9.0469; 9.20616; 9.37644; 9.55707; 9.74734; 9.94649; 10.1537; 10.3683; 10.5892; 10.8158; 11.047; 11.2819; 11.5197; 11.7594; 12; 12.2406; 12.4803; 12.7181; 12.9531; 13.1843; 13.4108; 13.6318; 13.8463; 14.0535; 14.2527; 14.443; 14.6236; 14.7939; 14.9531; 15.1007; 15.2361; 15.3587; 15.468; 15.5637; 15.6453; 15.7125; 15.765; 15.8027; 
8.23547; 8.2429; 8.26517; 8.30217; 8.35378; 8.41978; 8.49991; 8.59385; 8.70124; 8.82165; 8.95461; 9.09957; 9.25599; 9.42323; 9.60063; 9.78751; 9.9831; 10.1867; 10.3974; 10.6144; 10.8369; 11.064; 11.2947; 11.5283; 11.7637; 12; 12.2364; 12.4718; 12.7053; 12.9361; 13.1631; 13.3856; 13.6027; 13.8134; 14.0169; 14.2125; 14.3994; 14.5768; 14.744; 14.9004; 15.0454; 15.1784; 15.2988; 15.4062; 15.5001; 15.5802; 15.6462; 15.6978; 15.7348; 
8.30265; 8.30995; 8.33182; 8.36816; 8.41885; 8.48366; 8.56236; 8.65463; 8.7601; 8.87836; 9.00893; 9.15131; 9.30493; 9.46919; 9.64342; 9.82696; 10.0191; 10.219; 10.4259; 10.6391; 10.8576; 11.0806; 11.3073; 11.5367; 11.7679; 12; 12.2321; 12.4634; 12.6927; 12.9194; 13.1424; 13.3609; 13.5741; 13.781; 13.981; 14.1731; 14.3566; 14.5308; 14.6951; 14.8487; 14.9911; 15.1217; 15.2399; 15.3454; 15.4376; 15.5163; 15.5812; 15.6318; 15.6682; 
8.36864; 8.3758; 8.39728; 8.43297; 8.48275; 8.54641; 8.6237; 8.71432; 8.8179; 8.93405; 9.06229; 9.20213; 9.353; 9.51433; 9.68545; 9.86571; 10.0544; 10.2507; 10.454; 10.6634; 10.878; 11.097; 11.3196; 11.5449; 11.772; 12; 12.228; 12.4551; 12.6804; 12.903; 13.122; 13.3367; 13.546; 13.7493; 13.9456; 14.1343; 14.3146; 14.4857; 14.647; 14.7979; 14.9377; 15.066; 15.1821; 15.2857; 15.3763; 15.4536; 15.5173; 15.567; 15.6027; 
8.43344; 8.44048; 8.46157; 8.49663; 8.54551; 8.60803; 8.68394; 8.77294; 8.87468; 8.98875; 9.1147; 9.25204; 9.40022; 9.55866; 9.72674; 9.90378; 10.0891; 10.2819; 10.4816; 10.6872; 10.898; 11.1131; 11.3318; 11.553; 11.7761; 12; 12.2239; 12.447; 12.6683; 12.8869; 13.102; 13.3128; 13.5185; 13.7181; 13.9109; 14.0962; 14.2733; 14.4414; 14.5998; 14.748; 14.8853; 15.0113; 15.1253; 15.2271; 15.3161; 15.392; 15.4545; 15.5034; 15.5384; 
8.49708; 8.504; 8.52471; 8.55914; 8.60715; 8.66856; 8.74311; 8.83052; 8.93044; 9.04247; 9.16617; 9.30106; 9.4466; 9.60221; 9.76728; 9.94117; 10.1232; 10.3126; 10.5086; 10.7106; 10.9176; 11.1289; 11.3437; 11.561; 11.7801; 12; 12.2199; 12.439; 12.6563; 12.8711; 13.0824; 13.2894; 13.4914; 13.6874; 13.8769; 14.0589; 14.2327; 14.3978; 14.5534; 14.699; 14.8338; 14.9575; 15.0696; 15.1695; 15.2569; 15.3315; 15.3929; 15.4409; 15.4753; 
8.55959; 8.56638; 8.58672; 8.62054; 8.66769; 8.728; 8.80122; 8.88707; 8.9852; 9.09523; 9.21673; 9.34921; 9.49215; 9.64498; 9.80711; 9.97789; 10.1566; 10.3427; 10.5352; 10.7336; 10.9369; 11.1445; 11.3554; 11.5688; 11.784; 12; 12.216; 12.4312; 12.6446; 12.8555; 13.0631; 13.2664; 13.4648; 13.6573; 13.8434; 14.0221; 14.1929; 14.355; 14.5079; 14.6508; 14.7833; 14.9048; 15.0148; 15.1129; 15.1988; 15.272; 15.3323; 15.3795; 15.4133; 
8.62098; 8.62765; 8.64763; 8.68084; 8.72715; 8.78638; 8.8583; 8.94261; 9.03899; 9.14706; 9.26638; 9.3965; 9.53688; 9.68699; 9.84622; 10.014; 10.1895; 10.3722; 10.5614; 10.7562; 10.9559; 11.1597; 11.3669; 11.5765; 11.7879; 12; 12.2122; 12.4235; 12.6331; 12.8403; 13.0441; 13.2438; 13.4387; 13.6278; 13.8105; 13.9861; 14.1538; 14.313; 14.4631; 14.6035; 14.7336; 14.853; 14.961; 15.0574; 15.1417; 15.2136; 15.2729; 15.3192; 15.3524; 
8.68127; 8.68782; 8.70744; 8.74006; 8.78555; 8.84372; 8.91435; 8.99716; 9.09182; 9.19796; 9.31515; 9.44294; 9.58082; 9.72825; 9.88464; 10.0494; 10.2218; 10.4013; 10.587; 10.7784; 10.9745; 11.1747; 11.3782; 11.5841; 11.7916; 12; 12.2084; 12.4159; 12.6218; 12.8253; 13.0255; 13.2217; 13.413; 13.5988; 13.7782; 13.9506; 14.1154; 14.2718; 14.4192; 14.5571; 14.6849; 14.8021; 14.9082; 15.0029; 15.0857; 15.1563; 15.2145; 15.2599; 15.2926; 
8.74049; 8.74692; 8.76619; 8.79823; 8.8429; 8.90004; 8.96941; 9.05073; 9.1437; 9.24795; 9.36305; 9.48856; 9.62398; 9.76878; 9.92238; 10.0842; 10.2535; 10.4298; 10.6122; 10.8002; 10.9928; 11.1894; 11.3893; 11.5915; 11.7954; 12; 12.2047; 12.4085; 12.6108; 12.8106; 13.0072; 13.1999; 13.3878; 13.5702; 13.7465; 13.9158; 14.0776; 14.2312; 14.376; 14.5115; 14.637; 14.7521; 14.8563; 14.9493; 15.0306; 15.1; 15.1571; 15.2018; 15.2338; 
8.79865; 8.80497; 8.82389; 8.85536; 8.89923; 8.95535; 9.02348; 9.10335; 9.19466; 9.29705; 9.41009; 9.53336; 9.66637; 9.80858; 9.95944; 10.1184; 10.2847; 10.4578; 10.637; 10.8216; 11.0108; 11.2039; 11.4002; 11.5988; 11.799; 12; 12.201; 12.4012; 12.5999; 12.7961; 12.9892; 13.1785; 13.363; 13.5422; 13.7153; 13.8817; 14.0406; 14.1914; 14.3336; 14.4667; 14.5899; 14.703; 14.8053; 14.8967; 14.9765; 15.0447; 15.1008; 15.1446; 15.1761; 
8.85577; 8.86197; 8.88056; 8.91147; 8.95456; 9.00967; 9.07658; 9.15504; 9.24472; 9.34527; 9.4563; 9.57737; 9.708; 9.84767; 9.99584; 10.1519; 10.3153; 10.4853; 10.6613; 10.8426; 11.0284; 11.2181; 11.4109; 11.6059; 11.8026; 12; 12.1974; 12.3941; 12.5892; 12.7819; 12.9716; 13.1574; 13.3387; 13.5147; 13.6847; 13.8481; 14.0042; 14.1523; 14.292; 14.4226; 14.5437; 14.6547; 14.7553; 14.845; 14.9234; 14.9903; 15.0454; 15.0885; 15.1194; 
8.91187; 8.91796; 8.93622; 8.96657; 9.0089; 9.06302; 9.12874; 9.20579; 9.29387; 9.39263; 9.50168; 9.62059; 9.74889; 9.88607; 10.0316; 10.1849; 10.3453; 10.5123; 10.6852; 10.8632; 11.0458; 11.232; 11.4214; 11.613; 11.8061; 12; 12.1939; 12.387; 12.5787; 12.768; 12.9543; 13.1368; 13.3148; 13.4877; 13.6547; 13.8151; 13.9684; 14.1139; 14.2511; 14.3794; 14.4983; 14.6074; 14.7061; 14.7942; 14.8713; 14.937; 14.9911; 15.0334; 15.0638; 
8.96697; 8.97295; 8.99089; 9.02069; 9.06226; 9.11542; 9.17997; 9.25565; 9.34215; 9.43915; 9.54625; 9.66304; 9.78905; 9.92378; 10.0667; 10.2173; 10.3749; 10.5389; 10.7086; 10.8835; 11.0628; 11.2457; 11.4317; 11.6199; 11.8096; 12; 12.1905; 12.3801; 12.5683; 12.7543; 12.9372; 13.1165; 13.2914; 13.4612; 13.6252; 13.7828; 13.9333; 14.0762; 14.211; 14.337; 14.4538; 14.5609; 14.6579; 14.7444; 14.82; 14.8846; 14.9377; 14.9793; 15.0091; 
9.02108; 9.02696; 9.04458; 9.07385; 9.11468; 9.16689; 9.23028; 9.30461; 9.38957; 9.48484; 9.59003; 9.70473; 9.82849; 9.96082; 10.1012; 10.2491; 10.4039; 10.5649; 10.7317; 10.9034; 11.0795; 11.2592; 11.4418; 11.6267; 11.813; 12; 12.1871; 12.3734; 12.5582; 12.7408; 12.9205; 13.0966; 13.2683; 13.4351; 13.5962; 13.7509; 13.8988; 14.0392; 14.1715; 14.2953; 14.41; 14.5152; 14.6104; 14.6954; 14.7697; 14.8331; 14.8853; 14.9262; 14.9554; 
9.07423; 9.08001; 9.09731; 9.12606; 9.16616; 9.21744; 9.2797; 9.3527; 9.43615; 9.52971; 9.63303; 9.74568; 9.86723; 9.9972; 10.1351; 10.2803; 10.4323; 10.5905; 10.7543; 10.923; 11.0959; 11.2724; 11.4518; 11.6333; 11.8163; 12; 12.1837; 12.3667; 12.5482; 12.7276; 12.9041; 13.077; 13.2457; 13.4095; 13.5677; 13.7197; 13.8649; 14.0028; 14.1328; 14.2543; 14.367; 14.4703; 14.5639; 14.6473; 14.7203; 14.7826; 14.8338; 14.8739; 14.9027; 
9.12644; 9.13211; 9.14909; 9.17734; 9.21672; 9.26708; 9.32823; 9.39993; 9.48189; 9.57378; 9.67525; 9.7859; 9.90528; 10.0329; 10.1683; 10.311; 10.4603; 10.6157; 10.7765; 10.9422; 11.112; 11.2854; 11.4616; 11.6399; 11.8196; 12; 12.1804; 12.3602; 12.5385; 12.7146; 12.888; 13.0578; 13.2235; 13.3843; 13.5397; 13.689; 13.8317; 13.9671; 14.0947; 14.2141; 14.3248; 14.4262; 14.5181; 14.6001; 14.6718; 14.7329; 14.7833; 14.8227; 14.8509; 
9.1777; 9.18327; 9.19996; 9.2277; 9.26638; 9.31584; 9.3759; 9.44632; 9.52681; 9.61707; 9.71673; 9.8254; 9.94265; 10.068; 10.201; 10.3411; 10.4878; 10.6404; 10.7983; 10.9611; 11.1279; 11.2981; 11.4712; 11.6463; 11.8228; 12; 12.1772; 12.3537; 12.5288; 12.7019; 12.8721; 13.039; 13.2017; 13.3596; 13.5123; 13.6589; 13.799; 13.932; 14.0574; 14.1746; 14.2833; 14.3829; 14.4732; 14.5537; 14.6241; 14.6842; 14.7336; 14.7723; 14.8; 
9.22806; 9.23353; 9.24992; 9.27716; 9.31515; 9.36373; 9.42272; 9.49188; 9.57094; 9.65958; 9.75747; 9.8642; 9.97936; 10.1025; 10.2331; 10.3707; 10.5147; 10.6646; 10.8198; 10.9796; 11.1434; 11.3107; 11.4806; 11.6526; 11.826; 12; 12.1741; 12.3474; 12.5194; 12.6894; 12.8566; 13.0204; 13.1802; 13.3354; 13.4853; 13.6293; 13.7669; 13.8975; 14.0207; 14.1358; 14.2425; 14.3404; 14.4291; 14.5081; 14.5773; 14.6363; 14.6849; 14.7228; 14.7501; 
9.27752; 9.28289; 9.29898; 9.32574; 9.36305; 9.41077; 9.4687; 9.53663; 9.61428; 9.70134; 9.79747; 9.9023; 10.0154; 10.1363; 10.2646; 10.3998; 10.5412; 10.6885; 10.8408; 10.9978; 11.1587; 11.323; 11.4899; 11.6588; 11.8291; 12; 12.171; 12.3412; 12.5101; 12.6771; 12.8413; 13.0022; 13.1592; 13.3116; 13.4588; 13.6002; 13.7354; 13.8637; 13.9846; 14.0977; 14.2025; 14.2987; 14.3857; 14.4634; 14.5313; 14.5892; 14.637; 14.6743; 14.701; 
9.32609; 9.33136; 9.34717; 9.37345; 9.4101; 9.45696; 9.51386; 9.58058; 9.65684; 9.74235; 9.83677; 9.93973; 10.0508; 10.1696; 10.2956; 10.4283; 10.5673; 10.7118; 10.8615; 11.0157; 11.1737; 11.335; 11.499; 11.6649; 11.8321; 12; 12.1679; 12.3351; 12.501; 12.665; 12.8263; 12.9843; 13.1385; 13.2882; 13.4328; 13.5717; 13.7044; 13.8304; 13.9492; 14.0603; 14.1632; 14.2577; 14.3432; 14.4194; 14.4861; 14.543; 14.5899; 14.6266; 14.6528; 
9.3738; 9.37898; 9.3945; 9.42031; 9.4563; 9.50233; 9.55822; 9.62374; 9.69865; 9.78263; 9.87536; 9.97648; 10.0856; 10.2023; 10.326; 10.4564; 10.5928; 10.7348; 10.8818; 11.0332; 11.1885; 11.3469; 11.5079; 11.6709; 11.8351; 12; 12.1649; 12.3292; 12.4921; 12.6531; 12.8115; 12.9668; 13.1182; 13.2652; 13.4072; 13.5436; 13.674; 13.7978; 13.9144; 14.0235; 14.1246; 14.2174; 14.3014; 14.3763; 14.4418; 14.4977; 14.5437; 14.5797; 14.6055; 
9.42065; 9.42574; 9.44099; 9.46634; 9.50169; 9.5469; 9.60178; 9.66614; 9.7397; 9.82219; 9.91327; 10.0126; 10.1197; 10.2343; 10.3559; 10.4839; 10.6179; 10.7574; 10.9018; 11.0505; 11.203; 11.3586; 11.5167; 11.6767; 11.8381; 12; 12.162; 12.3233; 12.4833; 12.6415; 12.7971; 12.9495; 13.0982; 13.2426; 13.3821; 13.5161; 13.6441; 13.7657; 13.8803; 13.9874; 14.0867; 14.1778; 14.2603; 14.3339; 14.3982; 14.4531; 14.4983; 14.5337; 14.559; 
9.46667; 9.47167; 9.48665; 9.51154; 9.54626; 9.59066; 9.64457; 9.70778; 9.78003; 9.86104; 9.9505; 10.048; 10.1533; 10.2658; 10.3852; 10.511; 10.6426; 10.7796; 10.9214; 11.0674; 11.2172; 11.37; 11.5253; 11.6825; 11.8409; 12; 12.1591; 12.3175; 12.4747; 12.63; 12.7828; 12.9326; 13.0786; 13.2204; 13.3574; 13.4891; 13.6148; 13.7342; 13.8467; 13.952; 14.0495; 14.139; 14.22; 14.2922; 14.3554; 14.4093; 14.4537; 14.4885; 14.5134; 
9.51187; 9.51678; 9.53149; 9.55594; 9.59004; 9.63365; 9.6866; 9.74867; 9.81964; 9.89921; 9.98707; 10.0829; 10.1862; 10.2968; 10.414; 10.5375; 10.6668; 10.8013; 10.9406; 11.0841; 11.2311; 11.3812; 11.5338; 11.6882; 11.8438; 12; 12.1562; 12.3119; 12.4662; 12.6188; 12.7689; 12.9159; 13.0594; 13.1987; 13.3332; 13.4625; 13.586; 13.7032; 13.8138; 13.9171; 14.0129; 14.1008; 14.1804; 14.2513; 14.3134; 14.3664; 14.41; 14.4441; 14.4685; 
9.55626; 9.56108; 9.57553; 9.59955; 9.63304; 9.67587; 9.72787; 9.78884; 9.85854; 9.93669; 10.023; 10.1171; 10.2186; 10.3272; 10.4423; 10.5636; 10.6906; 10.8227; 10.9595; 11.1004; 11.2449; 11.3923; 11.5421; 11.6937; 11.8466; 12; 12.1535; 12.3063; 12.4579; 12.6077; 12.7552; 12.8996; 13.0405; 13.1773; 13.3094; 13.4364; 13.5577; 13.6729; 13.7814; 13.8829; 13.977; 14.0633; 14.1415; 14.2112; 14.2721; 14.3241; 14.367; 14.4005; 14.4245; 
9.59986; 9.6046; 9.61879; 9.64237; 9.67526; 9.71733; 9.76841; 9.82829; 9.89674; 9.9735; 10.0583; 10.1507; 10.2504; 10.357; 10.4701; 10.5892; 10.7139; 10.8437; 10.9781; 11.1165; 11.2583; 11.4031; 11.5503; 11.6992; 11.8493; 12; 12.1507; 12.3008; 12.4497; 12.5969; 12.7417; 12.8836; 13.0219; 13.1563; 13.2861; 13.4108; 13.5299; 13.643; 13.7496; 13.8493; 13.9418; 14.0265; 14.1033; 14.1717; 14.2316; 14.2827; 14.3247; 14.3576; 14.3812; 
9.64268; 9.64733; 9.66127; 9.68444; 9.71674; 9.75806; 9.80822; 9.86704; 9.93427; 10.0097; 10.0929; 10.1837; 10.2816; 10.3863; 10.4974; 10.6144; 10.7369; 10.8644; 10.9963; 11.1322; 11.2716; 11.4138; 11.5583; 11.7046; 11.852; 12; 12.148; 12.2955; 12.4417; 12.5862; 12.7285; 12.8678; 13.0037; 13.1357; 13.2631; 13.3856; 13.5026; 13.6137; 13.7184; 13.8164; 13.9071; 13.9904; 14.0657; 14.133; 14.1918; 14.2419; 14.2833; 14.3156; 14.3387; 
9.68474; 9.68931; 9.703; 9.72575; 9.75748; 9.79806; 9.84733; 9.90509; 9.97112; 10.0452; 10.1269; 10.2161; 10.3123; 10.4151; 10.5242; 10.6391; 10.7594; 10.8846; 11.0142; 11.1477; 11.2846; 11.4242; 11.5662; 11.7098; 11.8546; 12; 12.1454; 12.2902; 12.4338; 12.5758; 12.7155; 12.8523; 12.9858; 13.1154; 13.2406; 13.3609; 13.4758; 13.5849; 13.6878; 13.7839; 13.8731; 13.9548; 14.0289; 14.0949; 14.1527; 14.2019; 14.2425; 14.2743; 14.297; 
9.72605; 9.73053; 9.74398; 9.76632; 9.79749; 9.83734; 9.88573; 9.94247; 10.0073; 10.08; 10.1603; 10.2479; 10.3424; 10.4434; 10.5505; 10.6634; 10.7816; 10.9045; 11.0318; 11.1629; 11.2973; 11.4345; 11.5739; 11.715; 11.8572; 12; 12.1428; 12.285; 12.4261; 12.5655; 12.7027; 12.8371; 12.9682; 13.0955; 13.2185; 13.3366; 13.4495; 13.5566; 13.6576; 13.7521; 13.8397; 13.92; 13.9927; 14.0575; 14.1143; 14.1627; 14.2025; 14.2337; 14.256; 
9.76662; 9.77102; 9.78423; 9.80618; 9.83678; 9.87593; 9.92345; 9.97918; 10.0429; 10.1143; 10.1932; 10.2792; 10.3719; 10.4711; 10.5764; 10.6873; 10.8033; 10.9241; 11.0491; 11.1778; 11.3099; 11.4446; 11.5815; 11.7201; 11.8598; 12; 12.1402; 12.2799; 12.4185; 12.5554; 12.6902; 12.8222; 12.9509; 13.0759; 13.1967; 13.3128; 13.4236; 13.5289; 13.6281; 13.7209; 13.8069; 13.8857; 13.9571; 14.0208; 14.0766; 14.1241; 14.1632; 14.1938; 14.2158; 
9.80646; 9.81079; 9.82376; 9.84532; 9.87538; 9.91382; 9.9605; 10.0152; 10.0778; 10.1479; 10.2254; 10.3099; 10.401; 10.4984; 10.6018; 10.7107; 10.8246; 10.9433; 11.066; 11.1925; 11.3222; 11.4545; 11.589; 11.7251; 11.8623; 12; 12.1377; 12.2749; 12.411; 12.5455; 12.6778; 12.8075; 12.934; 13.0568; 13.1754; 13.2893; 13.3982; 13.5016; 13.599; 13.6902; 13.7746; 13.8521; 13.9222; 13.9848; 14.0395; 14.0862; 14.1246; 14.1547; 14.1762; 
9.8456; 9.84985; 9.86259; 9.88376; 9.91328; 9.95104; 9.99689; 10.0506; 10.1121; 10.181; 10.2571; 10.34; 10.4295; 10.5252; 10.6267; 10.7337; 10.8456; 10.9621; 11.0827; 11.2069; 11.3343; 11.4642; 11.5963; 11.73; 11.8647; 12; 12.1353; 12.27; 12.4037; 12.5358; 12.6658; 12.7931; 12.9173; 13.0379; 13.1544; 13.2663; 13.3733; 13.4748; 13.5705; 13.66; 13.743; 13.819; 13.8879; 13.9494; 14.0031; 14.049; 14.0867; 14.1162; 14.1374; 
9.88403; 9.88821; 9.90072; 9.92151; 9.95051; 9.9876; 10.0326; 10.0854; 10.1458; 10.2134; 10.2882; 10.3696; 10.4575; 10.5515; 10.6512; 10.7563; 10.8662; 10.9806; 11.0991; 11.2211; 11.3461; 11.4738; 11.6035; 11.7348; 11.8671; 12; 12.1329; 12.2652; 12.3965; 12.5262; 12.6539; 12.7789; 12.9009; 13.0194; 13.1338; 13.2437; 13.3488; 13.4485; 13.5425; 13.6304; 13.7119; 13.7866; 13.8542; 13.9146; 13.9674; 14.0124; 14.0495; 14.0785; 14.0993; 
9.92179; 9.92589; 9.93817; 9.9586; 9.98708; 10.0235; 10.0677; 10.1196; 10.1788; 10.2453; 10.3187; 10.3987; 10.4851; 10.5774; 10.6753; 10.7785; 10.8864; 10.9988; 11.1151; 11.235; 11.3578; 11.4832; 11.6106; 11.7395; 11.8695; 12; 12.1305; 12.2605; 12.3894; 12.5168; 12.6422; 12.765; 12.8849; 13.0012; 13.1136; 13.2216; 13.3247; 13.4226; 13.515; 13.6013; 13.6813; 13.7547; 13.8212; 13.8804; 13.9323; 13.9765; 14.0129; 14.0414; 14.0618; 
9.95886; 9.96289; 9.97496; 9.99502; 10.023; 10.0588; 10.1022; 10.1531; 10.2113; 10.2766; 10.3487; 10.4273; 10.5121; 10.6028; 10.6989; 10.8003; 10.9063; 11.0167; 11.1309; 11.2486; 11.3693; 11.4924; 11.6175; 11.7442; 11.8718; 12; 12.1282; 12.2558; 12.3825; 12.5076; 12.6308; 12.7514; 12.8691; 12.9833; 13.0937; 13.1998; 13.3011; 13.3973; 13.4879; 13.5727; 13.6513; 13.7234; 13.7887; 13.8469; 13.8978; 13.9412; 13.977; 14.005; 14.025; 
9.99528; 9.99924; 10.0111; 10.0308; 10.0583; 10.0934; 10.1361; 10.1861; 10.2433; 10.3074; 10.3782; 10.4553; 10.5386; 10.6277; 10.7221; 10.8217; 10.9258; 11.0342; 11.1464; 11.262; 11.3805; 11.5015; 11.6244; 11.7487; 11.8741; 12; 12.1259; 12.2513; 12.3757; 12.4986; 12.6195; 12.738; 12.8536; 12.9658; 13.0742; 13.1784; 13.2779; 13.3723; 13.4614; 13.5447; 13.6219; 13.6926; 13.7568; 13.8139; 13.8639; 13.9066; 13.9417; 13.9692; 13.9889; 
10.031; 10.0349; 10.0466; 10.0659; 10.0929; 10.1274; 10.1693; 10.2184; 10.2746; 10.3376; 10.4071; 10.4829; 10.5647; 10.6522; 10.7449; 10.8427; 10.945; 11.0515; 11.1617; 11.2752; 11.3916; 11.5103; 11.6311; 11.7532; 11.8764; 12; 12.1236; 12.2468; 12.369; 12.4897; 12.6084; 12.7248; 12.8383; 12.9486; 13.055; 13.1573; 13.2551; 13.3478; 13.4353; 13.5171; 13.5929; 13.6624; 13.7254; 13.7816; 13.8307; 13.8726; 13.9071; 13.9341; 13.9534; 
10.0662; 10.07; 10.0814; 10.1004; 10.1269; 10.1608; 10.202; 10.2502; 10.3054; 10.3672; 10.4355; 10.51; 10.5903; 10.6762; 10.7673; 10.8633; 10.9638; 11.0684; 11.1766; 11.2881; 11.4024; 11.5191; 11.6376; 11.7576; 11.8786; 12; 12.1214; 12.2424; 12.3624; 12.4809; 12.5976; 12.7119; 12.8234; 12.9316; 13.0362; 13.1367; 13.2327; 13.3238; 13.4097; 13.49; 13.5645; 13.6328; 13.6946; 13.7498; 13.798; 13.8392; 13.8731; 13.8996; 13.9186; 
10.1007; 10.1044; 10.1157; 10.1343; 10.1603; 10.1936; 10.2341; 10.2814; 10.3356; 10.3964; 10.4634; 10.5365; 10.6155; 10.6998; 10.7893; 10.8836; 10.9823; 11.085; 11.1913; 11.3008; 11.4131; 11.5277; 11.6441; 11.762; 11.8807; 12; 12.1193; 12.2381; 12.3559; 12.4723; 12.5869; 12.6992; 12.8087; 12.915; 13.0177; 13.1164; 13.2107; 13.3002; 13.3846; 13.4635; 13.5366; 13.6037; 13.6644; 13.7186; 13.7659; 13.8064; 13.8397; 13.8657; 13.8843; 
10.1346; 10.1382; 10.1493; 10.1676; 10.1932; 10.2259; 10.2656; 10.3121; 10.3653; 10.425; 10.4908; 10.5627; 10.6402; 10.723; 10.8109; 10.9035; 11.0005; 11.1013; 11.2057; 11.3133; 11.4236; 11.5361; 11.6505; 11.7662; 11.8829; 12; 12.1171; 12.2338; 12.3496; 12.4639; 12.5765; 12.6867; 12.7943; 12.8987; 12.9996; 13.0965; 13.1891; 13.277; 13.3599; 13.4374; 13.5092; 13.575; 13.6347; 13.6879; 13.7344; 13.7741; 13.8068; 13.8324; 13.8507; 
10.1678; 10.1715; 10.1823; 10.2003; 10.2254; 10.2575; 10.2965; 10.3422; 10.3945; 10.4531; 10.5178; 10.5883; 10.6644; 10.7458; 10.8321; 10.9231; 11.0183; 11.1174; 11.2199; 11.3255; 11.4338; 11.5444; 11.6567; 11.7704; 11.885; 12; 12.115; 12.2296; 12.3433; 12.4556; 12.5662; 12.6745; 12.7801; 12.8827; 12.9817; 13.0769; 13.1679; 13.2542; 13.3356; 13.4117; 13.4823; 13.5469; 13.6055; 13.6578; 13.7035; 13.7425; 13.7746; 13.7997; 13.8177; 
10.2005; 10.2041; 10.2147; 10.2324; 10.2571; 10.2886; 10.3269; 10.3718; 10.4231; 10.4807; 10.5442; 10.6135; 10.6882; 10.7682; 10.853; 10.9423; 11.0358; 11.1331; 11.2338; 11.3376; 11.4439; 11.5525; 11.6628; 11.7745; 11.887; 12; 12.113; 12.2255; 12.3372; 12.4475; 12.5561; 12.6624; 12.7662; 12.8669; 12.9642; 13.0577; 13.147; 13.2318; 13.3118; 13.3865; 13.4558; 13.5193; 13.5769; 13.6282; 13.6731; 13.7114; 13.7429; 13.7676; 13.7853; 
10.2326; 10.2361; 10.2466; 10.2639; 10.2882; 10.3191; 10.3567; 10.4008; 10.4512; 10.5078; 10.5702; 10.6382; 10.7117; 10.7902; 10.8734; 10.9612; 11.053; 11.1486; 11.2475; 11.3494; 11.4539; 11.5605; 11.6688; 11.7785; 11.889; 12; 12.111; 12.2215; 12.3312; 12.4395; 12.5462; 12.6506; 12.7525; 12.8514; 12.947; 13.0388; 13.1266; 13.2098; 13.2884; 13.3618; 13.4298; 13.4922; 13.5488; 13.5992; 13.6433; 13.6809; 13.7118; 13.7361; 13.7534; 
10.2642; 10.2676; 10.2779; 10.2949; 10.3187; 10.3491; 10.3861; 10.4294; 10.4789; 10.5344; 10.5957; 10.6625; 10.7346; 10.8117; 10.8935; 10.9797; 11.0699; 11.1638; 11.2609; 11.361; 11.4636; 11.5683; 11.6747; 11.7824; 11.891; 12; 12.109; 12.2176; 12.3253; 12.4317; 12.5364; 12.639; 12.7391; 12.8362; 12.9301; 13.0203; 13.1065; 13.1883; 13.2654; 13.3375; 13.4043; 13.4656; 13.5211; 13.5706; 13.6139; 13.6509; 13.6813; 13.7051; 13.7221; 
10.2951; 10.2985; 10.3086; 10.3253; 10.3487; 10.3786; 10.4149; 10.4574; 10.506; 10.5605; 10.6207; 10.6864; 10.7572; 10.8329; 10.9133; 10.9979; 11.0865; 11.1787; 11.2741; 11.3724; 11.4732; 11.576; 11.6805; 11.7863; 11.893; 12; 12.1071; 12.2137; 12.3195; 12.424; 12.5268; 12.6276; 12.7259; 12.8213; 12.9135; 13.0021; 13.0867; 13.1671; 13.2428; 13.3136; 13.3793; 13.4395; 13.494; 13.5426; 13.5851; 13.6214; 13.6513; 13.6747; 13.6914; 
10.3256; 10.3289; 10.3388; 10.3552; 10.3782; 10.4075; 10.4431; 10.4849; 10.5327; 10.5862; 10.6453; 10.7098; 10.7794; 10.8538; 10.9327; 11.0158; 11.1028; 11.1933; 11.2871; 11.3836; 11.4826; 11.5836; 11.6862; 11.7901; 11.8949; 12; 12.1051; 12.2099; 12.3138; 12.4164; 12.5174; 12.6164; 12.713; 12.8067; 12.8972; 12.9842; 13.0673; 13.1462; 13.2206; 13.2902; 13.3547; 13.4138; 13.4673; 13.5151; 13.5569; 13.5925; 13.6218; 13.6448; 13.6612; 
10.3554; 10.3587; 10.3684; 10.3846; 10.4071; 10.4359; 10.4709; 10.5119; 10.5589; 10.6114; 10.6695; 10.7328; 10.8012; 10.8742; 10.9517; 11.0333; 11.1188; 11.2077; 11.2998; 11.3946; 11.4918; 11.591; 11.6918; 11.7939; 11.8967; 12; 12.1033; 12.2061; 12.3082; 12.409; 12.5082; 12.6054; 12.7002; 12.7923; 12.8812; 12.9667; 13.0483; 13.1258; 13.1988; 13.2672; 13.3305; 13.3886; 13.4412; 13.4881; 13.5291; 13.5641; 13.5929; 13.6154; 13.6316; 
10.3848; 10.388; 10.3975; 10.4134; 10.4355; 10.4638; 10.4982; 10.5385; 10.5846; 10.6362; 10.6933; 10.7554; 10.8226; 10.8943; 10.9704; 11.0506; 11.1345; 11.2219; 11.3123; 11.4054; 11.5009; 11.5983; 11.6973; 11.7976; 11.8986; 12; 12.1014; 12.2024; 12.3027; 12.4017; 12.4991; 12.5946; 12.6877; 12.7781; 12.8655; 12.9494; 13.0296; 13.1057; 13.1775; 13.2446; 13.3068; 13.3638; 13.4154; 13.4615; 13.5018; 13.5362; 13.5645; 13.5866; 13.6025; 
10.4136; 10.4167; 10.4261; 10.4417; 10.4634; 10.4912; 10.525; 10.5646; 10.6098; 10.6605; 10.7166; 10.7777; 10.8436; 10.914; 10.9888; 11.0675; 11.15; 11.2357; 11.3245; 11.416; 11.5098; 11.6055; 11.7027; 11.8012; 11.9004; 12; 12.0996; 12.1988; 12.2973; 12.3945; 12.4902; 12.584; 12.6755; 12.7643; 12.85; 12.9325; 13.0112; 13.086; 13.1565; 13.2224; 13.2834; 13.3395; 13.3902; 13.4354; 13.475; 13.5088; 13.5366; 13.5583; 13.5739; 
10.4419; 10.445; 10.4542; 10.4695; 10.4908; 10.5182; 10.5513; 10.5902; 10.6346; 10.6844; 10.7395; 10.7995; 10.8642; 10.9334; 11.0068; 11.0842; 11.1651; 11.2494; 11.3366; 11.4264; 11.5185; 11.6125; 11.708; 11.8047; 11.9022; 12; 12.0978; 12.1953; 12.292; 12.3875; 12.4815; 12.5736; 12.6634; 12.7506; 12.8349; 12.9158; 12.9932; 13.0666; 13.1358; 13.2005; 13.2605; 13.3156; 13.3654; 13.4098; 13.4487; 13.4819; 13.5092; 13.5305; 13.5458; 
10.4697; 10.4727; 10.4818; 10.4968; 10.5178; 10.5446; 10.5772; 10.6153; 10.659; 10.7079; 10.762; 10.8209; 10.8845; 10.9524; 11.0245; 11.1005; 11.18; 11.2628; 11.3484; 11.4367; 11.5271; 11.6194; 11.7133; 11.8082; 11.9039; 12; 12.0961; 12.1918; 12.2868; 12.3806; 12.4729; 12.5634; 12.6516; 12.7372; 12.82; 12.8995; 12.9755; 13.0476; 13.1156; 13.1791; 13.2381; 13.2921; 13.341; 13.3847; 13.4228; 13.4554; 13.4822; 13.5032; 13.5182; 
10.497; 10.5; 10.5088; 10.5236; 10.5442; 10.5706; 10.6025; 10.64; 10.6829; 10.731; 10.784; 10.8419; 10.9044; 10.9711; 11.0419; 11.1166; 11.1947; 11.2759; 11.3601; 11.4467; 11.5355; 11.6262; 11.7184; 11.8116; 11.9056; 12; 12.0944; 12.1884; 12.2816; 12.3738; 12.4645; 12.5533; 12.64; 12.7241; 12.8054; 12.8835; 12.9581; 13.0289; 13.0957; 13.1581; 13.216; 13.269; 13.3171; 13.36; 13.3975; 13.4294; 13.4558; 13.4764; 13.4912; 
10.5238; 10.5267; 10.5354; 10.55; 10.5702; 10.5961; 10.6275; 10.6643; 10.7064; 10.7536; 10.8057; 10.8626; 10.9239; 10.9895; 11.059; 11.1323; 11.209; 11.2888; 11.3715; 11.4566; 11.5438; 11.6329; 11.7234; 11.815; 11.9073; 12; 12.0927; 12.185; 12.2766; 12.3671; 12.4562; 12.5434; 12.6285; 12.7112; 12.791; 12.8677; 12.941; 13.0105; 13.0761; 13.1374; 13.1943; 13.2464; 13.2936; 13.3357; 13.3725; 13.4039; 13.4298; 13.45; 13.4646; 
10.5501; 10.553; 10.5616; 10.5758; 10.5957; 10.6211; 10.652; 10.6881; 10.7295; 10.7758; 10.827; 10.8829; 10.9431; 11.0075; 11.0758; 11.1478; 11.2231; 11.3015; 11.3827; 11.4663; 11.552; 11.6394; 11.7283; 11.8183; 11.909; 12; 12.091; 12.1817; 12.2717; 12.3606; 12.448; 12.5337; 12.6173; 12.6985; 12.7769; 12.8522; 12.9242; 12.9925; 13.0569; 13.1171; 13.173; 13.2242; 13.2705; 13.3119; 13.348; 13.3789; 13.4043; 13.4242; 13.4384; 
10.576; 10.5788; 10.5872; 10.6012; 10.6207; 10.6457; 10.676; 10.7115; 10.7522; 10.7977; 10.848; 10.9028; 10.962; 11.0252; 11.0923; 11.163; 11.237; 11.314; 11.3937; 11.4758; 11.56; 11.6459; 11.7332; 11.8215; 11.9106; 12; 12.0894; 12.1785; 12.2668; 12.3541; 12.44; 12.5242; 12.6063; 12.686; 12.763; 12.837; 12.9077; 12.9748; 13.038; 13.0972; 13.152; 13.2023; 13.2479; 13.2885; 13.324; 13.3543; 13.3793; 13.3988; 13.4128; 
10.6014; 10.6042; 10.6124; 10.6262; 10.6454; 10.6699; 10.6996; 10.7345; 10.7744; 10.8191; 10.8685; 10.9224; 10.9805; 11.0426; 11.1085; 11.1779; 11.2506; 11.3262; 11.4045; 11.4852; 11.5678; 11.6522; 11.7379; 11.8247; 11.9122; 12; 12.0878; 12.1753; 12.2621; 12.3478; 12.4322; 12.5149; 12.5955; 12.6738; 12.7494; 12.8221; 12.8915; 12.9574; 13.0195; 13.0776; 13.1315; 13.1809; 13.2256; 13.2655; 13.3004; 13.3301; 13.3546; 13.3738; 13.3876; 
10.6264; 10.6291; 10.6372; 10.6507; 10.6695; 10.6936; 10.7228; 10.7571; 10.7963; 10.8402; 10.8887; 10.9416; 10.9987; 11.0597; 11.1244; 11.1926; 11.264; 11.3383; 11.4151; 11.4943; 11.5755; 11.6584; 11.7426; 11.8278; 11.9138; 12; 12.0863; 12.1722; 12.2574; 12.3416; 12.4245; 12.5057; 12.5849; 12.6618; 12.736; 12.8074; 12.8756; 12.9403; 13.0013; 13.0584; 13.1113; 13.1598; 13.2037; 13.2429; 13.2772; 13.3064; 13.3305; 13.3493; 13.3628; 
10.6509; 10.6535; 10.6615; 10.6748; 10.6933; 10.7169; 10.7456; 10.7793; 10.8178; 10.8609; 10.9085; 10.9605; 11.0165; 11.0765; 11.14; 11.207; 11.2771; 11.3501; 11.4256; 11.5034; 11.5831; 11.6645; 11.7472; 11.8309; 11.9153; 12; 12.0847; 12.1691; 12.2528; 12.3355; 12.4169; 12.4967; 12.5744; 12.65; 12.7229; 12.793; 12.86; 12.9235; 12.9835; 13.0395; 13.0915; 13.1391; 13.1822; 13.2207; 13.2544; 13.2831; 13.3067; 13.3252; 13.3385; 
10.6749; 10.6776; 10.6854; 10.6984; 10.7166; 10.7398; 10.768; 10.8011; 10.8388; 10.8812; 10.928; 10.979; 11.0341; 11.0929; 11.1554; 11.2212; 11.29; 11.3617; 11.4358; 11.5122; 11.5905; 11.6705; 11.7517; 11.8339; 11.9168; 12; 12.0832; 12.1661; 12.2483; 12.3295; 12.4095; 12.4878; 12.5642; 12.6384; 12.71; 12.7789; 12.8446; 12.9071; 12.9659; 13.021; 13.072; 13.1188; 13.1612; 13.1989; 13.232; 13.2602; 13.2834; 13.3016; 13.3146; 
10.6986; 10.7012; 10.7088; 10.7216; 10.7395; 10.7623; 10.79; 10.8224; 10.8596; 10.9012; 10.9471; 10.9972; 11.0513; 11.1091; 11.1705; 11.2351; 11.3027; 11.373; 11.4459; 11.5209; 11.5978; 11.6764; 11.7561; 11.8369; 11.9183; 12; 12.0817; 12.1631; 12.2439; 12.3237; 12.4022; 12.4791; 12.5541; 12.627; 12.6973; 12.765; 12.8296; 12.8909; 12.9487; 13.0028; 13.0529; 13.0988; 13.1404; 13.1776; 13.21; 13.2377; 13.2605; 13.2784; 13.2912; 
10.7218; 10.7243; 10.7319; 10.7444; 10.762; 10.7844; 10.8116; 10.8435; 10.8799; 10.9208; 10.9659; 11.0151; 11.0682; 11.125; 11.1853; 11.2487; 11.3151; 11.3842; 11.4558; 11.5295; 11.605; 11.6821; 11.7605; 11.8398; 11.9197; 12; 12.0803; 12.1602; 12.2395; 12.3179; 12.395; 12.4705; 12.5442; 12.6158; 12.6849; 12.7513; 12.8148; 12.875; 12.9318; 12.9849; 13.0341; 13.0792; 13.1201; 13.1565; 13.1884; 13.2156; 13.238; 13.2556; 13.2681; 
10.7446; 10.7471; 10.7545; 10.7668; 10.7841; 10.8061; 10.8328; 10.8641; 10.8999; 10.94; 10.9844; 11.0327; 11.0849; 11.1406; 11.1998; 11.2621; 11.3273; 11.3952; 11.4655; 11.5379; 11.6121; 11.6878; 11.7648; 11.8427; 11.9212; 12; 12.0788; 12.1573; 12.2352; 12.3122; 12.3879; 12.4621; 12.5345; 12.6048; 12.6727; 12.7379; 12.8002; 12.8594; 12.9151; 12.9673; 13.0156; 13.06; 13.1001; 13.1359; 13.1672; 13.1939; 13.216; 13.2332; 13.2455; 
10.767; 10.7694; 10.7767; 10.7888; 10.8057; 10.8274; 10.8536; 10.8844; 10.9195; 10.959; 11.0025; 11.05; 11.1012; 11.156; 11.2141; 11.2753; 11.3393; 11.406; 11.475; 11.5461; 11.619; 11.6934; 11.769; 11.8455; 11.9226; 12; 12.0774; 12.1545; 12.231; 12.3066; 12.381; 12.4539; 12.525; 12.594; 12.6607; 12.7247; 12.7859; 12.844; 12.8988; 12.95; 12.9975; 13.0411; 13.0805; 13.1156; 13.1464; 13.1726; 13.1943; 13.2112; 13.2233; 
10.789; 10.7914; 10.7986; 10.8105; 10.8271; 10.8483; 10.874; 10.9043; 10.9388; 10.9775; 11.0203; 11.0669; 11.1172; 11.171; 11.2281; 11.2882; 11.3511; 11.4166; 11.4844; 11.5542; 11.6258; 11.6988; 11.7731; 11.8482; 11.924; 12; 12.076; 12.1518; 12.2269; 12.3012; 12.3742; 12.4458; 12.5156; 12.5834; 12.6489; 12.7118; 12.7719; 12.829; 12.8828; 12.9331; 12.9797; 13.0225; 13.0612; 13.0957; 13.126; 13.1517; 13.1729; 13.1895; 13.2014; 
10.8106; 10.813; 10.82; 10.8317; 10.848; 10.8688; 10.8941; 10.9238; 10.9577; 10.9958; 11.0378; 11.0836; 11.133; 11.1858; 11.2419; 11.3009; 11.3627; 11.427; 11.4936; 11.5622; 11.6325; 11.7042; 11.7771; 11.8509; 11.9253; 12; 12.0747; 12.1491; 12.2229; 12.2958; 12.3675; 12.4378; 12.5064; 12.573; 12.6373; 12.6991; 12.7581; 12.8142; 12.867; 12.9164; 12.9622; 13.0042; 13.0423; 13.0762; 13.1059; 13.1312; 13.152; 13.1683; 13.18; 
10.8318; 10.8341; 10.841; 10.8525; 10.8685; 10.889; 10.9139; 10.943; 10.9763; 11.0137; 11.0549; 11.0999; 11.1484; 11.2003; 11.2554; 11.3134; 11.3741; 11.4372; 11.5026; 11.57; 11.639; 11.7095; 11.7811; 11.8536; 11.9267; 12; 12.0734; 12.1464; 12.2189; 12.2905; 12.361; 12.43; 12.4974; 12.5628; 12.6259; 12.6866; 12.7446; 12.7997; 12.8516; 12.9001; 12.9451; 12.9863; 13.0237; 13.057; 13.0861; 13.111; 13.1315; 13.1475; 13.159; 
10.8527; 10.8549; 10.8617; 10.873; 10.8887; 10.9088; 10.9332; 10.9619; 10.9946; 11.0313; 11.0718; 11.116; 11.1636; 11.2146; 11.2687; 11.3256; 11.3852; 11.4473; 11.5115; 11.5776; 11.6455; 11.7147; 11.785; 11.8562; 11.928; 12; 12.072; 12.1438; 12.215; 12.2853; 12.3545; 12.4224; 12.4885; 12.5527; 12.6148; 12.6744; 12.7313; 12.7854; 12.8364; 12.884; 12.9282; 12.9687; 13.0054; 13.0381; 13.0668; 13.0912; 13.1113; 13.127; 13.1383; 
10.8731; 10.8754; 10.882; 10.8931; 10.9085; 10.9283; 10.9523; 10.9804; 11.0125; 11.0486; 11.0884; 11.1317; 11.1786; 11.2286; 11.2817; 11.3377; 11.3962; 11.4571; 11.5202; 11.5852; 11.6518; 11.7198; 11.7889; 11.8588; 11.9292; 12; 12.0708; 12.1412; 12.2112; 12.2802; 12.3482; 12.4148; 12.4798; 12.5429; 12.6038; 12.6624; 12.7183; 12.7714; 12.8214; 12.8683; 12.9117; 12.9514; 12.9875; 13.0196; 13.0477; 13.0717; 13.0915; 13.1069; 13.118; 
10.8932; 10.8954; 10.902; 10.9129; 10.928; 10.9474; 10.971; 10.9986; 11.0301; 11.0655; 11.1046; 11.1472; 11.1932; 11.2424; 11.2945; 11.3495; 11.407; 11.4668; 11.5288; 11.5926; 11.658; 11.7248; 11.7926; 11.8613; 11.9305; 12; 12.0695; 12.1387; 12.2074; 12.2752; 12.342; 12.4074; 12.4712; 12.5332; 12.593; 12.6505; 12.7055; 12.7576; 12.8068; 12.8528; 12.8954; 12.9345; 12.9699; 13.0014; 13.029; 13.0526; 13.072; 13.0872; 13.098; 
10.913; 10.9151; 10.9216; 10.9322; 10.9471; 10.9662; 10.9893; 11.0164; 11.0474; 11.0822; 11.1206; 11.1624; 11.2076; 11.2559; 11.3071; 11.3611; 11.4176; 11.4763; 11.5372; 11.5998; 11.6641; 11.7297; 11.7963; 11.8638; 11.9318; 12; 12.0683; 12.1362; 12.2037; 12.2703; 12.3359; 12.4002; 12.4628; 12.5237; 12.5825; 12.6389; 12.6929; 12.7441; 12.7924; 12.8376; 12.8794; 12.9178; 12.9526; 12.9836; 13.0107; 13.0338; 13.0529; 13.0678; 13.0784; 
10.9324; 10.9345; 10.9408; 10.9513; 10.9659; 10.9846; 11.0074; 11.034; 11.0644; 11.0986; 11.1363; 11.1774; 11.2217; 11.2692; 11.3195; 11.3725; 11.4279; 11.4857; 11.5454; 11.607; 11.6701; 11.7345; 11.8; 11.8662; 11.933; 12; 12.067; 12.1338; 12.2001; 12.2655; 12.3299; 12.393; 12.4546; 12.5143; 12.5721; 12.6275; 12.6805; 12.7308; 12.7783; 12.8226; 12.8637; 12.9014; 12.9356; 12.966; 12.9926; 13.0154; 13.0341; 13.0487; 13.0592; 
10.9514; 10.9535; 10.9597; 10.97; 10.9844; 11.0028; 11.0251; 11.0512; 11.0811; 11.1147; 11.1517; 11.1921; 11.2356; 11.2822; 11.3316; 11.3837; 11.4382; 11.4949; 11.5535; 11.614; 11.676; 11.7392; 11.8035; 11.8686; 11.9342; 12; 12.0658; 12.1314; 12.1965; 12.2608; 12.324; 12.386; 12.4465; 12.5052; 12.5619; 12.6163; 12.6684; 12.7178; 12.7644; 12.8079; 12.8483; 12.8853; 12.9189; 12.9488; 12.9749; 12.9972; 13.0156; 13.03; 13.0403; 
10.9701; 10.9722; 10.9783; 10.9884; 11.0025; 11.0205; 11.0425; 11.0682; 11.0975; 11.1305; 11.1668; 11.2065; 11.2493; 11.295; 11.3435; 11.3947; 11.4482; 11.5039; 11.5615; 11.6209; 11.6818; 11.7439; 11.807; 11.8709; 11.9353; 12; 12.0647; 12.1291; 12.193; 12.2561; 12.3182; 12.3791; 12.4385; 12.4961; 12.5518; 12.6053; 12.6565; 12.705; 12.7507; 12.7935; 12.8332; 12.8695; 12.9025; 12.9318; 12.9575; 12.9795; 12.9975; 13.0116; 13.0217; 
10.9885; 10.9905; 10.9965; 11.0064; 11.0203; 11.038; 11.0595; 11.0848; 11.1136; 11.146; 11.1817; 11.2206; 11.2627; 11.3076; 11.3553; 11.4055; 11.458; 11.5127; 11.5693; 11.6277; 11.6874; 11.7485; 11.8105; 11.8732; 11.9365; 12; 12.0635; 12.1268; 12.1895; 12.2516; 12.3126; 12.3724; 12.4307; 12.4873; 12.542; 12.5945; 12.6447; 12.6924; 12.7373; 12.7794; 12.8183; 12.854; 12.8864; 12.9152; 12.9405; 12.962; 12.9797; 12.9936; 13.0035; 
11.0066; 11.0085; 11.0144; 11.0242; 11.0378; 11.0552; 11.0763; 11.1011; 11.1294; 11.1612; 11.1963; 11.2345; 11.2758; 11.3199; 11.3668; 11.4161; 11.4677; 11.5214; 11.577; 11.6343; 11.693; 11.7529; 11.8139; 11.8755; 11.9376; 12; 12.0624; 12.1245; 12.1862; 12.2471; 12.307; 12.3657; 12.423; 12.4786; 12.5323; 12.5839; 12.6332; 12.6801; 12.7242; 12.7655; 12.8037; 12.8388; 12.8706; 12.8989; 12.9237; 12.9448; 12.9622; 12.9758; 12.9856; 
11.0243; 11.0262; 11.032; 11.0416; 11.0549; 11.072; 11.0928; 11.1171; 11.145; 11.1762; 11.2106; 11.2482; 11.2887; 11.3321; 11.3781; 11.4265; 11.4772; 11.5299; 11.5846; 11.6408; 11.6985; 11.7574; 11.8172; 11.8777; 11.9387; 12; 12.0613; 12.1223; 12.1828; 12.2427; 12.3015; 12.3592; 12.4154; 12.4701; 12.5228; 12.5735; 12.6219; 12.6679; 12.7113; 12.7518; 12.7894; 12.8238; 12.855; 12.8829; 12.9072; 12.928; 12.9451; 12.9584; 12.968; 
11.0417; 11.0436; 11.0493; 11.0587; 11.0718; 11.0886; 11.109; 11.1329; 11.1602; 11.1909; 11.2247; 11.2616; 11.3014; 11.344; 11.3892; 11.4367; 11.4865; 11.5383; 11.592; 11.6472; 11.7039; 11.7617; 11.8204; 11.8799; 11.9398; 12; 12.0602; 12.1201; 12.1796; 12.2383; 12.2961; 12.3528; 12.408; 12.4617; 12.5135; 12.5633; 12.6109; 12.656; 12.6986; 12.7384; 12.7753; 12.8091; 12.8398; 12.8671; 12.891; 12.9114; 12.9282; 12.9413; 12.9508; 
11.0588; 11.0606; 11.0662; 11.0755; 11.0884; 11.1049; 11.1249; 11.1484; 11.1752; 11.2053; 11.2385; 11.2748; 11.3139; 11.3557; 11.4001; 11.4468; 11.4957; 11.5466; 11.5993; 11.6535; 11.7092; 11.7659; 11.8236; 11.882; 11.9409; 12; 12.0591; 12.118; 12.1764; 12.2341; 12.2909; 12.3465; 12.4008; 12.4534; 12.5043; 12.5532; 12.6; 12.6443; 12.6861; 12.7252; 12.7615; 12.7947; 12.8248; 12.8516; 12.8751; 12.8951; 12.9116; 12.9245; 12.9338; 
11.0756; 11.0774; 11.0829; 11.092; 11.1046; 11.1208; 11.1405; 11.1636; 11.1899; 11.2195; 11.2521; 11.2877; 11.3261; 11.3672; 11.4108; 11.4566; 11.5047; 11.5547; 11.6064; 11.6597; 11.7143; 11.7701; 11.8268; 11.8841; 11.942; 12; 12.058; 12.1159; 12.1732; 12.2299; 12.2857; 12.3403; 12.3936; 12.4453; 12.4953; 12.5434; 12.5892; 12.6328; 12.6739; 12.7123; 12.7479; 12.7805; 12.8101; 12.8364; 12.8595; 12.8792; 12.8954; 12.908; 12.9171; 
11.0921; 11.0939; 11.0992; 11.1082; 11.1206; 11.1365; 11.1558; 11.1785; 11.2044; 11.2334; 11.2655; 11.3004; 11.3382; 11.3785; 11.4213; 11.4663; 11.5135; 11.5626; 11.6134; 11.6658; 11.7194; 11.7742; 11.8299; 11.8862; 11.943; 12; 12.057; 12.1138; 12.1701; 12.2258; 12.2806; 12.3342; 12.3866; 12.4374; 12.4865; 12.5337; 12.5787; 12.6215; 12.6619; 12.6996; 12.7345; 12.7666; 12.7956; 12.8215; 12.8442; 12.8635; 12.8794; 12.8918; 12.9008; 
11.1083; 11.11; 11.1153; 11.1241; 11.1363; 11.1519; 11.1709; 11.1931; 11.2186; 11.2471; 11.2786; 11.3129; 11.35; 11.3896; 11.4316; 11.4759; 11.5222; 11.5704; 11.6203; 11.6717; 11.7244; 11.7782; 11.8329; 11.8882; 11.944; 12; 12.056; 12.1118; 12.1671; 12.2218; 12.2756; 12.3283; 12.3797; 12.4296; 12.4778; 12.5241; 12.5684; 12.6104; 12.65; 12.6871; 12.7214; 12.7529; 12.7814; 12.8069; 12.8291; 12.8481; 12.8637; 12.8759; 12.8847; 
11.1242; 11.1259; 11.1311; 11.1397; 11.1517; 11.167; 11.1857; 11.2075; 11.2325; 11.2605; 11.2915; 11.3252; 11.3616; 11.4005; 11.4417; 11.4852; 11.5307; 11.5781; 11.6271; 11.6776; 11.7294; 11.7822; 11.8359; 11.8902; 11.945; 12; 12.055; 12.1098; 12.1641; 12.2178; 12.2706; 12.3224; 12.3729; 12.4219; 12.4693; 12.5148; 12.5583; 12.5995; 12.6384; 12.6748; 12.7086; 12.7395; 12.7675; 12.7925; 12.8143; 12.833; 12.8483; 12.8603; 12.8689; 
11.1398; 11.1415; 11.1466; 11.155; 11.1668; 11.1819; 11.2002; 11.2217; 11.2462; 11.2737; 11.3041; 11.3372; 11.3729; 11.4112; 11.4517; 11.4944; 11.5391; 11.5856; 11.6338; 11.6833; 11.7342; 11.7861; 11.8388; 11.8922; 11.946; 12; 12.054; 12.1078; 12.1612; 12.2139; 12.2658; 12.3167; 12.3663; 12.4144; 12.4609; 12.5056; 12.5483; 12.5888; 12.6271; 12.6628; 12.6959; 12.7263; 12.7538; 12.7783; 12.7998; 12.8181; 12.8332; 12.845; 12.8534; 
11.1552; 11.1568; 11.1618; 11.1701; 11.1817; 11.1965; 11.2145; 11.2356; 11.2597; 11.2867; 11.3165; 11.349; 11.3841; 11.4217; 11.4615; 11.5034; 11.5473; 11.593; 11.6403; 11.689; 11.7389; 11.7899; 11.8417; 11.8941; 11.947; 12; 12.0531; 12.1059; 12.1583; 12.2101; 12.2611; 12.311; 12.3597; 12.407; 12.4527; 12.4966; 12.5385; 12.5783; 12.6159; 12.651; 12.6835; 12.7133; 12.7403; 12.7644; 12.7855; 12.8035; 12.8183; 12.8299; 12.8382; 
11.1702; 11.1719; 11.1768; 11.1849; 11.1963; 11.2108; 11.2285; 11.2492; 11.2729; 11.2994; 11.3287; 11.3607; 11.3951; 11.432; 11.4711; 11.5123; 11.5554; 11.6003; 11.6467; 11.6945; 11.7436; 11.7936; 11.8445; 11.896; 11.9479; 12; 12.0521; 12.104; 12.1555; 12.2064; 12.2564; 12.3055; 12.3533; 12.3997; 12.4446; 12.4877; 12.5289; 12.568; 12.6049; 12.6394; 12.6713; 12.7006; 12.7271; 12.7508; 12.7715; 12.7892; 12.8037; 12.8151; 12.8232; 
11.185; 11.1866; 11.1915; 11.1995; 11.2106; 11.2249; 11.2423; 11.2626; 11.2858; 11.3119; 11.3407; 11.3721; 11.4059; 11.4421; 11.4805; 11.521; 11.5633; 11.6074; 11.653; 11.7; 11.7482; 11.7973; 11.8473; 11.8979; 11.9488; 12; 12.0512; 12.1021; 12.1527; 12.2027; 12.2518; 12.3; 12.347; 12.3926; 12.4367; 12.479; 12.5195; 12.5579; 12.5941; 12.6279; 12.6593; 12.6881; 12.7142; 12.7374; 12.7577; 12.7751; 12.7894; 12.8005; 12.8085; 
11.1996; 11.2012; 11.2059; 11.2138; 11.2247; 11.2387; 11.2558; 11.2758; 11.2986; 11.3242; 11.3524; 11.3833; 11.4165; 11.4521; 11.4898; 11.5295; 11.5711; 11.6144; 11.6592; 11.7053; 11.7527; 11.8009; 11.85; 11.8997; 11.9497; 12; 12.0503; 12.1003; 12.15; 12.1991; 12.2473; 12.2947; 12.3408; 12.3856; 12.4289; 12.4705; 12.5102; 12.5479; 12.5835; 12.6167; 12.6476; 12.6758; 12.7014; 12.7242; 12.7442; 12.7613; 12.7753; 12.7862; 12.7941; 
11.2139; 11.2154; 11.2201; 11.2278; 11.2386; 11.2523; 11.2691; 11.2887; 11.3111; 11.3362; 11.364; 11.3943; 11.4269; 11.4618; 11.4989; 11.5379; 11.5788; 11.6213; 11.6653; 11.7106; 11.7571; 11.8045; 11.8527; 11.9015; 11.9506; 12; 12.0494; 12.0985; 12.1473; 12.1955; 12.2429; 12.2894; 12.3347; 12.3787; 12.4212; 12.4621; 12.5011; 12.5382; 12.5731; 12.6057; 12.636; 12.6638; 12.6889; 12.7113; 12.7309; 12.7477; 12.7614; 12.7722; 12.7799; 
11.2279; 11.2294; 11.234; 11.2416; 11.2521; 11.2657; 11.2821; 11.3014; 11.3234; 11.3481; 11.3753; 11.4051; 11.4371; 11.4714; 11.5078; 11.5462; 11.5863; 11.628; 11.6712; 11.7158; 11.7614; 11.808; 11.8553; 11.9032; 11.9515; 12; 12.0485; 12.0968; 12.1447; 12.192; 12.2386; 12.2842; 12.3288; 12.372; 12.4137; 12.4538; 12.4922; 12.5286; 12.5629; 12.5949; 12.6247; 12.6519; 12.6766; 12.6986; 12.7179; 12.7343; 12.7479; 12.7584; 12.766; 
11.2417; 11.2432; 11.2476; 11.2551; 11.2655; 11.2788; 11.2949; 11.3138; 11.3355; 11.3597; 11.3865; 11.4157; 11.4472; 11.4809; 11.5166; 11.5543; 11.5937; 11.6347; 11.6771; 11.7208; 11.7657; 11.8114; 11.8579; 11.905; 11.9524; 12; 12.0476; 12.095; 12.1421; 12.1886; 12.2343; 12.2792; 12.3229; 12.3653; 12.4063; 12.4457; 12.4834; 12.5191; 12.5528; 12.5843; 12.6135; 12.6403; 12.6645; 12.6862; 12.7051; 12.7212; 12.7345; 12.7449; 12.7524; 
11.2552; 11.2567; 11.2611; 11.2684; 11.2786; 11.2916; 11.3075; 11.3261; 11.3473; 11.3711; 11.3974; 11.4261; 11.4571; 11.4901; 11.5252; 11.5622; 11.6009; 11.6412; 11.6829; 11.7258; 11.7698; 11.8148; 11.8604; 11.9067; 11.9532; 12; 12.0468; 12.0934; 12.1396; 12.1852; 12.2302; 12.2742; 12.3171; 12.3588; 12.3991; 12.4378; 12.4748; 12.5099; 12.5429; 12.5739; 12.6026; 12.6289; 12.6527; 12.6739; 12.6925; 12.7084; 12.7214; 12.7316; 12.7389; 
11.2685; 11.2699; 11.2742; 11.2814; 11.2915; 11.3043; 11.3198; 11.3381; 11.359; 11.3824; 11.4082; 11.4363; 11.4667; 11.4992; 11.5337; 11.57; 11.608; 11.6476; 11.6885; 11.7307; 11.7739; 11.8181; 11.8629; 11.9083; 11.9541; 12; 12.0459; 12.0917; 12.1371; 12.1819; 12.2261; 12.2693; 12.3115; 12.3524; 12.392; 12.43; 12.4663; 12.5008; 12.5333; 12.5637; 12.5918; 12.6177; 12.641; 12.6619; 12.6802; 12.6957; 12.7085; 12.7186; 12.7258; 
11.2815; 11.2829; 11.2872; 11.2943; 11.3041; 11.3167; 11.332; 11.3499; 11.3704; 11.3934; 11.4187; 11.4464; 11.4763; 11.5082; 11.542; 11.5777; 11.615; 11.6539; 11.6941; 11.7355; 11.778; 11.8213; 11.8654; 11.91; 11.9549; 12; 12.0451; 12.0901; 12.1346; 12.1787; 12.222; 12.2645; 12.3059; 12.3461; 12.385; 12.4223; 12.458; 12.4918; 12.5237; 12.5536; 12.5813; 12.6066; 12.6296; 12.6501; 12.668; 12.6833; 12.6959; 12.7058; 12.7128; 
11.2943; 11.2957; 11.2999; 11.3068; 11.3165; 11.3289; 11.3439; 11.3615; 11.3816; 11.4042; 11.4291; 11.4563; 11.4856; 11.5169; 11.5502; 11.5852; 11.6219; 11.66; 11.6995; 11.7402; 11.7819; 11.8245; 11.8678; 11.9116; 11.9557; 12; 12.0443; 12.0884; 12.1322; 12.1755; 12.2181; 12.2598; 12.3005; 12.34; 12.3781; 12.4148; 12.4498; 12.4831; 12.5144; 12.5437; 12.5709; 12.5958; 12.6184; 12.6385; 12.6561; 12.6711; 12.6835; 12.6932; 12.7001; 
11.3069; 11.3083; 11.3124; 11.3192; 11.3287; 11.3409; 11.3556; 11.3729; 11.3927; 11.4148; 11.4393; 11.466; 11.4948; 11.5256; 11.5582; 11.5926; 11.6286; 11.6661; 11.7049; 11.7449; 11.7858; 11.8276; 11.8701; 11.9131; 11.9565; 12; 12.0435; 12.0869; 12.1299; 12.1724; 12.2142; 12.2551; 12.2951; 12.3339; 12.3714; 12.4074; 12.4418; 12.4744; 12.5052; 12.534; 12.5607; 12.5852; 12.6073; 12.6271; 12.6444; 12.6591; 12.6713; 12.6808; 12.6876; 
11.3193; 11.3206; 11.3247; 11.3314; 11.3407; 11.3526; 11.3671; 11.3841; 11.4035; 11.4253; 11.4493; 11.4755; 11.5038; 11.534; 11.5661; 11.5999; 11.6353; 11.6721; 11.7102; 11.7494; 11.7897; 11.8307; 11.8725; 11.9147; 11.9573; 12; 12.0427; 12.0853; 12.1276; 12.1693; 12.2104; 12.2506; 12.2898; 12.3279; 12.3647; 12.4001; 12.4339; 12.466; 12.4962; 12.5245; 12.5507; 12.5747; 12.5965; 12.6159; 12.6329; 12.6474; 12.6593; 12.6686; 12.6753; 
11.3314; 11.3328; 11.3367; 11.3433; 11.3524; 11.3642; 11.3784; 11.3951; 11.4141; 11.4355; 11.4591; 11.4849; 11.5126; 11.5423; 11.5738; 11.607; 11.6418; 11.6779; 11.7153; 11.7539; 11.7934; 11.8337; 11.8747; 11.9162; 11.958; 12; 12.042; 12.0838; 12.1253; 12.1663; 12.2066; 12.2461; 12.2847; 12.3221; 12.3582; 12.393; 12.4262; 12.4577; 12.4874; 12.5151; 12.5409; 12.5645; 12.5859; 12.6049; 12.6216; 12.6358; 12.6476; 12.6567; 12.6633; 
11.3434; 11.3447; 11.3485; 11.355; 11.364; 11.3755; 11.3895; 11.4059; 11.4246; 11.4456; 11.4688; 11.4941; 11.5213; 11.5505; 11.5814; 11.614; 11.6482; 11.6837; 11.7204; 11.7583; 11.7971; 11.8367; 11.877; 11.9177; 11.9588; 12; 12.0412; 12.0823; 12.123; 12.1633; 12.2029; 12.2417; 12.2796; 12.3163; 12.3518; 12.386; 12.4186; 12.4495; 12.4787; 12.5059; 12.5312; 12.5544; 12.5754; 12.5941; 12.6105; 12.6245; 12.636; 12.645; 12.6515; 
11.3551; 11.3564; 11.3602; 11.3665; 11.3753; 11.3866; 11.4004; 11.4165; 11.4349; 11.4555; 11.4783; 11.5031; 11.5299; 11.5585; 11.5889; 11.6209; 11.6544; 11.6893; 11.7254; 11.7626; 11.8007; 11.8396; 11.8792; 11.9192; 11.9595; 12; 12.0405; 12.0808; 12.1208; 12.1604; 12.1993; 12.2374; 12.2746; 12.3107; 12.3456; 12.3791; 12.4111; 12.4415; 12.4701; 12.4969; 12.5217; 12.5445; 12.5651; 12.5835; 12.5996; 12.6134; 12.6247; 12.6335; 12.6398; 
11.3666; 11.3678; 11.3716; 11.3778; 11.3865; 11.3976; 11.4111; 11.4269; 11.4449; 11.4652; 11.4876; 11.512; 11.5383; 11.5664; 11.5963; 11.6277; 11.6606; 11.6949; 11.7303; 11.7668; 11.8043; 11.8425; 11.8813; 11.9206; 11.9602; 12; 12.0398; 12.0794; 12.1187; 12.1575; 12.1957; 12.2332; 12.2697; 12.3051; 12.3394; 12.3723; 12.4038; 12.4336; 12.4617; 12.4881; 12.5124; 12.5348; 12.5551; 12.5731; 12.5889; 12.6024; 12.6135; 12.6222; 12.6284; 
11.3779; 11.3791; 11.3828; 11.3889; 11.3974; 11.4083; 11.4216; 11.4371; 11.4548; 11.4747; 11.4967; 11.5207; 11.5465; 11.5741; 11.6035; 11.6343; 11.6667; 11.7003; 11.7351; 11.771; 11.8078; 11.8453; 11.8834; 11.922; 11.9609; 12; 12.0391; 12.078; 12.1166; 12.1547; 12.1922; 12.229; 12.2649; 12.2997; 12.3333; 12.3657; 12.3965; 12.4259; 12.4535; 12.4793; 12.5033; 12.5253; 12.5452; 12.5629; 12.5784; 12.5917; 12.6026; 12.6111; 12.6172; 
11.389; 11.3902; 11.3938; 11.3998; 11.4082; 11.4189; 11.4319; 11.4471; 11.4646; 11.4841; 11.5057; 11.5292; 11.5546; 11.5817; 11.6105; 11.6409; 11.6726; 11.7056; 11.7398; 11.7751; 11.8112; 11.8481; 11.8855; 11.9234; 11.9616; 12; 12.0384; 12.0766; 12.1145; 12.152; 12.1888; 12.2249; 12.2602; 12.2944; 12.3274; 12.3591; 12.3895; 12.4183; 12.4454; 12.4708; 12.4943; 12.5159; 12.5354; 12.5529; 12.5681; 12.5811; 12.5918; 12.6002; 12.6062; 
11.3999; 11.4011; 11.4046; 11.4105; 11.4187; 11.4293; 11.442; 11.457; 11.4741; 11.4933; 11.5145; 11.5376; 11.5625; 11.5892; 11.6175; 11.6473; 11.6784; 11.7109; 11.7445; 11.7791; 11.8146; 11.8508; 11.8876; 11.9248; 11.9623; 12; 12.0377; 12.0752; 12.1125; 12.1492; 12.1854; 12.2209; 12.2555; 12.2891; 12.3216; 12.3527; 12.3825; 12.4108; 12.4375; 12.4624; 12.4855; 12.5067; 12.5259; 12.543; 12.558; 12.5707; 12.5813; 12.5895; 12.5954; 
11.4106; 11.4118; 11.4152; 11.421; 11.4291; 11.4394; 11.452; 11.4667; 11.4835; 11.5024; 11.5232; 11.5459; 11.5703; 11.5965; 11.6243; 11.6536; 11.6842; 11.7161; 11.749; 11.783; 11.8179; 11.8534; 11.8896; 11.9261; 11.963; 12; 12.037; 12.0739; 12.1104; 12.1466; 12.1821; 12.217; 12.251; 12.2839; 12.3158; 12.3464; 12.3757; 12.4035; 12.4297; 12.4541; 12.4768; 12.4976; 12.5165; 12.5333; 12.548; 12.5606; 12.5709; 12.579; 12.5848; 
11.4211; 11.4223; 11.4257; 11.4314; 11.4393; 11.4494; 11.4618; 11.4762; 11.4927; 11.5112; 11.5317; 11.554; 11.578; 11.6037; 11.631; 11.6597; 11.6898; 11.7211; 11.7535; 11.7869; 11.8211; 11.856; 11.8915; 11.9274; 11.9637; 12; 12.0364; 12.0726; 12.1085; 12.144; 12.1789; 12.2131; 12.2465; 12.2789; 12.3102; 12.3403; 12.369; 12.3963; 12.422; 12.446; 12.4683; 12.4888; 12.5073; 12.5238; 12.5382; 12.5506; 12.5607; 12.5686; 12.5743; 
11.4314; 11.4326; 11.4359; 11.4415; 11.4493; 11.4593; 11.4714; 11.4856; 11.5018; 11.52; 11.54; 11.5619; 11.5855; 11.6108; 11.6376; 11.6658; 11.6954; 11.7261; 11.7579; 11.7907; 11.8243; 11.8586; 11.8935; 11.9287; 11.9643; 12; 12.0357; 12.0713; 12.1065; 12.1414; 12.1757; 12.2093; 12.2421; 12.2739; 12.3047; 12.3342; 12.3624; 12.3892; 12.4145; 12.4381; 12.46; 12.4801; 12.4982; 12.5144; 12.5286; 12.5407; 12.5507; 12.5585; 12.5641; 
11.4416; 11.4427; 11.446; 11.4515; 11.4591; 11.4689; 11.4808; 11.4947; 11.5107; 11.5285; 11.5482; 11.5697; 11.5929; 11.6177; 11.6441; 11.6718; 11.7008; 11.731; 11.7622; 11.7944; 11.8274; 11.8611; 11.8954; 11.93; 11.9649; 12; 12.0351; 12.07; 12.1046; 12.1389; 12.1726; 12.2056; 12.2378; 12.269; 12.2992; 12.3282; 12.3559; 12.3823; 12.4071; 12.4303; 12.4518; 12.4715; 12.4893; 12.5053; 12.5192; 12.5311; 12.5409; 12.5485; 12.554; 
11.4515; 11.4526; 11.4559; 11.4613; 11.4688; 11.4784; 11.4901; 11.5037; 11.5194; 11.5369; 11.5563; 11.5774; 11.6002; 11.6246; 11.6504; 11.6776; 11.7061; 11.7358; 11.7665; 11.7981; 11.8305; 11.8636; 11.8972; 11.9313; 11.9656; 12; 12.0344; 12.0687; 12.1028; 12.1364; 12.1695; 12.2019; 12.2335; 12.2642; 12.2939; 12.3224; 12.3496; 12.3754; 12.3998; 12.4226; 12.4437; 12.4631; 12.4806; 12.4963; 12.5099; 12.5216; 12.5312; 12.5387; 12.5441; 
11.4613; 11.4624; 11.4656; 11.4709; 11.4783; 11.4877; 11.4992; 11.5126; 11.528; 11.5452; 11.5642; 11.585; 11.6073; 11.6313; 11.6566; 11.6834; 11.7114; 11.7405; 11.7706; 11.8017; 11.8335; 11.866; 11.8991; 11.9325; 11.9662; 12; 12.0338; 12.0675; 12.1009; 12.134; 12.1665; 12.1983; 12.2294; 12.2595; 12.2886; 12.3166; 12.3434; 12.3687; 12.3927; 12.4151; 12.4358; 12.4548; 12.472; 12.4874; 12.5008; 12.5123; 12.5217; 12.5291; 12.5344; 
11.4709; 11.472; 11.4751; 11.4803; 11.4876; 11.4968; 11.5081; 11.5213; 11.5364; 11.5533; 11.572; 11.5924; 11.6143; 11.6378; 11.6628; 11.689; 11.7165; 11.7451; 11.7747; 11.8052; 11.8365; 11.8684; 11.9009; 11.9337; 11.9668; 12; 12.0332; 12.0663; 12.0991; 12.1316; 12.1635; 12.1948; 12.2253; 12.2549; 12.2835; 12.311; 12.3372; 12.3622; 12.3857; 12.4076; 12.428; 12.4467; 12.4636; 12.4787; 12.4919; 12.5032; 12.5124; 12.5197; 12.5249; 
11.4804; 11.4814; 11.4845; 11.4896; 11.4967; 11.5058; 11.5169; 11.5298; 11.5447; 11.5613; 11.5796; 11.5996; 11.6212; 11.6443; 11.6688; 11.6946; 11.7216; 11.7497; 11.7788; 11.8087; 11.8394; 11.8708; 11.9026; 11.9349; 11.9674; 12; 12.0326; 12.0651; 12.0974; 12.1292; 12.1606; 12.1913; 12.2212; 12.2503; 12.2784; 12.3054; 12.3312; 12.3557; 12.3788; 12.4004; 12.4204; 12.4387; 12.4553; 12.4702; 12.4831; 12.4942; 12.5033; 12.5104; 12.5155; 
11.4897; 11.4907; 11.4937; 11.4987; 11.5057; 11.5146; 11.5255; 11.5382; 11.5528; 11.5691; 11.5871; 11.6068; 11.628; 11.6506; 11.6747; 11.7; 11.7265; 11.7541; 11.7827; 11.8121; 11.8423; 11.8731; 11.9044; 11.936; 11.968; 12; 12.032; 12.064; 12.0956; 12.1269; 12.1577; 12.1879; 12.2173; 12.2459; 12.2735; 12.3; 12.3253; 12.3494; 12.372; 12.3932; 12.4129; 12.4309; 12.4472; 12.4618; 12.4745; 12.4854; 12.4943; 12.5013; 12.5063; 
11.4988; 11.4997; 11.5027; 11.5076; 11.5145; 11.5233; 11.534; 11.5465; 11.5608; 11.5768; 11.5945; 11.6138; 11.6346; 11.6569; 11.6805; 11.7054; 11.7314; 11.7585; 11.7866; 11.8155; 11.8451; 11.8753; 11.9061; 11.9372; 11.9685; 12; 12.0315; 12.0628; 12.0939; 12.1247; 12.1549; 12.1845; 12.2134; 12.2415; 12.2686; 12.2946; 12.3195; 12.3431; 12.3654; 12.3862; 12.4055; 12.4232; 12.4392; 12.4535; 12.466; 12.4767; 12.4855; 12.4924; 12.4973; 
11.5077; 11.5087; 11.5116; 11.5164; 11.5232; 11.5318; 11.5423; 11.5546; 11.5686; 11.5843; 11.6017; 11.6207; 11.6411; 11.663; 11.6862; 11.7106; 11.7362; 11.7628; 11.7904; 11.8188; 11.8479; 11.8776; 11.9078; 11.9383; 11.9691; 12; 12.0309; 12.0617; 12.0922; 12.1224; 12.1521; 12.1812; 12.2096; 12.2372; 12.2638; 12.2894; 12.3138; 12.337; 12.3589; 12.3793; 12.3983; 12.4157; 12.4314; 12.4454; 12.4577; 12.4682; 12.4768; 12.4836; 12.4884; 
11.5165; 11.5174; 11.5203; 11.525; 11.5317; 11.5402; 11.5504; 11.5625; 11.5763; 11.5918; 11.6088; 11.6274; 11.6475; 11.669; 11.6918; 11.7158; 11.7409; 11.7671; 11.7941; 11.822; 11.8506; 11.8798; 11.9094; 11.9394; 11.9696; 12; 12.0304; 12.0606; 12.0906; 12.1202; 12.1494; 12.178; 12.2059; 12.2329; 12.2591; 12.2842; 12.3082; 12.331; 12.3525; 12.3726; 12.3912; 12.4082; 12.4237; 12.4375; 12.4496; 12.4599; 12.4683; 12.475; 12.4797; 
11.5251; 11.526; 11.5289; 11.5335; 11.54; 11.5484; 11.5585; 11.5703; 11.5839; 11.599; 11.6158; 11.6341; 11.6538; 11.6749; 11.6973; 11.7209; 11.7455; 11.7712; 11.7978; 11.8252; 11.8533; 11.8819; 11.911; 11.9405; 11.9702; 12; 12.0298; 12.0595; 12.089; 12.1181; 12.1468; 12.1748; 12.2022; 12.2288; 12.2545; 12.2791; 12.3027; 12.3251; 12.3462; 12.3659; 12.3842; 12.401; 12.4161; 12.4297; 12.4415; 12.4516; 12.46; 12.4665; 12.4711; 
11.5336; 11.5345; 11.5373; 11.5418; 11.5482; 11.5564; 11.5663; 11.578; 11.5913; 11.6062; 11.6227; 11.6406; 11.66; 11.6807; 11.7027; 11.7258; 11.7501; 11.7753; 11.8014; 11.8283; 11.8559; 11.884; 11.9126; 11.9415; 11.9707; 12; 12.0293; 12.0585; 12.0874; 12.116; 12.1441; 12.1717; 12.1986; 12.2247; 12.2499; 12.2742; 12.2973; 12.3193; 12.34; 12.3594; 12.3773; 12.3938; 12.4087; 12.422; 12.4337; 12.4436; 12.4518; 12.4582; 12.4627; 
11.5419; 11.5428; 11.5455; 11.55; 11.5563; 11.5643; 11.5741; 11.5855; 11.5986; 11.6132; 11.6294; 11.647; 11.6661; 11.6864; 11.708; 11.7307; 11.7545; 11.7793; 11.805; 11.8314; 11.8584; 11.8861; 11.9142; 11.9426; 11.9712; 12; 12.0288; 12.0574; 12.0858; 12.1139; 12.1416; 12.1686; 12.195; 12.2207; 12.2455; 12.2693; 12.292; 12.3136; 12.3339; 12.353; 12.3706; 12.3868; 12.4014; 12.4145; 12.4259; 12.4357; 12.4437; 12.45; 12.4545; 
11.5501; 11.551; 11.5536; 11.558; 11.5642; 11.5721; 11.5817; 11.5929; 11.6057; 11.6201; 11.636; 11.6533; 11.672; 11.692; 11.7132; 11.7355; 11.7589; 11.7832; 11.8084; 11.8344; 11.861; 11.8881; 11.9157; 11.9436; 11.9718; 12; 12.0283; 12.0564; 12.0843; 12.1119; 12.139; 12.1656; 12.1916; 12.2168; 12.2411; 12.2645; 12.2868; 12.308; 12.328; 12.3467; 12.364; 12.3799; 12.3943; 12.4071; 12.4183; 12.4279; 12.4358; 12.442; 12.4464; 
11.5581; 11.559; 11.5616; 11.5659; 11.572; 11.5797; 11.5891; 11.6002; 11.6128; 11.6269; 11.6425; 11.6595; 11.6779; 11.6975; 11.7183; 11.7403; 11.7632; 11.7871; 11.8119; 11.8373; 11.8634; 11.8901; 11.9172; 11.9446; 11.9723; 12; 12.0277; 12.0554; 12.0828; 12.1099; 12.1366; 12.1627; 12.1882; 12.2129; 12.2368; 12.2597; 12.2817; 12.3025; 12.3221; 12.3405; 12.3575; 12.3731; 12.3872; 12.3998; 12.4109; 12.4203; 12.428; 12.4341; 12.4384; 
11.566; 11.5668; 11.5694; 11.5737; 11.5796; 11.5872; 11.5965; 11.6073; 11.6197; 11.6336; 11.6489; 11.6656; 11.6836; 11.7029; 11.7234; 11.7449; 11.7674; 11.7909; 11.8152; 11.8402; 11.8659; 11.8921; 11.9187; 11.9456; 11.9727; 12; 12.0273; 12.0544; 12.0813; 12.1079; 12.1341; 12.1598; 12.1848; 12.2091; 12.2326; 12.2551; 12.2767; 12.2971; 12.3164; 12.3344; 12.3511; 12.3664; 12.3803; 12.3927; 12.4035; 12.4128; 12.4204; 12.4263; 12.4306; 
11.5737; 11.5746; 11.5771; 11.5813; 11.5871; 11.5946; 11.6037; 11.6143; 11.6265; 11.6401; 11.6551; 11.6716; 11.6893; 11.7082; 11.7283; 11.7494; 11.7716; 11.7946; 11.8185; 11.8431; 11.8683; 11.894; 11.9201; 11.9466; 11.9732; 12; 12.0268; 12.0534; 12.0799; 12.106; 12.1317; 12.1569; 12.1815; 12.2054; 12.2284; 12.2506; 12.2717; 12.2918; 12.3107; 12.3284; 12.3449; 12.3599; 12.3735; 12.3857; 12.3963; 12.4054; 12.4129; 12.4187; 12.4229; 
11.5813; 11.5822; 11.5846; 11.5888; 11.5945; 11.6018; 11.6107; 11.6212; 11.6331; 11.6465; 11.6613; 11.6774; 11.6948; 11.7134; 11.7331; 11.7539; 11.7757; 11.7983; 11.8217; 11.8459; 11.8706; 11.8959; 11.9216; 11.9475; 11.9737; 12; 12.0263; 12.0525; 12.0785; 12.1041; 12.1294; 12.1541; 12.1783; 12.2017; 12.2243; 12.2461; 12.2669; 12.2866; 12.3052; 12.3226; 12.3387; 12.3535; 12.3669; 12.3788; 12.3893; 12.3982; 12.4055; 12.4112; 12.4154; 
11.5888; 11.5896; 11.592; 11.5961; 11.6017; 11.6089; 11.6177; 11.6279; 11.6397; 11.6528; 11.6673; 11.6832; 11.7003; 11.7185; 11.7379; 11.7583; 11.7797; 11.8019; 11.8249; 11.8486; 11.8729; 11.8977; 11.923; 11.9485; 11.9742; 12; 12.0258; 12.0515; 12.0771; 12.1023; 12.1271; 12.1514; 12.1751; 12.1981; 12.2203; 12.2417; 12.2621; 12.2815; 12.2997; 12.3168; 12.3327; 12.3472; 12.3603; 12.3721; 12.3823; 12.3911; 12.3983; 12.4039; 12.408; 
11.5961; 11.5969; 11.5993; 11.6033; 11.6088; 11.6159; 11.6245; 11.6346; 11.6461; 11.659; 11.6733; 11.6888; 11.7056; 11.7235; 11.7426; 11.7626; 11.7836; 11.8054; 11.828; 11.8513; 11.8752; 11.8996; 11.9243; 11.9494; 11.9746; 12; 12.0254; 12.0506; 12.0757; 12.1004; 12.1248; 12.1487; 12.172; 12.1946; 12.2164; 12.2374; 12.2574; 12.2765; 12.2944; 12.3112; 12.3267; 12.341; 12.3539; 12.3654; 12.3755; 12.3841; 12.3912; 12.3967; 12.4007; 
11.6033; 11.6041; 11.6065; 11.6104; 11.6158; 11.6228; 11.6312; 11.6411; 11.6524; 11.6651; 11.6791; 11.6944; 11.7109; 11.7285; 11.7472; 11.7669; 11.7875; 11.8089; 11.8311; 11.854; 11.8774; 11.9014; 11.9257; 11.9503; 11.9751; 12; 12.0249; 12.0497; 12.0743; 12.0986; 12.1226; 12.146; 12.1689; 12.1911; 12.2125; 12.2331; 12.2528; 12.2715; 12.2891; 12.3056; 12.3209; 12.3349; 12.3476; 12.3589; 12.3688; 12.3772; 12.3842; 12.3896; 12.3935; 
