0; 0.5; 1; 1.5; 2; 2.5; 3; 3.5; 4; 4.5; 5; 5.5; 6; 6.5; 7; 7.5; 8; 8.5; 9; 9.5; 10; 10.5; 11; 11.5; 12; 12.5; 13; 13.5; 14; 14.5; 15; 15.5; 16; 16.5; 17; 17.5; 18; 18.5; 19; 19.5; 20; 20.5; 21; 21.5; 22; 22.5; 23; 23.5; 24; 
1.34659; 1.34659; 1.53224; 1.83461; 2.21037; 2.63226; 3.08315; 3.55227; 4.03286; 4.52066; 5.01299; 5.50817; 6.00513; 6.50323; 7.00203; 7.50128; 8.0008; 8.5005; 9.00032; 9.5002; 10.0001; 10.5001; 11; 11.5; 12; 12.5; 13; 13.4999; 13.9999; 14.4998; 14.9997; 15.4995; 15.9992; 16.4987; 16.998; 17.4968; 17.9949; 18.4918; 18.987; 19.4793; 19.9671; 20.4477; 20.9169; 21.3677; 21.7896; 22.1654; 22.4678; 22.6534; 22.6534; 
1.86638; 1.86638; 1.98037; 2.19264; 2.48341; 2.83407; 3.22898; 3.65588; 4.10549; 4.57103; 5.04762; 5.5318; 6.02116; 6.51404; 7.00929; 7.50613; 8.00403; 8.50265; 9.00173; 9.50112; 10.0007; 10.5004; 11.0003; 11.5001; 12; 12.4999; 12.9997; 13.4996; 13.9993; 14.4989; 14.9983; 15.4974; 15.996; 16.4939; 16.9907; 17.486; 17.9788; 18.4682; 18.9524; 19.429; 19.8945; 20.3441; 20.771; 21.1659; 21.5166; 21.8074; 22.0196; 22.1336; 22.1336; 
2.26298; 2.26298; 2.34996; 2.51798; 2.75735; 3.05679; 3.40508; 3.79198; 4.20873; 4.64812; 5.10442; 5.57317; 6.051; 6.53537; 7.02442; 7.51679; 8.01149; 8.50783; 9.0053; 9.50356; 10.0024; 10.5015; 11.0009; 11.5004; 12; 12.4996; 12.9991; 13.4985; 13.9976; 14.4964; 14.9947; 15.4922; 15.9885; 16.4832; 16.9756; 17.4646; 17.949; 18.4268; 18.8956; 19.3519; 19.7913; 20.208; 20.5949; 20.9432; 21.2427; 21.482; 21.65; 21.737; 21.737; 
2.59478; 2.59478; 2.66755; 2.80996; 3.0164; 3.27965; 3.59177; 3.94483; 4.33142; 4.74491; 5.17962; 5.63083; 6.09468; 6.56812; 7.04873; 7.53467; 8.02454; 8.51726; 9.01206; 9.50833; 10.0057; 10.5037; 11.0022; 11.501; 12; 12.499; 12.9978; 13.4963; 13.9943; 14.4917; 14.9879; 15.4827; 15.9755; 16.4653; 16.9513; 17.4319; 17.9053; 18.3692; 18.8204; 19.2551; 19.6686; 20.0552; 20.4082; 20.7204; 20.9836; 21.19; 21.3325; 21.4052; 21.4052; 
2.88558; 2.88558; 2.94935; 3.07492; 3.2586; 3.49539; 3.7795; 4.10477; 4.46511; 4.85477; 5.26853; 5.70178; 6.1506; 6.61167; 7.08229; 7.56028; 8.04388; 8.53173; 9.02274; 9.51611; 10.0112; 10.5074; 11.0045; 11.5022; 12; 12.4978; 12.9955; 13.4926; 13.9888; 14.4839; 14.9773; 15.4683; 15.9561; 16.4397; 16.9177; 17.3883; 17.8494; 18.2982; 18.7315; 19.1452; 19.5349; 19.8952; 20.2205; 20.5046; 20.7414; 20.9251; 21.0506; 21.1144; 21.1144; 
3.14753; 3.14753; 3.20497; 3.31848; 3.48539; 3.70204; 3.96401; 4.26644; 4.60432; 4.97273; 5.36701; 5.78288; 6.21654; 6.66467; 7.12441; 7.5934; 8.06964; 8.55154; 9.03777; 9.52731; 10.0193; 10.5131; 11.0081; 11.5038; 12; 12.4962; 12.9919; 13.4869; 13.9807; 14.4727; 14.9622; 15.4485; 15.9304; 16.4066; 16.8756; 17.3353; 17.7835; 18.2171; 18.633; 19.0273; 19.3957; 19.7336; 20.036; 20.298; 20.5146; 20.6815; 20.795; 20.8525; 20.8525; 
3.38778; 3.38778; 3.44047; 3.5448; 3.69876; 3.89952; 4.14358; 4.42702; 4.74568; 5.09533; 5.47188; 5.87142; 6.29037; 6.72552; 7.174; 7.63337; 8.1015; 8.57661; 9.05722; 9.5421; 10.0302; 10.5207; 11.0129; 11.5062; 12; 12.4938; 12.9871; 13.4793; 13.9698; 14.4579; 14.9428; 15.4234; 15.8985; 16.3666; 16.826; 17.2745; 17.7096; 18.1286; 18.5281; 18.9047; 19.2543; 19.573; 19.8564; 20.1005; 20.3012; 20.4552; 20.5595; 20.6122; 20.6122; 
3.61096; 3.61096; 3.6599; 3.75696; 3.90055; 4.08839; 4.31764; 4.58507; 4.88716; 5.22028; 5.5808; 5.96521; 6.37019; 6.79267; 7.22987; 7.67933; 8.13887; 8.60661; 9.08092; 9.56043; 10.044; 10.5305; 11.0192; 11.5093; 12; 12.4907; 12.9808; 13.4695; 13.956; 14.4396; 14.9191; 15.3934; 15.8611; 16.3207; 16.7701; 17.2073; 17.6298; 18.0348; 18.4192; 18.7797; 19.1128; 19.4149; 19.6824; 19.9116; 20.0995; 20.243; 20.3401; 20.389; 20.389; 
3.82023; 3.82023; 3.86613; 3.95725; 4.09229; 4.26938; 4.48616; 4.73989; 5.02758; 5.34606; 5.69213; 6.06261; 6.45444; 6.86476; 7.29088; 7.73038; 8.18108; 8.64103; 9.10854; 9.5821; 10.0604; 10.5423; 11.0268; 11.513; 12; 12.487; 12.9732; 13.4577; 13.9396; 14.4179; 14.8915; 15.359; 15.8189; 16.2696; 16.7091; 17.1352; 17.5456; 17.9374; 18.3079; 18.6539; 18.9724; 19.2601; 19.5138; 19.7306; 19.9077; 20.0428; 20.1339; 20.1798; 20.1798; 
4.01791; 4.01791; 4.06126; 4.1474; 4.27525; 4.44322; 4.64931; 4.89118; 5.16622; 5.47167; 5.80467; 6.16235; 6.5419; 6.94063; 7.35599; 7.78564; 8.2274; 8.67932; 9.13964; 9.60678; 10.0793; 10.556; 11.0357; 11.5174; 12; 12.4826; 12.9643; 13.444; 13.9207; 14.3932; 14.8604; 15.3207; 15.7726; 16.2144; 16.644; 17.0594; 17.4581; 17.8377; 18.1953; 18.5283; 18.8338; 19.1088; 19.3507; 19.5568; 19.7248; 19.8526; 19.9387; 19.9821; 19.9821; 
4.20572; 4.20572; 4.2469; 4.3288; 4.45047; 4.61057; 4.80737; 5.03884; 5.30268; 5.59646; 5.91759; 6.26349; 6.63157; 7.01931; 7.42431; 7.84429; 8.27714; 8.72089; 9.17376; 9.63411; 10.1005; 10.5714; 11.0458; 11.5223; 12; 12.4777; 12.9542; 13.4286; 13.8995; 14.3659; 14.8262; 15.2791; 15.7229; 16.1557; 16.5757; 16.9807; 17.3684; 17.7365; 18.0824; 18.4035; 18.6973; 18.9612; 19.1926; 19.3894; 19.5495; 19.6712; 19.7531; 19.7943; 19.7943; 
4.38498; 4.38498; 4.42429; 4.5025; 4.61881; 4.77203; 4.96066; 5.1829; 5.43674; 5.71997; 6.03029; 6.36532; 6.72268; 7.10003; 7.49507; 7.90564; 8.32965; 8.76518; 9.21043; 9.66372; 10.1235; 10.5883; 11.0569; 11.5278; 12; 12.4722; 12.9431; 13.4117; 13.8765; 14.3363; 14.7896; 15.2348; 15.6703; 16.0944; 16.5049; 16.9; 17.2773; 17.6347; 17.9697; 18.28; 18.5633; 18.8171; 19.0393; 19.228; 19.3812; 19.4975; 19.5757; 19.615; 19.615; 
4.55674; 4.55674; 4.59441; 4.66939; 4.78096; 4.9281; 5.10946; 5.32345; 5.56826; 5.84192; 6.14232; 6.4673; 6.81463; 7.18213; 7.56763; 7.96905; 8.38437; 8.81169; 9.2492; 9.69522; 10.1482; 10.6065; 11.0688; 11.5338; 12; 12.4662; 12.9312; 13.3935; 13.8518; 14.3048; 14.7508; 15.1883; 15.6156; 16.031; 16.4324; 16.8179; 17.1854; 17.5327; 17.8577; 18.1581; 18.4317; 18.6766; 18.8905; 19.0719; 19.219; 19.3306; 19.4056; 19.4433; 19.4433; 
4.72186; 4.72186; 4.75807; 4.83017; 4.93753; 5.07922; 5.25406; 5.4606; 5.69722; 5.96212; 6.25339; 6.569; 6.90693; 7.26509; 7.64145; 8.03399; 8.44078; 8.85994; 9.28967; 9.72829; 10.1742; 10.6257; 11.0815; 11.5401; 12; 12.4599; 12.9185; 13.3743; 13.8258; 14.2717; 14.7103; 15.1401; 15.5592; 15.966; 16.3586; 16.7349; 17.0931; 17.431; 17.7466; 18.0379; 18.3028; 18.5394; 18.7459; 18.9208; 19.0625; 19.1698; 19.2419; 19.2781; 19.2781; 
4.88101; 4.88101; 4.91592; 4.98543; 5.089; 5.22578; 5.39471; 5.59448; 5.82361; 6.08045; 6.36324; 6.67013; 6.99919; 7.34849; 7.71607; 8.10002; 8.49845; 8.90952; 9.33147; 9.76259; 10.2012; 10.6458; 11.0948; 11.5467; 12; 12.4533; 12.9052; 13.3542; 13.7988; 14.2374; 14.6685; 15.0905; 15.5016; 15.9; 16.2839; 16.6515; 17.0008; 17.3299; 17.6368; 17.9195; 18.1764; 18.4055; 18.6053; 18.7742; 18.911; 19.0146; 19.0841; 19.119; 19.119; 
5.03477; 5.03477; 5.06849; 5.13567; 5.2358; 5.36811; 5.53165; 5.72521; 5.94744; 6.19682; 6.47173; 6.77043; 7.09112; 7.43197; 7.79113; 8.16675; 8.557; 8.96009; 9.37427; 9.79784; 10.2291; 10.6666; 11.1085; 11.5535; 12; 12.4465; 12.8915; 13.3334; 13.7709; 14.2022; 14.6257; 15.0399; 15.443; 15.8333; 16.2089; 16.568; 16.9089; 17.2296; 17.5283; 17.8032; 18.0526; 18.2748; 18.4684; 18.6319; 18.7642; 18.8643; 18.9315; 18.9652; 18.9652; 
5.18361; 5.18361; 5.21625; 5.2813; 5.37828; 5.5065; 5.66508; 5.85291; 6.06875; 6.31119; 6.57872; 6.86971; 7.18246; 7.51525; 7.86631; 8.23385; 8.61611; 9.01133; 9.41779; 9.83379; 10.2577; 10.6878; 11.1226; 11.5605; 12; 12.4395; 12.8774; 13.3122; 13.7423; 14.1662; 14.5822; 14.9887; 15.3839; 15.7661; 16.1337; 16.4847; 16.8175; 17.1303; 17.4213; 17.6888; 17.9312; 18.1471; 18.3349; 18.4935; 18.6217; 18.7187; 18.7837; 18.8164; 18.8164; 
5.32793; 5.32793; 5.35958; 5.42266; 5.51675; 5.6412; 5.79518; 5.9777; 6.18759; 6.42354; 6.68412; 6.96782; 7.27303; 7.59811; 7.94136; 8.30107; 8.67551; 9.06299; 9.46179; 9.87024; 10.2867; 10.7095; 11.137; 11.5677; 12; 12.4323; 12.863; 13.2905; 13.7133; 14.1298; 14.5382; 14.937; 15.3245; 15.6989; 16.0586; 16.4019; 16.727; 17.0322; 17.3159; 17.5765; 17.8124; 18.0223; 18.2048; 18.3588; 18.4833; 18.5773; 18.6404; 18.6721; 18.6721; 
5.46808; 5.46808; 5.49881; 5.56007; 5.65147; 5.77241; 5.92213; 6.09969; 6.304; 6.53384; 6.78787; 7.06466; 7.36268; 7.68035; 8.01607; 8.36817; 8.73498; 9.11483; 9.50605; 9.90698; 10.316; 10.7314; 11.1516; 11.575; 12; 12.425; 12.8484; 13.2686; 13.684; 14.093; 14.4939; 14.8852; 15.265; 15.6318; 15.9839; 16.3196; 16.6373; 16.9353; 17.2121; 17.4662; 17.696; 17.9003; 18.0779; 18.2276; 18.3485; 18.4399; 18.5012; 18.5319; 18.5319; 
5.60433; 5.60433; 5.63421; 5.69378; 5.78268; 5.90035; 6.04607; 6.21898; 6.41804; 6.64212; 6.88993; 7.16013; 7.45127; 7.76183; 8.09026; 8.43496; 8.79431; 9.16668; 9.55041; 9.94387; 10.3454; 10.7534; 11.1663; 11.5823; 12; 12.4177; 12.8337; 13.2466; 13.6546; 14.0561; 14.4496; 14.8333; 15.2057; 15.565; 15.9097; 16.2382; 16.5487; 16.8399; 17.1101; 17.3579; 17.582; 17.781; 17.9539; 18.0997; 18.2173; 18.3062; 18.3658; 18.3957; 18.3957; 
5.73695; 5.73695; 5.76603; 5.82402; 5.91057; 6.02517; 6.16714; 6.33565; 6.52976; 6.74836; 6.99027; 7.25418; 7.53871; 7.84242; 8.1638; 8.50131; 8.85336; 9.21837; 9.59471; 9.98077; 10.3749; 10.7755; 11.181; 11.5897; 12; 12.4103; 12.819; 13.2245; 13.6251; 14.0192; 14.4053; 14.7816; 15.1466; 15.4987; 15.8362; 16.1576; 16.4613; 16.7458; 17.0097; 17.2516; 17.4702; 17.6643; 17.8329; 17.9748; 18.0894; 18.176; 18.234; 18.2631; 18.2631; 
5.86614; 5.86614; 5.89448; 5.95098; 6.03532; 6.14702; 6.28544; 6.44981; 6.63921; 6.85261; 7.08887; 7.34675; 7.62493; 7.92202; 8.23656; 8.56707; 8.91199; 9.26977; 9.63883; 10.0176; 10.4044; 10.7976; 11.1957; 11.5971; 12; 12.4029; 12.8043; 13.2024; 13.5956; 13.9824; 14.3612; 14.7302; 15.088; 15.4329; 15.7634; 16.078; 16.3751; 16.6533; 16.9111; 17.1474; 17.3608; 17.5502; 17.7146; 17.853; 17.9647; 18.049; 18.1055; 18.1339; 18.1339; 
5.99211; 5.99211; 6.01973; 6.07483; 6.15708; 6.26604; 6.40109; 6.56151; 6.74643; 6.95486; 7.18571; 7.43781; 7.70987; 8.00055; 8.30847; 8.63215; 8.9701; 9.32079; 9.68267; 10.0542; 10.4337; 10.8196; 11.2104; 11.6044; 12; 12.3956; 12.7896; 13.1804; 13.5663; 13.9458; 14.3173; 14.6792; 15.0299; 15.3679; 15.6915; 15.9994; 16.2901; 16.5622; 16.8143; 17.0451; 17.2536; 17.4385; 17.5989; 17.734; 17.8429; 17.9252; 17.9803; 18.0079; 18.0079; 
6.11501; 6.11501; 6.14197; 6.19572; 6.27599; 6.38234; 6.51419; 6.67085; 6.85148; 7.05515; 7.28081; 7.52733; 7.79348; 8.07797; 8.37943; 8.69646; 9.02758; 9.37132; 9.72614; 10.0905; 10.4628; 10.8415; 11.225; 11.6117; 12; 12.3883; 12.775; 13.1585; 13.5372; 13.9095; 14.2739; 14.6287; 14.9724; 15.3035; 15.6206; 15.922; 16.2065; 16.4727; 16.7192; 16.9449; 17.1485; 17.3292; 17.4858; 17.6177; 17.724; 17.8043; 17.858; 17.885; 17.885; 
6.235; 6.235; 6.26131; 6.3138; 6.39218; 6.49604; 6.62483; 6.77788; 6.95441; 7.1535; 7.37417; 7.61531; 7.87574; 8.15421; 8.4494; 8.75993; 9.08439; 9.4213; 9.76917; 10.1265; 10.4917; 10.8632; 11.2395; 11.6189; 12; 12.3811; 12.7605; 13.1368; 13.5083; 13.8735; 14.2308; 14.5787; 14.9156; 15.2401; 15.5506; 15.8458; 16.1243; 16.3847; 16.6258; 16.8465; 17.0456; 17.2221; 17.3752; 17.504; 17.6078; 17.6862; 17.7387; 17.765; 17.765; 
6.3522; 6.3522; 6.3779; 6.42917; 6.50574; 6.60722; 6.73308; 6.88267; 7.05525; 7.24995; 7.46579; 7.70173; 7.95662; 8.22924; 8.51832; 8.82252; 9.14044; 9.47066; 9.8117; 10.1621; 10.5202; 10.8847; 11.2538; 11.6261; 12; 12.3739; 12.7462; 13.1153; 13.4798; 13.8379; 14.1883; 14.5293; 14.8596; 15.1775; 15.4817; 15.7708; 16.0434; 16.2983; 16.5342; 16.7501; 16.9447; 17.1173; 17.2669; 17.3928; 17.4943; 17.5708; 17.6221; 17.6478; 17.6478; 
6.46673; 6.46673; 6.49185; 6.54195; 6.61679; 6.71598; 6.83902; 6.98529; 7.15407; 7.34451; 7.5557; 7.78659; 8.03611; 8.30305; 8.58617; 8.88418; 9.19571; 9.51936; 9.85369; 10.1972; 10.5485; 10.9059; 11.268; 11.6332; 12; 12.3668; 12.732; 13.0941; 13.4515; 13.8028; 14.1463; 14.4806; 14.8043; 15.1158; 15.4138; 15.697; 15.9639; 16.2134; 16.4443; 16.6555; 16.8459; 17.0147; 17.161; 17.284; 17.3832; 17.458; 17.5082; 17.5333; 17.5333; 
6.5787; 6.5787; 6.60325; 6.65224; 6.72541; 6.82239; 6.94272; 7.08579; 7.25089; 7.43723; 7.6439; 7.86991; 8.1142; 8.3756; 8.65293; 8.94488; 9.25016; 9.56737; 9.8951; 10.2319; 10.5764; 10.9269; 11.282; 11.6402; 12; 12.3598; 12.718; 13.0731; 13.4236; 13.7681; 14.1049; 14.4326; 14.7498; 15.0551; 15.3471; 15.6244; 15.8858; 16.1301; 16.3561; 16.5628; 16.7491; 16.9142; 17.0573; 17.1776; 17.2746; 17.3478; 17.3967; 17.4213; 17.4213; 
6.68819; 6.68819; 6.7122; 6.76011; 6.83167; 6.92654; 7.04424; 7.18421; 7.34577; 7.52813; 7.73042; 7.95169; 8.19089; 8.4469; 8.71856; 9.00461; 9.30375; 9.61465; 9.93591; 10.2661; 10.6038; 10.9476; 11.2959; 11.6472; 12; 12.3528; 12.7041; 13.0524; 13.3962; 13.7339; 14.0641; 14.3854; 14.6963; 14.9954; 15.2814; 15.5531; 15.8091; 16.0483; 16.2696; 16.4719; 16.6542; 16.8158; 16.9558; 17.0735; 17.1683; 17.2399; 17.2878; 17.3118; 17.3118; 
6.7953; 6.7953; 6.81879; 6.86566; 6.93567; 7.02848; 7.14365; 7.28062; 7.43873; 7.61724; 7.81528; 8.03193; 8.26618; 8.51694; 8.78306; 9.06333; 9.35647; 9.66118; 9.97609; 10.2998; 10.6309; 10.968; 11.3095; 11.654; 12; 12.346; 12.6905; 13.032; 13.3691; 13.7002; 14.0239; 14.3388; 14.6435; 14.9367; 15.2169; 15.4831; 15.7338; 15.9681; 16.1847; 16.3828; 16.5613; 16.7194; 16.8563; 16.9715; 17.0643; 17.1343; 17.1812; 17.2047; 17.2047; 
6.90011; 6.90011; 6.92309; 6.96895; 7.03745; 7.12828; 7.241; 7.37506; 7.52984; 7.70459; 7.8985; 8.11066; 8.34008; 8.58572; 8.84643; 9.12104; 9.40831; 9.70695; 10.0156; 10.333; 10.6576; 10.988; 11.3229; 11.6607; 12; 12.3393; 12.6771; 13.012; 13.3424; 13.667; 13.9844; 14.2931; 14.5917; 14.879; 15.1536; 15.4143; 15.6599; 15.8893; 16.1015; 16.2954; 16.4702; 16.6249; 16.759; 16.8717; 16.9625; 17.0311; 17.0769; 17.0999; 17.0999; 
7.00268; 7.00268; 7.02517; 7.07005; 7.1371; 7.226; 7.33634; 7.46758; 7.61911; 7.79022; 7.98011; 8.18789; 8.41261; 8.65324; 8.90867; 9.17775; 9.45926; 9.75195; 10.0545; 10.3656; 10.6838; 11.0078; 11.3361; 11.6673; 12; 12.3327; 12.6639; 12.9922; 13.3162; 13.6344; 13.9455; 14.2481; 14.5407; 14.8223; 15.0913; 15.3468; 15.5874; 15.8121; 16.0199; 16.2098; 16.3809; 16.5324; 16.6637; 16.774; 16.8629; 16.93; 16.9748; 16.9973; 16.9973; 
7.10308; 7.10308; 7.1251; 7.16903; 7.23467; 7.3217; 7.42972; 7.55822; 7.7066; 7.87416; 8.06013; 8.26364; 8.48377; 8.7195; 8.96977; 9.23343; 9.50931; 9.79617; 10.0927; 10.3976; 10.7096; 11.0272; 11.3491; 11.6738; 12; 12.3262; 12.6509; 12.9728; 13.2904; 13.6024; 13.9073; 14.2038; 14.4907; 14.7666; 15.0302; 15.2805; 15.5162; 15.7364; 15.9399; 16.1258; 16.2934; 16.4418; 16.5703; 16.6783; 16.7653; 16.831; 16.8749; 16.8969; 16.8969; 
7.20138; 7.20138; 7.22293; 7.26594; 7.33021; 7.41542; 7.52119; 7.64702; 7.79233; 7.95643; 8.13858; 8.33793; 8.55358; 8.78453; 9.02974; 9.28811; 9.55847; 9.8396; 10.1303; 10.4292; 10.735; 11.0463; 11.3619; 11.6802; 12; 12.3198; 12.6381; 12.9537; 13.265; 13.5708; 13.8697; 14.1604; 14.4415; 14.7119; 14.9703; 15.2155; 15.4464; 15.6621; 15.8614; 16.0436; 16.2077; 16.353; 16.4788; 16.5846; 16.6698; 16.7341; 16.7771; 16.7986; 16.7986; 
7.29762; 7.29762; 7.31873; 7.36085; 7.42378; 7.50722; 7.6108; 7.73403; 7.87634; 8.03708; 8.2155; 8.41078; 8.62205; 8.84833; 9.0886; 9.34178; 9.60673; 9.88226; 10.1671; 10.4601; 10.7599; 11.0651; 11.3744; 11.6865; 12; 12.3135; 12.6256; 12.9349; 13.2401; 13.5399; 13.8329; 14.1177; 14.3933; 14.6582; 14.9114; 15.1517; 15.378; 15.5892; 15.7845; 15.9629; 16.1237; 16.266; 16.3892; 16.4928; 16.5762; 16.6392; 16.6813; 16.7024; 16.7024; 
7.39188; 7.39188; 7.41255; 7.45379; 7.51542; 7.59714; 7.69859; 7.81928; 7.95868; 8.11612; 8.2909; 8.48222; 8.6892; 8.91091; 9.14635; 9.39445; 9.6541; 9.92413; 10.2034; 10.4905; 10.7843; 11.0835; 11.3868; 11.6927; 12; 12.3073; 12.6132; 12.9165; 13.2157; 13.5095; 13.7966; 14.0759; 14.3459; 14.6056; 14.8537; 15.0891; 15.3108; 15.5178; 15.7091; 15.8839; 16.0413; 16.1807; 16.3014; 16.4029; 16.4846; 16.5462; 16.5875; 16.6081; 16.6081; 
7.48419; 7.48419; 7.50444; 7.54483; 7.60519; 7.68523; 7.7846; 7.90282; 8.03936; 8.1936; 8.36482; 8.55226; 8.75506; 8.9723; 9.203; 9.44612; 9.70058; 9.96523; 10.2389; 10.5204; 10.8084; 11.1016; 11.3989; 11.6988; 12; 12.3012; 12.6011; 12.8984; 13.1916; 13.4796; 13.7611; 14.0348; 14.2994; 14.5539; 14.797; 15.0277; 15.2449; 15.4477; 15.6352; 15.8064; 15.9606; 16.0972; 16.2154; 16.3148; 16.3948; 16.4552; 16.4956; 16.5158; 16.5158; 
7.57461; 7.57461; 7.59444; 7.634; 7.69313; 7.77153; 7.86886; 7.98467; 8.11843; 8.26953; 8.43729; 8.62093; 8.81963; 9.0325; 9.25857; 9.49682; 9.74619; 10.0056; 10.2738; 10.5496; 10.8319; 11.1194; 11.4108; 11.7047; 12; 12.2953; 12.5892; 12.8806; 13.1681; 13.4504; 13.7262; 13.9944; 14.2538; 14.5032; 14.7414; 14.9675; 15.1804; 15.3791; 15.5627; 15.7305; 15.8816; 16.0153; 16.1311; 16.2285; 16.3069; 16.366; 16.4056; 16.4254; 16.4254; 
7.66318; 7.66318; 7.6826; 7.72136; 7.77927; 7.85608; 7.95143; 8.06488; 8.19592; 8.34396; 8.50832; 8.68825; 8.88295; 9.09154; 9.31307; 9.54655; 9.79093; 10.0451; 10.308; 10.5784; 10.8551; 11.1368; 11.4224; 11.7106; 12; 12.2894; 12.5776; 12.8632; 13.1449; 13.4216; 13.692; 13.9549; 14.2091; 14.4535; 14.6869; 14.9085; 15.117; 15.3117; 15.4917; 15.656; 15.8041; 15.9351; 16.0486; 16.1439; 16.2207; 16.2786; 16.3174; 16.3368; 16.3368; 
7.74994; 7.74994; 7.76897; 7.80694; 7.86367; 7.93892; 8.03233; 8.14348; 8.27186; 8.41691; 8.57794; 8.75425; 8.94503; 9.14942; 9.36651; 9.59532; 9.83482; 10.084; 10.3416; 10.6066; 10.8778; 11.154; 11.4339; 11.7163; 12; 12.2837; 12.5661; 12.846; 13.1222; 13.3934; 13.6584; 13.916; 14.1652; 14.4047; 14.6335; 14.8506; 15.055; 15.2457; 15.4221; 15.5831; 15.7281; 15.8565; 15.9677; 16.0611; 16.1363; 16.1931; 16.231; 16.2501; 16.2501; 
7.83494; 7.83494; 7.85358; 7.89078; 7.94636; 8.02008; 8.1116; 8.2205; 8.34629; 8.4884; 8.64619; 8.81895; 9.00589; 9.20618; 9.41892; 9.64315; 9.87787; 10.122; 10.3745; 10.6343; 10.9001; 11.1707; 11.4451; 11.7219; 12; 12.2781; 12.5549; 12.8293; 13.0999; 13.3657; 13.6255; 13.878; 14.1221; 14.3569; 14.5811; 14.7938; 14.9941; 15.1811; 15.3538; 15.5116; 15.6537; 15.7795; 15.8884; 15.9799; 16.0536; 16.1092; 16.1464; 16.1651; 16.1651; 
7.91822; 7.91822; 7.93648; 7.97293; 8.02738; 8.09961; 8.18927; 8.29597; 8.41922; 8.55847; 8.71308; 8.88236; 9.06555; 9.26183; 9.4703; 9.69005; 9.92008; 10.1594; 10.4068; 10.6614; 10.9219; 11.1872; 11.4561; 11.7275; 12; 12.2725; 12.5439; 12.8128; 13.0781; 13.3386; 13.5932; 13.8406; 14.0799; 14.31; 14.5297; 14.7382; 14.9344; 15.1176; 15.2869; 15.4415; 15.5808; 15.704; 15.8107; 15.9004; 15.9726; 16.0271; 16.0635; 16.0818; 16.0818; 
7.99982; 7.99982; 8.01771; 8.05341; 8.10677; 8.17754; 8.26539; 8.36994; 8.4907; 8.62715; 8.77865; 8.94453; 9.12404; 9.31638; 9.52068; 9.73603; 9.96147; 10.196; 10.4385; 10.688; 10.9433; 11.2034; 11.4669; 11.7329; 12; 12.2671; 12.5331; 12.7966; 13.0567; 13.312; 13.5615; 13.804; 14.0385; 14.264; 14.4793; 14.6836; 14.876; 15.0555; 15.2214; 15.3729; 15.5093; 15.6301; 15.7346; 15.8225; 15.8932; 15.9466; 15.9823; 16.0002; 16.0002; 
8.07976; 8.07976; 8.09729; 8.13228; 8.18456; 8.25389; 8.33998; 8.44242; 8.56075; 8.69445; 8.84291; 9.00546; 9.18137; 9.36986; 9.57007; 9.78112; 10.0021; 10.2319; 10.4696; 10.7141; 10.9644; 11.2192; 11.4775; 11.7382; 12; 12.2618; 12.5225; 12.7808; 13.0356; 13.2859; 13.5304; 13.7681; 13.9979; 14.2189; 14.4299; 14.6301; 14.8186; 14.9945; 15.1571; 15.3055; 15.4392; 15.5576; 15.66; 15.7461; 15.8154; 15.8677; 15.9027; 15.9202; 15.9202; 
8.15809; 8.15809; 8.17527; 8.20955; 8.26078; 8.32872; 8.41307; 8.51345; 8.62941; 8.76042; 8.9059; 9.06519; 9.23757; 9.42229; 9.61849; 9.82532; 10.0418; 10.2671; 10.5001; 10.7397; 10.985; 11.2347; 11.4879; 11.7434; 12; 12.2566; 12.5121; 12.7653; 13.015; 13.2603; 13.4999; 13.7329; 13.9582; 14.1747; 14.3815; 14.5777; 14.7624; 14.9348; 15.0941; 15.2396; 15.3706; 15.4866; 15.5869; 15.6713; 15.7392; 15.7904; 15.8247; 15.8419; 15.8419; 
8.23485; 8.23485; 8.25168; 8.28527; 8.33547; 8.40204; 8.4847; 8.58306; 8.69669; 8.82507; 8.96763; 9.12372; 9.29266; 9.47368; 9.66596; 9.86865; 10.0809; 10.3016; 10.5299; 10.7648; 11.0052; 11.25; 11.4981; 11.7485; 12; 12.2515; 12.5019; 12.75; 12.9948; 13.2352; 13.4701; 13.6984; 13.9191; 14.1313; 14.334; 14.5263; 14.7073; 14.8763; 15.0324; 15.1749; 15.3033; 15.4169; 15.5153; 15.598; 15.6645; 15.7147; 15.7483; 15.7651; 15.7651; 
8.31007; 8.31007; 8.32656; 8.35947; 8.40866; 8.4739; 8.55489; 8.65128; 8.76262; 8.88843; 9.02813; 9.1811; 9.34665; 9.52405; 9.71249; 9.91113; 10.1191; 10.3354; 10.5592; 10.7894; 11.025; 11.2649; 11.5081; 11.7535; 12; 12.2465; 12.4919; 12.7351; 12.975; 13.2106; 13.4408; 13.6646; 13.8809; 14.0889; 14.2875; 14.476; 14.6533; 14.8189; 14.9719; 15.1116; 15.2374; 15.3487; 15.4451; 15.5261; 15.5913; 15.6405; 15.6734; 15.6899; 15.6899; 
8.38377; 8.38377; 8.39993; 8.43218; 8.48038; 8.54431; 8.62368; 8.71813; 8.82724; 8.95053; 9.08743; 9.23734; 9.39958; 9.57342; 9.7581; 9.95277; 10.1566; 10.3686; 10.5879; 10.8135; 11.0444; 11.2796; 11.5179; 11.7584; 12; 12.2416; 12.4821; 12.7204; 12.9556; 13.1865; 13.4121; 13.6314; 13.8434; 14.0472; 14.2419; 14.4266; 14.6004; 14.7627; 14.9126; 15.0495; 15.1728; 15.2819; 15.3763; 15.4557; 15.5196; 15.5678; 15.6001; 15.6162; 15.6162; 
8.45599; 8.45599; 8.47183; 8.50344; 8.55067; 8.61331; 8.69109; 8.78365; 8.89057; 9.01139; 9.14555; 9.29246; 9.45145; 9.62182; 9.80281; 9.99359; 10.1933; 10.4011; 10.6161; 10.8372; 11.0634; 11.2939; 11.5275; 11.7632; 12; 12.2368; 12.4725; 12.7061; 12.9366; 13.1628; 13.3839; 13.5989; 13.8067; 14.0064; 14.1972; 14.3782; 14.5485; 14.7075; 14.8544; 14.9886; 15.1094; 15.2164; 15.3089; 15.3867; 15.4493; 15.4966; 15.5282; 15.544; 15.544; 
8.52677; 8.52677; 8.54229; 8.57326; 8.61954; 8.68093; 8.75715; 8.84785; 8.95264; 9.07103; 9.20251; 9.34648; 9.50229; 9.66926; 9.84663; 10.0336; 10.2294; 10.433; 10.6436; 10.8603; 11.0821; 11.308; 11.5369; 11.7679; 12; 12.2321; 12.4631; 12.692; 12.9179; 13.1397; 13.3564; 13.567; 13.7706; 13.9664; 14.1534; 14.3307; 14.4977; 14.6535; 14.7975; 14.929; 15.0474; 15.1521; 15.2429; 15.3191; 15.3805; 15.4267; 15.4577; 15.4732; 15.4732; 
8.59612; 8.59612; 8.61133; 8.64168; 8.68704; 8.7472; 8.82189; 8.91078; 9.01347; 9.12949; 9.25834; 9.39943; 9.55213; 9.71575; 9.88958; 10.0728; 10.2647; 10.4642; 10.6707; 10.8831; 11.1004; 11.3218; 11.5462; 11.7726; 12; 12.2274; 12.4538; 12.6782; 12.8996; 13.1169; 13.3293; 13.5358; 13.7353; 13.9272; 14.1104; 14.2842; 14.4479; 14.6006; 14.7417; 14.8705; 14.9865; 15.0892; 15.1781; 15.2528; 15.313; 15.3583; 15.3887; 15.4039; 15.4039; 
8.66409; 8.66409; 8.67899; 8.70874; 8.75319; 8.81214; 8.88534; 8.97244; 9.07308; 9.18678; 9.31305; 9.45132; 9.60097; 9.76132; 9.93168; 10.1113; 10.2993; 10.4949; 10.6972; 10.9053; 11.1183; 11.3353; 11.5552; 11.7771; 12; 12.2229; 12.4448; 12.6647; 12.8817; 13.0947; 13.3028; 13.5051; 13.7007; 13.8887; 14.0683; 14.2387; 14.399; 14.5487; 14.6869; 14.8132; 14.9269; 15.0276; 15.1147; 15.1879; 15.2468; 15.2913; 15.321; 15.3359; 15.3359; 
8.7307; 8.7307; 8.7453; 8.77445; 8.81801; 8.87578; 8.94751; 9.03288; 9.1315; 9.24293; 9.36667; 9.50218; 9.64883; 9.80599; 9.97294; 10.1489; 10.3332; 10.5249; 10.7232; 10.9272; 11.1359; 11.3485; 11.5641; 11.7816; 12; 12.2184; 12.4359; 12.6515; 12.8641; 13.0728; 13.2768; 13.4751; 13.6668; 13.8511; 14.0271; 14.194; 14.3512; 14.4978; 14.6333; 14.7571; 14.8685; 14.9671; 15.0525; 15.1242; 15.182; 15.2255; 15.2547; 15.2693; 15.2693; 
8.79597; 8.79597; 8.81028; 8.83885; 8.88153; 8.93815; 9.00845; 9.09211; 9.18875; 9.29796; 9.41923; 9.55202; 9.69575; 9.84976; 10.0134; 10.1859; 10.3664; 10.5543; 10.7486; 10.9486; 11.1532; 11.3615; 11.5728; 11.7859; 12; 12.2141; 12.4272; 12.6385; 12.8468; 13.0514; 13.2514; 13.4457; 13.6336; 13.8141; 13.9866; 14.1502; 14.3043; 14.448; 14.5808; 14.702; 14.8112; 14.9079; 14.9916; 15.0618; 15.1185; 15.1612; 15.1897; 15.204; 15.204; 
8.85994; 8.85994; 8.87396; 8.90196; 8.94379; 8.99928; 9.06817; 9.15015; 9.24487; 9.35189; 9.47073; 9.60088; 9.74173; 9.89267; 10.053; 10.2221; 10.399; 10.5832; 10.7736; 10.9695; 11.17; 11.3743; 11.5813; 11.7902; 12; 12.2098; 12.4187; 12.6257; 12.83; 13.0305; 13.2264; 13.4168; 13.601; 13.7779; 13.947; 14.1073; 14.2583; 14.3991; 14.5293; 14.6481; 14.7551; 14.8498; 14.9318; 15.0007; 15.0562; 15.098; 15.126; 15.1401; 15.1401; 
8.92262; 8.92262; 8.93637; 8.96381; 9.0048; 9.05918; 9.12669; 9.20704; 9.29986; 9.40474; 9.52121; 9.64875; 9.78679; 9.93472; 10.0919; 10.2575; 10.431; 10.6114; 10.7981; 10.9901; 11.1866; 11.3868; 11.5896; 11.7944; 12; 12.2056; 12.4104; 12.6132; 12.8134; 13.0099; 13.2019; 13.3886; 13.569; 13.7425; 13.9081; 14.0653; 14.2132; 14.3512; 14.4788; 14.5953; 14.7001; 14.793; 14.8733; 14.9408; 14.9952; 15.0362; 15.0636; 15.0774; 15.0774; 
8.98406; 8.98406; 8.99753; 9.02442; 9.06459; 9.11788; 9.18405; 9.26279; 9.35375; 9.45654; 9.57068; 9.69568; 9.83096; 9.97593; 10.1299; 10.2923; 10.4623; 10.6391; 10.822; 11.0102; 11.2028; 11.399; 11.5978; 11.7985; 12; 12.2015; 12.4022; 12.601; 12.7972; 12.9898; 13.178; 13.3609; 13.5377; 13.7077; 13.8701; 14.0241; 14.169; 14.3043; 14.4293; 14.5435; 14.6462; 14.7372; 14.816; 14.8821; 14.9354; 14.9756; 15.0025; 15.0159; 15.0159; 
9.04427; 9.04427; 9.05747; 9.08382; 9.12319; 9.17541; 9.24026; 9.31742; 9.40657; 9.5073; 9.61917; 9.74167; 9.87425; 10.0163; 10.1673; 10.3264; 10.493; 10.6663; 10.8456; 11.03; 11.2187; 11.411; 11.6059; 11.8025; 12; 12.1975; 12.3941; 12.589; 12.7813; 12.97; 13.1544; 13.3337; 13.507; 13.6736; 13.8327; 13.9837; 14.1258; 14.2583; 14.3808; 14.4927; 14.5934; 14.6826; 14.7597; 14.8246; 14.8768; 14.9162; 14.9425; 14.9557; 14.9557; 
9.10327; 9.10327; 9.11621; 9.14203; 9.18062; 9.2318; 9.29534; 9.37097; 9.45834; 9.55706; 9.66669; 9.78674; 9.91667; 10.0559; 10.2038; 10.3598; 10.523; 10.6929; 10.8686; 11.0493; 11.2343; 11.4227; 11.6137; 11.8064; 12; 12.1936; 12.3863; 12.5773; 12.7657; 12.9507; 13.1314; 13.3071; 13.477; 13.6402; 13.7962; 13.9441; 14.0833; 14.2133; 14.3333; 14.4429; 14.5417; 14.629; 14.7047; 14.7682; 14.8194; 14.858; 14.8838; 14.8967; 14.8967; 
9.16109; 9.16109; 9.17377; 9.19908; 9.2369; 9.28705; 9.34933; 9.42344; 9.50907; 9.60581; 9.71326; 9.83091; 9.95825; 10.0947; 10.2397; 10.3925; 10.5525; 10.719; 10.8912; 11.0683; 11.2496; 11.4342; 11.6214; 11.8103; 12; 12.1897; 12.3786; 12.5658; 12.7504; 12.9317; 13.1088; 13.281; 13.4475; 13.6075; 13.7603; 13.9053; 14.0418; 14.1691; 14.2867; 14.3942; 14.4909; 14.5766; 14.6507; 14.7129; 14.7631; 14.8009; 14.8262; 14.8389; 14.8389; 
9.21776; 9.21776; 9.23019; 9.25499; 9.29205; 9.34121; 9.40224; 9.47487; 9.55879; 9.6536; 9.7589; 9.8742; 9.999; 10.1327; 10.2748; 10.4246; 10.5814; 10.7445; 10.9133; 11.0869; 11.2646; 11.4455; 11.629; 11.8141; 12; 12.1859; 12.371; 12.5545; 12.7354; 12.9131; 13.0867; 13.2555; 13.4186; 13.5754; 13.7252; 13.8673; 14.001; 14.1258; 14.2411; 14.3464; 14.4412; 14.5251; 14.5978; 14.6588; 14.7079; 14.745; 14.7698; 14.7822; 14.7822; 
9.2733; 9.2733; 9.28548; 9.30978; 9.3461; 9.39428; 9.45409; 9.52527; 9.60751; 9.70043; 9.80363; 9.91663; 10.0389; 10.17; 10.3092; 10.456; 10.6097; 10.7696; 10.935; 11.1051; 11.2792; 11.4566; 11.6364; 11.8178; 12; 12.1822; 12.3636; 12.5434; 12.7208; 12.8949; 13.065; 13.2304; 13.3903; 13.544; 13.6908; 13.83; 13.9611; 14.0834; 14.1964; 14.2996; 14.3925; 14.4747; 14.5459; 14.6057; 14.6539; 14.6902; 14.7145; 14.7267; 14.7267; 
9.32773; 9.32773; 9.33966; 9.36348; 9.39908; 9.44629; 9.50491; 9.57467; 9.65526; 9.74633; 9.84746; 9.95821; 10.0781; 10.2065; 10.343; 10.4868; 10.6374; 10.7941; 10.9562; 11.123; 11.2936; 11.4674; 11.6436; 11.8214; 12; 12.1786; 12.3564; 12.5326; 12.7064; 12.877; 13.0438; 13.2059; 13.3626; 13.5132; 13.657; 13.7935; 13.9219; 14.0418; 14.1525; 14.2537; 14.3447; 14.4253; 14.4951; 14.5537; 14.6009; 14.6365; 14.6603; 14.6723; 14.6723; 
9.38107; 9.38107; 9.39277; 9.41611; 9.45099; 9.49726; 9.55471; 9.62308; 9.70206; 9.79131; 9.89043; 9.99896; 10.1164; 10.2423; 10.376; 10.517; 10.6646; 10.8182; 10.9771; 11.1405; 11.3077; 11.4781; 11.6507; 11.825; 12; 12.175; 12.3493; 12.5219; 12.6923; 12.8595; 13.0229; 13.1818; 13.3354; 13.483; 13.624; 13.7577; 13.8836; 14.001; 14.1096; 14.2087; 14.2979; 14.3769; 14.4453; 14.5027; 14.549; 14.5839; 14.6072; 14.6189; 14.6189; 
9.43335; 9.43335; 9.44481; 9.46769; 9.50187; 9.54722; 9.60352; 9.67052; 9.74793; 9.8354; 9.93253; 10.0389; 10.154; 10.2774; 10.4085; 10.5466; 10.6913; 10.8418; 10.9975; 11.1576; 11.3215; 11.4885; 11.6577; 11.8285; 12; 12.1715; 12.3423; 12.5115; 12.6785; 12.8424; 13.0025; 13.1582; 13.3087; 13.4534; 13.5915; 13.7226; 13.846; 13.9611; 14.0675; 14.1646; 14.2521; 14.3295; 14.3965; 14.4528; 14.4981; 14.5323; 14.5552; 14.5667; 14.5667; 
9.48458; 9.48458; 9.49581; 9.51823; 9.55174; 9.59618; 9.65135; 9.71702; 9.79288; 9.8786; 9.9738; 10.078; 10.1909; 10.3118; 10.4402; 10.5756; 10.7174; 10.8649; 11.0175; 11.1744; 11.3351; 11.4987; 11.6645; 11.8319; 12; 12.1681; 12.3355; 12.5013; 12.6649; 12.8256; 12.9825; 13.1351; 13.2826; 13.4244; 13.5598; 13.6882; 13.8091; 13.922; 14.0262; 14.1214; 14.2071; 14.283; 14.3486; 14.4038; 14.4483; 14.4818; 14.5042; 14.5154; 14.5154; 
9.53479; 9.53479; 9.5458; 9.56777; 9.60061; 9.64416; 9.69823; 9.76259; 9.83693; 9.92094; 10.0142; 10.1164; 10.227; 10.3455; 10.4714; 10.6041; 10.743; 10.8876; 11.0371; 11.1909; 11.3484; 11.5087; 11.6712; 11.8353; 12; 12.1647; 12.3288; 12.4913; 12.6516; 12.8091; 12.9629; 13.1124; 13.257; 13.3959; 13.5286; 13.6545; 13.773; 13.8836; 13.9858; 14.0791; 14.1631; 14.2374; 14.3018; 14.3558; 14.3994; 14.4322; 14.4542; 14.4652; 14.4652; 
9.58399; 9.58399; 9.59478; 9.61632; 9.6485; 9.69118; 9.74417; 9.80724; 9.88011; 9.96244; 10.0539; 10.154; 10.2624; 10.3785; 10.5019; 10.6319; 10.7681; 10.9098; 11.0563; 11.2071; 11.3614; 11.5185; 11.6778; 11.8385; 12; 12.1615; 12.3222; 12.4815; 12.6386; 12.7929; 12.9437; 13.0902; 13.2319; 13.3681; 13.4981; 13.6215; 13.7376; 13.846; 13.9461; 14.0376; 14.1199; 14.1928; 14.2558; 14.3088; 14.3515; 14.3837; 14.4052; 14.416; 14.416; 
9.63222; 9.63222; 9.64279; 9.6639; 9.69543; 9.73726; 9.7892; 9.85101; 9.92242; 10.0031; 10.0927; 10.1908; 10.297; 10.4109; 10.5318; 10.6592; 10.7927; 10.9315; 11.0751; 11.2229; 11.3741; 11.5281; 11.6842; 11.8418; 12; 12.1582; 12.3158; 12.4719; 12.6259; 12.7771; 12.9249; 13.0685; 13.2073; 13.3408; 13.4682; 13.5891; 13.703; 13.8092; 13.9073; 13.9969; 14.0776; 14.149; 14.2108; 14.2627; 14.3046; 14.3361; 14.3572; 14.3678; 14.3678; 
9.67948; 9.67948; 9.68984; 9.71052; 9.74143; 9.78243; 9.83333; 9.8939; 9.96389; 10.043; 10.1308; 10.2269; 10.331; 10.4426; 10.5611; 10.686; 10.8168; 10.9528; 11.0936; 11.2384; 11.3866; 11.5375; 11.6905; 11.8449; 12; 12.1551; 12.3095; 12.4625; 12.6134; 12.7616; 12.9064; 13.0472; 13.1832; 13.314; 13.4389; 13.5574; 13.669; 13.7731; 13.8692; 13.957; 14.0361; 14.1061; 14.1667; 14.2176; 14.2586; 14.2895; 14.3102; 14.3205; 14.3205; 
9.7258; 9.7258; 9.73595; 9.75622; 9.78651; 9.82669; 9.87657; 9.93594; 10.0045; 10.082; 10.1681; 10.2623; 10.3643; 10.4737; 10.5898; 10.7122; 10.8404; 10.9737; 11.1117; 11.2536; 11.3988; 11.5468; 11.6967; 11.848; 12; 12.152; 12.3033; 12.4532; 12.6012; 12.7464; 12.8883; 13.0263; 13.1596; 13.2878; 13.4102; 13.5263; 13.6357; 13.7377; 13.8319; 13.918; 13.9955; 14.0641; 14.1234; 14.1733; 14.2135; 14.2438; 14.264; 14.2742; 14.2742; 
9.77119; 9.77119; 9.78114; 9.80101; 9.83069; 9.87007; 9.91896; 9.97714; 10.0444; 10.1203; 10.2047; 10.297; 10.397; 10.5041; 10.6179; 10.7379; 10.8635; 10.9942; 11.1294; 11.2685; 11.4108; 11.5558; 11.7028; 11.8511; 12; 12.1489; 12.2972; 12.4442; 12.5892; 12.7315; 12.8706; 13.0058; 13.1365; 13.2621; 13.3821; 13.4959; 13.603; 13.703; 13.7953; 13.8797; 13.9556; 14.0229; 14.081; 14.1299; 14.1693; 14.199; 14.2189; 14.2288; 14.2288; 
9.81568; 9.81568; 9.82543; 9.8449; 9.87399; 9.91258; 9.96049; 10.0175; 10.0834; 10.1578; 10.2405; 10.331; 10.429; 10.534; 10.6455; 10.7631; 10.8862; 11.0143; 11.1468; 11.2831; 11.4226; 11.5647; 11.7087; 11.854; 12; 12.146; 12.2913; 12.4353; 12.5774; 12.7169; 12.8532; 12.9857; 13.1138; 13.2369; 13.3545; 13.466; 13.571; 13.669; 13.7595; 13.8422; 13.9166; 13.9825; 14.0395; 14.0874; 14.126; 14.1551; 14.1746; 14.1843; 14.1843; 
9.85927; 9.85927; 9.86884; 9.88792; 9.91643; 9.95425; 10.0012; 10.0571; 10.1216; 10.1946; 10.2756; 10.3643; 10.4603; 10.5632; 10.6726; 10.7878; 10.9084; 11.034; 11.1638; 11.2974; 11.4341; 11.5734; 11.7145; 11.8569; 12; 12.1431; 12.2855; 12.4266; 12.5659; 12.7026; 12.8362; 12.966; 13.0916; 13.2122; 13.3274; 13.4368; 13.5397; 13.6357; 13.7244; 13.8054; 13.8784; 13.9429; 13.9988; 14.0458; 14.0836; 14.1121; 14.1312; 14.1407; 14.1407; 
9.902; 9.902; 9.91137; 9.93007; 9.95802; 9.99508; 10.0411; 10.0959; 10.1591; 10.2306; 10.31; 10.397; 10.4911; 10.5919; 10.699; 10.812; 10.9302; 11.0533; 11.1805; 11.3114; 11.4454; 11.5819; 11.7202; 11.8598; 12; 12.1402; 12.2798; 12.4181; 12.5546; 12.6886; 12.8195; 12.9467; 13.0698; 13.188; 13.301; 13.4081; 13.5089; 13.603; 13.69; 13.7694; 13.8409; 13.9041; 13.9589; 14.0049; 14.042; 14.0699; 14.0886; 14.098; 14.098; 
9.94388; 9.94388; 9.95306; 9.97139; 9.99877; 10.0351; 10.0802; 10.1339; 10.1959; 10.2659; 10.3438; 10.429; 10.5212; 10.62; 10.725; 10.8357; 10.9516; 11.0722; 11.1969; 11.3252; 11.4565; 11.5902; 11.7258; 11.8626; 12; 12.1374; 12.2742; 12.4098; 12.5435; 12.6748; 12.8031; 12.9278; 13.0484; 13.1643; 13.275; 13.38; 13.4788; 13.571; 13.6562; 13.7341; 13.8041; 13.8661; 13.9198; 13.9649; 14.0012; 14.0286; 14.0469; 14.0561; 14.0561; 
9.98492; 9.98492; 9.99392; 10.0119; 10.0387; 10.0743; 10.1185; 10.1711; 10.2319; 10.3006; 10.3768; 10.4603; 10.5507; 10.6476; 10.7505; 10.8589; 10.9725; 11.0907; 11.2129; 11.3386; 11.4673; 11.5984; 11.7313; 11.8653; 12; 12.1347; 12.2687; 12.4016; 12.5327; 12.6614; 12.7871; 12.9093; 13.0275; 13.1411; 13.2495; 13.3524; 13.4493; 13.5397; 13.6232; 13.6994; 13.7681; 13.8289; 13.8815; 13.9257; 13.9613; 13.9881; 14.0061; 14.0151; 14.0151; 
10.0251; 10.0251; 10.034; 10.0516; 10.0779; 10.1128; 10.1561; 10.2076; 10.2672; 10.3345; 10.4092; 10.4911; 10.5796; 10.6746; 10.7754; 10.8817; 10.993; 11.1088; 11.2286; 11.3518; 11.478; 11.6064; 11.7366; 11.868; 12; 12.132; 12.2634; 12.3936; 12.522; 12.6482; 12.7714; 12.8912; 13.007; 13.1183; 13.2246; 13.3254; 13.4204; 13.5089; 13.5908; 13.6655; 13.7328; 13.7924; 13.8439; 13.8872; 13.9221; 13.9484; 13.966; 13.9749; 13.9749; 
10.0646; 10.0646; 10.0732; 10.0905; 10.1162; 10.1504; 10.1929; 10.2434; 10.3018; 10.3677; 10.441; 10.5212; 10.608; 10.701; 10.7998; 10.904; 11.0131; 11.1266; 11.244; 11.3648; 11.4884; 11.6143; 11.7419; 11.8707; 12; 12.1293; 12.2581; 12.3857; 12.5116; 12.6352; 12.756; 12.8734; 12.9869; 13.096; 13.2002; 13.299; 13.392; 13.4788; 13.559; 13.6323; 13.6982; 13.7566; 13.8071; 13.8496; 13.8838; 13.9095; 13.9268; 13.9354; 13.9354; 
10.1032; 10.1032; 10.1117; 10.1286; 10.1538; 10.1873; 10.2289; 10.2785; 10.3357; 10.4003; 10.4721; 10.5507; 10.6358; 10.7269; 10.8238; 10.9259; 11.0328; 11.144; 11.2591; 11.3775; 11.4986; 11.622; 11.747; 11.8732; 12; 12.1268; 12.253; 12.378; 12.5014; 12.6225; 12.7409; 12.856; 12.9672; 13.0741; 13.1762; 13.2731; 13.3642; 13.4493; 13.5279; 13.5997; 13.6643; 13.7215; 13.7711; 13.8127; 13.8462; 13.8714; 13.8883; 13.8968; 13.8968; 
10.141; 10.141; 10.1493; 10.1659; 10.1907; 10.2235; 10.2643; 10.3128; 10.3689; 10.4322; 10.5026; 10.5796; 10.663; 10.7523; 10.8473; 10.9473; 11.0521; 11.1611; 11.2739; 11.3899; 11.5086; 11.6295; 11.7521; 11.8758; 12; 12.1242; 12.2479; 12.3705; 12.4914; 12.6101; 12.7261; 12.8389; 12.9479; 13.0527; 13.1527; 13.2477; 13.337; 13.4204; 13.4974; 13.5678; 13.6311; 13.6872; 13.7357; 13.7765; 13.8093; 13.8341; 13.8507; 13.859; 13.859; 
10.1782; 10.1782; 10.1863; 10.2025; 10.2268; 10.259; 10.2989; 10.3465; 10.4014; 10.4635; 10.5325; 10.608; 10.6897; 10.7773; 10.8703; 10.9684; 11.071; 11.1779; 11.2884; 11.4021; 11.5184; 11.6369; 11.757; 11.8782; 12; 12.1218; 12.243; 12.3631; 12.4816; 12.5979; 12.7116; 12.8221; 12.929; 13.0316; 13.1297; 13.2227; 13.3103; 13.392; 13.4675; 13.5365; 13.5986; 13.6535; 13.7011; 13.741; 13.7732; 13.7975; 13.8137; 13.8218; 13.8218; 
10.2145; 10.2145; 10.2225; 10.2384; 10.2622; 10.2937; 10.3329; 10.3795; 10.4333; 10.4942; 10.5618; 10.6357; 10.7158; 10.8017; 10.8928; 10.9889; 11.0896; 11.1943; 11.3026; 11.414; 11.528; 11.6442; 11.7619; 11.8807; 12; 12.1193; 12.2381; 12.3558; 12.472; 12.586; 12.6974; 12.8057; 12.9104; 13.0111; 13.1072; 13.1983; 13.2842; 13.3643; 13.4382; 13.5058; 13.5667; 13.6205; 13.6671; 13.7063; 13.7378; 13.7616; 13.7775; 13.7855; 13.7855; 
10.2502; 10.2502; 10.258; 10.2736; 10.2969; 10.3278; 10.3662; 10.4118; 10.4646; 10.5242; 10.5905; 10.663; 10.7415; 10.8256; 10.9149; 11.0091; 11.1078; 11.2104; 11.3165; 11.4257; 11.5374; 11.6513; 11.7666; 11.8831; 12; 12.1169; 12.2334; 12.3487; 12.4626; 12.5743; 12.6835; 12.7896; 12.8922; 12.9909; 13.0851; 13.1744; 13.2585; 13.337; 13.4095; 13.4758; 13.5354; 13.5882; 13.6338; 13.6722; 13.7031; 13.7264; 13.742; 13.7498; 13.7498; 
10.2851; 10.2851; 10.2927; 10.308; 10.3309; 10.3612; 10.3988; 10.4435; 10.4953; 10.5537; 10.6186; 10.6897; 10.7666; 10.849; 10.9366; 11.0289; 11.1256; 11.2261; 11.3301; 11.4371; 11.5467; 11.6582; 11.7713; 11.8854; 12; 12.1146; 12.2287; 12.3418; 12.4533; 12.5629; 12.6699; 12.7739; 12.8744; 12.9711; 13.0634; 13.151; 13.2334; 13.3103; 13.3814; 13.4463; 13.5047; 13.5565; 13.6012; 13.6388; 13.6691; 13.692; 13.7073; 13.7149; 13.7149; 
10.3193; 10.3193; 10.3268; 10.3418; 10.3642; 10.3939; 10.4307; 10.4746; 10.5253; 10.5826; 10.6462; 10.7158; 10.7912; 10.872; 10.9578; 11.0483; 11.143; 11.2416; 11.3435; 11.4484; 11.5557; 11.665; 11.7759; 11.8877; 12; 12.1123; 12.2241; 12.335; 12.4443; 12.5516; 12.6565; 12.7584; 12.857; 12.9517; 13.0422; 13.128; 13.2088; 13.2842; 13.3538; 13.4174; 13.4747; 13.5254; 13.5693; 13.6061; 13.6358; 13.6582; 13.6732; 13.6807; 13.6807; 
10.3529; 10.3529; 10.3602; 10.3749; 10.3968; 10.4259; 10.4621; 10.5051; 10.5547; 10.6109; 10.6732; 10.7415; 10.8153; 10.8945; 10.9786; 11.0673; 11.1601; 11.2567; 11.3566; 11.4594; 11.5646; 11.6717; 11.7803; 11.8899; 12; 12.1101; 12.2197; 12.3283; 12.4354; 12.5406; 12.6434; 12.7433; 12.8399; 12.9327; 13.0214; 13.1055; 13.1847; 13.2585; 13.3268; 13.3891; 13.4453; 13.4949; 13.5379; 13.5741; 13.6032; 13.6251; 13.6398; 13.6471; 13.6471; 
10.3857; 10.3857; 10.3929; 10.4073; 10.4288; 10.4573; 10.4928; 10.5349; 10.5836; 10.6386; 10.6997; 10.7666; 10.839; 10.9166; 10.999; 11.0859; 11.1769; 11.2715; 11.3695; 11.4702; 11.5733; 11.6783; 11.7847; 11.8921; 12; 12.1079; 12.2153; 12.3217; 12.4267; 12.5298; 12.6305; 12.7285; 12.8231; 12.9141; 13.001; 13.0834; 13.161; 13.2334; 13.3003; 13.3614; 13.4164; 13.4651; 13.5072; 13.5427; 13.5712; 13.5927; 13.6071; 13.6143; 13.6143; 
10.418; 10.418; 10.425; 10.4391; 10.4602; 10.4881; 10.5228; 10.5641; 10.6118; 10.6658; 10.7256; 10.7912; 10.8622; 10.9382; 11.019; 11.1041; 11.1933; 11.2861; 11.382; 11.4808; 11.5818; 11.6847; 11.789; 11.8943; 12; 12.1057; 12.211; 12.3153; 12.4182; 12.5192; 12.618; 12.7139; 12.8067; 12.8959; 12.981; 13.0618; 13.1378; 13.2088; 13.2744; 13.3342; 13.3882; 13.4359; 13.4772; 13.5119; 13.5398; 13.5609; 13.575; 13.582; 13.582; 
10.4495; 10.4495; 10.4565; 10.4703; 10.4909; 10.5183; 10.5523; 10.5928; 10.6396; 10.6924; 10.7511; 10.8153; 10.8849; 10.9594; 11.0386; 11.122; 11.2094; 11.3003; 11.3944; 11.4911; 11.5901; 11.691; 11.7932; 11.8964; 12; 12.1036; 12.2068; 12.309; 12.4099; 12.5089; 12.6056; 12.6997; 12.7906; 12.878; 12.9614; 13.0406; 13.1151; 13.1847; 13.2489; 13.3076; 13.3604; 13.4072; 13.4477; 13.4817; 13.5091; 13.5297; 13.5435; 13.5505; 13.5505; 
10.4805; 10.4805; 10.4873; 10.5008; 10.521; 10.5479; 10.5812; 10.6209; 10.6667; 10.7185; 10.776; 10.839; 10.9071; 10.9802; 11.0577; 11.1395; 11.2252; 11.3143; 11.4065; 11.5013; 11.5983; 11.6972; 11.7974; 11.8985; 12; 12.1015; 12.2026; 12.3028; 12.4017; 12.4987; 12.5935; 12.6857; 12.7748; 12.8605; 12.9423; 13.0198; 13.0929; 13.161; 13.224; 13.2815; 13.3333; 13.3791; 13.4188; 13.4521; 13.479; 13.4992; 13.5127; 13.5195; 13.5195; 
10.5108; 10.5108; 10.5175; 10.5307; 10.5506; 10.5769; 10.6095; 10.6484; 10.6933; 10.7441; 10.8004; 10.8621; 10.9289; 11.0005; 11.0766; 11.1567; 11.2407; 11.328; 11.4183; 11.5112; 11.6063; 11.7032; 11.8014; 11.9005; 12; 12.0995; 12.1986; 12.2968; 12.3937; 12.4888; 12.5817; 12.672; 12.7593; 12.8433; 12.9234; 12.9995; 13.0711; 13.1379; 13.1996; 13.2559; 13.3067; 13.3516; 13.3905; 13.4231; 13.4494; 13.4693; 13.4825; 13.4892; 13.4892; 
10.5405; 10.5405; 10.547; 10.5601; 10.5795; 10.6053; 10.6373; 10.6754; 10.7194; 10.7691; 10.8244; 10.8848; 10.9503; 11.0205; 11.095; 11.1736; 11.2558; 11.3414; 11.4299; 11.521; 11.6142; 11.7091; 11.8054; 11.9025; 12; 12.0975; 12.1946; 12.2909; 12.3858; 12.479; 12.5701; 12.6586; 12.7442; 12.8264; 12.905; 12.9795; 13.0497; 13.1152; 13.1756; 13.2309; 13.2806; 13.3246; 13.3627; 13.3947; 13.4205; 13.4399; 13.453; 13.4595; 13.4595; 
10.5697; 10.5697; 10.576; 10.5888; 10.6078; 10.6331; 10.6645; 10.7018; 10.745; 10.7937; 10.8478; 10.9071; 10.9713; 11.04; 11.1131; 11.19; 11.2707; 11.3545; 11.4413; 11.5306; 11.6219; 11.7149; 11.8092; 11.9044; 12; 12.0956; 12.1908; 12.2851; 12.3781; 12.4694; 12.5587; 12.6455; 12.7293; 12.81; 12.8869; 12.96; 13.0287; 13.0929; 13.1522; 13.2063; 13.255; 13.2982; 13.3355; 13.3669; 13.3922; 13.4112; 13.424; 13.4303; 13.4303; 
10.5982; 10.5982; 10.6045; 10.617; 10.6356; 10.6604; 10.6911; 10.7277; 10.77; 10.8178; 10.8708; 10.9289; 10.9918; 11.0592; 11.1308; 11.2062; 11.2852; 11.3674; 11.4524; 11.5399; 11.6294; 11.7206; 11.8131; 11.9063; 12; 12.0937; 12.1869; 12.2794; 12.3706; 12.4601; 12.5476; 12.6326; 12.7148; 12.7938; 12.8692; 12.9408; 13.0082; 13.0711; 13.1292; 13.1822; 13.23; 13.2723; 13.3089; 13.3396; 13.3644; 13.383; 13.3955; 13.4018; 13.4018; 
10.6262; 10.6262; 10.6323; 10.6446; 10.6629; 10.6871; 10.7173; 10.7531; 10.7946; 10.8414; 10.8934; 10.9503; 11.0119; 11.078; 11.1481; 11.2221; 11.2995; 11.38; 11.4634; 11.5491; 11.6368; 11.7262; 11.8168; 11.9082; 12; 12.0918; 12.1832; 12.2738; 12.3632; 12.4509; 12.5366; 12.62; 12.7005; 12.7779; 12.8519; 12.922; 12.9881; 13.0497; 13.1066; 13.1586; 13.2054; 13.2469; 13.2827; 13.3129; 13.3371; 13.3554; 13.3677; 13.3738; 13.3738; 
10.6536; 10.6536; 10.6596; 10.6716; 10.6896; 10.7133; 10.7429; 10.778; 10.8186; 10.8645; 10.9155; 10.9712; 11.0316; 11.0964; 11.1651; 11.2376; 11.3135; 11.3924; 11.4741; 11.5581; 11.6441; 11.7317; 11.8204; 11.91; 12; 12.09; 12.1796; 12.2683; 12.3559; 12.4419; 12.5259; 12.6076; 12.6865; 12.7624; 12.8349; 12.9036; 12.9684; 13.0288; 13.0845; 13.1355; 13.1814; 13.222; 13.2571; 13.2867; 13.3104; 13.3284; 13.3404; 13.3464; 13.3464; 
10.6805; 10.6805; 10.6864; 10.6981; 10.7157; 10.739; 10.768; 10.8024; 10.8422; 10.8872; 10.9371; 10.9918; 11.051; 11.1144; 11.1818; 11.2528; 11.3272; 11.4046; 11.4846; 11.5669; 11.6512; 11.737; 11.824; 11.9118; 12; 12.0882; 12.176; 12.263; 12.3488; 12.4331; 12.5154; 12.5954; 12.6728; 12.7472; 12.8182; 12.8856; 12.949; 13.0082; 13.0629; 13.1128; 13.1578; 13.1976; 13.232; 13.261; 13.2843; 13.3019; 13.3136; 13.3195; 13.3195; 
10.7068; 10.7068; 10.7126; 10.7241; 10.7413; 10.7642; 10.7926; 10.8263; 10.8653; 10.9094; 10.9583; 11.0119; 11.0699; 11.1321; 11.1981; 11.2677; 11.3406; 11.4164; 11.4949; 11.5756; 11.6582; 11.7423; 11.8275; 11.9136; 12; 12.0864; 12.1725; 12.2577; 12.3418; 12.4244; 12.5051; 12.5836; 12.6594; 12.7323; 12.8019; 12.8679; 12.9301; 12.9881; 13.0417; 13.0906; 13.1347; 13.1737; 13.2074; 13.2358; 13.2587; 13.2759; 13.2874; 13.2932; 13.2932; 
10.7326; 10.7326; 10.7383; 10.7496; 10.7665; 10.7889; 10.8167; 10.8497; 10.888; 10.9311; 10.9791; 11.0316; 11.0885; 11.1494; 11.2141; 11.2823; 11.3538; 11.4281; 11.505; 11.584; 11.665; 11.7474; 11.831; 11.9153; 12; 12.0847; 12.169; 12.2526; 12.335; 12.416; 12.495; 12.5719; 12.6462; 12.7177; 12.7859; 12.8506; 12.9115; 12.9684; 13.0209; 13.0689; 13.112; 13.1503; 13.1833; 13.2111; 13.2335; 13.2504; 13.2617; 13.2674; 13.2674; 
10.7579; 10.7579; 10.7635; 10.7745; 10.7911; 10.813; 10.8403; 10.8727; 10.9102; 10.9525; 10.9995; 11.051; 11.1067; 11.1664; 11.2298; 11.2967; 11.3667; 11.4395; 11.5148; 11.5923; 11.6717; 11.7525; 11.8344; 11.917; 12; 12.083; 12.1656; 12.2475; 12.3283; 12.4077; 12.4852; 12.5605; 12.6333; 12.7033; 12.7702; 12.8336; 12.8933; 12.949; 13.0005; 13.0475; 13.0898; 13.1273; 13.1597; 13.187; 13.2089; 13.2255; 13.2365; 13.2421; 13.2421; 
10.7827; 10.7827; 10.7882; 10.799; 10.8152; 10.8367; 10.8634; 10.8952; 10.9319; 10.9734; 11.0195; 11.0699; 11.1245; 11.183; 11.2452; 11.3107; 11.3793; 11.4507; 11.5245; 11.6005; 11.6782; 11.7574; 11.8377; 11.9186; 12; 12.0814; 12.1623; 12.2426; 12.3218; 12.3995; 12.4755; 12.5493; 12.6207; 12.6893; 12.7548; 12.817; 12.8755; 12.9301; 12.9805; 13.0266; 13.0681; 13.1048; 13.1366; 13.1633; 13.1848; 13.201; 13.2118; 13.2173; 13.2173; 
10.807; 10.807; 10.8123; 10.823; 10.8389; 10.8599; 10.8861; 10.9172; 10.9532; 10.9939; 11.039; 11.0885; 11.142; 11.1993; 11.2602; 11.3245; 11.3917; 11.4616; 11.534; 11.6085; 11.6846; 11.7622; 11.8409; 11.9203; 12; 12.0797; 12.1591; 12.2378; 12.3154; 12.3915; 12.466; 12.5384; 12.6083; 12.6755; 12.7398; 12.8007; 12.858; 12.9115; 12.961; 13.0061; 13.0468; 13.0828; 13.1139; 13.1401; 13.1611; 13.177; 13.1877; 13.193; 13.193; 
10.8308; 10.8308; 10.836; 10.8465; 10.862; 10.8827; 10.9083; 10.9389; 10.9741; 11.014; 11.0582; 11.1067; 11.1591; 11.2153; 11.275; 11.3379; 11.4038; 11.4724; 11.5433; 11.6163; 11.6909; 11.767; 11.8441; 11.9219; 12; 12.0781; 12.1559; 12.233; 12.3091; 12.3837; 12.4567; 12.5276; 12.5962; 12.6621; 12.725; 12.7847; 12.8409; 12.8933; 12.9418; 12.986; 13.0259; 13.0611; 13.0917; 13.1173; 13.138; 13.1535; 13.164; 13.1692; 13.1692; 
10.8542; 10.8542; 10.8593; 10.8695; 10.8848; 10.905; 10.9301; 10.96; 10.9946; 11.0336; 11.077; 11.1245; 11.1759; 11.231; 11.2895; 11.3512; 11.4157; 11.4829; 11.5524; 11.6239; 11.6971; 11.7716; 11.8472; 11.9234; 12; 12.0766; 12.1528; 12.2284; 12.3029; 12.3761; 12.4476; 12.5171; 12.5843; 12.6488; 12.7105; 12.769; 12.8241; 12.8755; 12.923; 12.9664; 13.0054; 13.04; 13.0699; 13.095; 13.1152; 13.1305; 13.1407; 13.1458; 13.1458; 
10.877; 10.877; 10.882; 10.8921; 10.907; 10.9269; 10.9515; 10.9808; 11.0147; 11.0529; 11.0954; 11.142; 11.1923; 11.2463; 11.3037; 11.3641; 11.4274; 11.4932; 11.5614; 11.6314; 11.7032; 11.7762; 11.8502; 11.925; 12; 12.075; 12.1498; 12.2238; 12.2968; 12.3686; 12.4386; 12.5068; 12.5726; 12.6359; 12.6963; 12.7537; 12.8077; 12.858; 12.9046; 12.9471; 12.9853; 13.0192; 13.0485; 13.0731; 13.093; 13.1079; 13.118; 13.123; 13.123; 
10.8994; 10.8994; 10.9044; 10.9142; 10.9288; 10.9483; 10.9724; 11.0011; 11.0343; 11.0718; 11.1135; 11.1591; 11.2085; 11.2614; 11.3175; 11.3768; 11.4388; 11.5034; 11.5701; 11.6388; 11.7091; 11.7807; 11.8532; 11.9264; 12; 12.0736; 12.1468; 12.2193; 12.2909; 12.3612; 12.4299; 12.4966; 12.5612; 12.6232; 12.6825; 12.7386; 12.7915; 12.8409; 12.8865; 12.9282; 12.9657; 12.9989; 13.0276; 13.0517; 13.0712; 13.0858; 13.0956; 13.1006; 13.1006; 
10.9214; 10.9214; 10.9262; 10.9358; 10.9502; 10.9693; 10.9929; 11.0211; 11.0536; 11.0904; 11.1312; 11.1759; 11.2243; 11.2761; 11.3312; 11.3892; 11.45; 11.5133; 11.5787; 11.646; 11.7149; 11.785; 11.8562; 11.9279; 12; 12.0721; 12.1438; 12.215; 12.2851; 12.354; 12.4213; 12.4867; 12.55; 12.6108; 12.6688; 12.7239; 12.7757; 12.8241; 12.8688; 12.9096; 12.9464; 12.9789; 13.0071; 13.0307; 13.0498; 13.0642; 13.0738; 13.0786; 13.0786; 
10.9429; 10.9429; 10.9477; 10.9571; 10.9712; 10.9898; 11.013; 11.0406; 11.0725; 11.1085; 11.1485; 11.1923; 11.2397; 11.2905; 11.3445; 11.4014; 11.461; 11.523; 11.5871; 11.6531; 11.7206; 11.7893; 11.859; 11.9294; 12; 12.0706; 12.141; 12.2107; 12.2794; 12.3469; 12.4129; 12.477; 12.539; 12.5986; 12.6555; 12.7095; 12.7603; 12.8077; 12.8515; 12.8915; 12.9275; 12.9594; 12.987; 13.0102; 13.0288; 13.0429; 13.0523; 13.0571; 13.0571; 
10.964; 10.964; 10.9687; 10.9779; 10.9917; 11.01; 11.0327; 11.0598; 11.091; 11.1263; 11.1655; 11.2084; 11.2549; 11.3047; 11.3576; 11.4134; 11.4718; 11.5325; 11.5953; 11.66; 11.7262; 11.7935; 11.8618; 11.9308; 12; 12.0692; 12.1382; 12.2065; 12.2738; 12.34; 12.4047; 12.4675; 12.5282; 12.5866; 12.6424; 12.6953; 12.7451; 12.7916; 12.8345; 12.8737; 12.909; 12.9402; 12.9673; 12.99; 13.0083; 13.0221; 13.0313; 13.036; 13.036; 
10.9847; 10.9847; 10.9892; 10.9983; 11.0118; 11.0298; 11.052; 11.0785; 11.1091; 11.1437; 11.1822; 11.2242; 11.2698; 11.3186; 11.3704; 11.4251; 11.4823; 11.5418; 11.6034; 11.6668; 11.7316; 11.7977; 11.8646; 11.9321; 12; 12.0679; 12.1354; 12.2023; 12.2684; 12.3332; 12.3966; 12.4582; 12.5177; 12.5749; 12.6296; 12.6814; 12.7302; 12.7758; 12.8178; 12.8563; 12.8909; 12.9215; 12.948; 12.9702; 12.9882; 13.0017; 13.0108; 13.0153; 13.0153; 
11.005; 11.005; 11.0094; 11.0183; 11.0315; 11.0491; 11.0709; 11.0969; 11.1269; 11.1608; 11.1985; 11.2397; 11.2844; 11.3322; 11.383; 11.4366; 11.4926; 11.551; 11.6113; 11.6734; 11.737; 11.8017; 11.8673; 11.9335; 12; 12.0665; 12.1327; 12.1983; 12.263; 12.3266; 12.3887; 12.449; 12.5074; 12.5634; 12.617; 12.6678; 12.7156; 12.7603; 12.8015; 12.8392; 12.8731; 12.9031; 12.9291; 12.9509; 12.9685; 12.9817; 12.9906; 12.995; 12.995; 
11.0248; 11.0248; 11.0292; 11.0379; 11.0509; 11.0681; 11.0895; 11.1149; 11.1444; 11.1776; 11.2145; 11.2549; 11.2986; 11.3455; 11.3953; 11.4478; 11.5028; 11.5599; 11.6191; 11.6799; 11.7422; 11.8057; 11.87; 11.9348; 12; 12.0652; 12.13; 12.1943; 12.2578; 12.3201; 12.3809; 12.4401; 12.4972; 12.5522; 12.6047; 12.6545; 12.7014; 12.7451; 12.7855; 12.8224; 12.8556; 12.8851; 12.9105; 12.9319; 12.9491; 12.9621; 12.9708; 12.9752; 12.9752; 
11.0443; 11.0443; 11.0486; 11.0571; 11.0698; 11.0867; 11.1077; 11.1326; 11.1614; 11.194; 11.2302; 11.2698; 11.3126; 11.3586; 11.4074; 11.4588; 11.5127; 11.5687; 11.6267; 11.6863; 11.7474; 11.8095; 11.8725; 11.9361; 12; 12.0639; 12.1275; 12.1905; 12.2526; 12.3137; 12.3733; 12.4313; 12.4873; 12.5412; 12.5926; 12.6414; 12.6874; 12.7302; 12.7698; 12.806; 12.8386; 12.8674; 12.8923; 12.9133; 12.9302; 12.9429; 12.9514; 12.9557; 12.9557; 
11.0634; 11.0634; 11.0676; 11.0759; 11.0884; 11.1049; 11.1255; 11.1499; 11.1782; 11.2101; 11.2455; 11.2843; 11.3264; 11.3714; 11.4192; 11.4696; 11.5224; 11.5773; 11.6341; 11.6926; 11.7524; 11.8133; 11.8751; 11.9374; 12; 12.0626; 12.1249; 12.1867; 12.2476; 12.3074; 12.3659; 12.4227; 12.4776; 12.5304; 12.5808; 12.6286; 12.6736; 12.7157; 12.7545; 12.7899; 12.8218; 12.8501; 12.8745; 12.8951; 12.9116; 12.9241; 12.9324; 12.9366; 12.9366; 
11.0821; 11.0821; 11.0862; 11.0944; 11.1066; 11.1228; 11.1429; 11.1669; 11.1946; 11.2259; 11.2606; 11.2986; 11.3398; 11.3839; 11.4308; 11.4802; 11.5319; 11.5858; 11.6415; 11.6987; 11.7574; 11.8171; 11.8776; 11.9387; 12; 12.0613; 12.1224; 12.1829; 12.2426; 12.3013; 12.3585; 12.4142; 12.4681; 12.5198; 12.5692; 12.6161; 12.6602; 12.7014; 12.7394; 12.7741; 12.8054; 12.8331; 12.8571; 12.8772; 12.8934; 12.9056; 12.9138; 12.9179; 12.9179; 
11.1004; 11.1004; 11.1044; 11.1124; 11.1244; 11.1403; 11.16; 11.1835; 11.2107; 11.2413; 11.2754; 11.3126; 11.353; 11.3962; 11.4422; 11.4906; 11.5413; 11.594; 11.6486; 11.7047; 11.7622; 11.8207; 11.88; 11.9399; 12; 12.0601; 12.12; 12.1793; 12.2378; 12.2953; 12.3514; 12.406; 12.4587; 12.5094; 12.5578; 12.6038; 12.647; 12.6874; 12.7246; 12.7587; 12.7893; 12.8165; 12.84; 12.8597; 12.8756; 12.8876; 12.8956; 12.8996; 12.8996; 
11.1184; 11.1184; 11.1223; 11.1301; 11.1419; 11.1575; 11.1768; 11.1998; 11.2264; 11.2564; 11.2898; 11.3264; 11.3659; 11.4083; 11.4533; 11.5008; 11.5504; 11.6021; 11.6556; 11.7106; 11.7669; 11.8243; 11.8824; 11.9411; 12; 12.0589; 12.1176; 12.1757; 12.2331; 12.2894; 12.3444; 12.3979; 12.4496; 12.4992; 12.5467; 12.5917; 12.6341; 12.6736; 12.7102; 12.7436; 12.7736; 12.8002; 12.8232; 12.8425; 12.8581; 12.8699; 12.8777; 12.8816; 12.8816; 
11.1359; 11.1359; 11.1398; 11.1475; 11.159; 11.1743; 11.1932; 11.2158; 11.2418; 11.2713; 11.304; 11.3398; 11.3786; 11.4201; 11.4642; 11.5107; 11.5594; 11.6101; 11.6625; 11.7164; 11.7716; 11.8278; 11.8848; 11.9423; 12; 12.0577; 12.1152; 12.1722; 12.2284; 12.2836; 12.3375; 12.3899; 12.4406; 12.4893; 12.5358; 12.5799; 12.6214; 12.6602; 12.696; 12.7287; 12.7582; 12.7842; 12.8068; 12.8257; 12.841; 12.8525; 12.8602; 12.8641; 12.8641; 
11.1532; 11.1532; 11.157; 11.1645; 11.1758; 11.1908; 11.2093; 11.2314; 11.257; 11.2858; 11.3179; 11.353; 11.391; 11.4317; 11.4749; 11.5205; 11.5682; 11.6179; 11.6692; 11.7221; 11.7762; 11.8312; 11.8871; 11.9434; 12; 12.0566; 12.1129; 12.1688; 12.2238; 12.2779; 12.3308; 12.3821; 12.4318; 12.4795; 12.5251; 12.5683; 12.609; 12.647; 12.6821; 12.7142; 12.743; 12.7686; 12.7907; 12.8092; 12.8242; 12.8355; 12.843; 12.8468; 12.8468; 
11.1701; 11.1701; 11.1738; 11.1812; 11.1923; 11.2069; 11.2251; 11.2468; 11.2718; 11.3001; 11.3315; 11.3659; 11.4031; 11.443; 11.4854; 11.5301; 11.5768; 11.6255; 11.6758; 11.7276; 11.7806; 11.8346; 11.8893; 11.9445; 12; 12.0555; 12.1107; 12.1654; 12.2194; 12.2724; 12.3242; 12.3745; 12.4232; 12.4699; 12.5146; 12.557; 12.5969; 12.6341; 12.6685; 12.6999; 12.7282; 12.7532; 12.7749; 12.7931; 12.8077; 12.8188; 12.8262; 12.8299; 12.8299; 
11.1867; 11.1867; 11.1903; 11.1975; 11.2084; 11.2227; 11.2406; 11.2618; 11.2863; 11.3141; 11.3448; 11.3785; 11.415; 11.4541; 11.4957; 11.5394; 11.5853; 11.633; 11.6823; 11.7331; 11.785; 11.8379; 11.8915; 11.9456; 12; 12.0544; 12.1085; 12.1621; 12.215; 12.2669; 12.3177; 12.367; 12.4147; 12.4606; 12.5043; 12.5459; 12.585; 12.6215; 12.6552; 12.6859; 12.7137; 12.7382; 12.7594; 12.7773; 12.7916; 12.8025; 12.8097; 12.8133; 12.8133; 
11.2029; 11.2029; 11.2065; 11.2136; 11.2242; 11.2383; 11.2557; 11.2765; 11.3006; 11.3278; 11.3579; 11.3909; 11.4267; 11.465; 11.5057; 11.5486; 11.5936; 11.6403; 11.6886; 11.7384; 11.7893; 11.8411; 11.8937; 11.9467; 12; 12.0533; 12.1063; 12.1589; 12.2107; 12.2616; 12.3114; 12.3597; 12.4064; 12.4514; 12.4943; 12.535; 12.5733; 12.6091; 12.6421; 12.6722; 12.6994; 12.7235; 12.7443; 12.7617; 12.7758; 12.7864; 12.7935; 12.7971; 12.7971; 
11.2188; 11.2188; 11.2223; 11.2293; 11.2397; 11.2535; 11.2706; 11.291; 11.3145; 11.3412; 11.3707; 11.4031; 11.4381; 11.4757; 11.5156; 11.5576; 11.6017; 11.6475; 11.6949; 11.7436; 11.7935; 11.8443; 11.8958; 11.9478; 12; 12.0522; 12.1042; 12.1557; 12.2065; 12.2564; 12.3051; 12.3525; 12.3983; 12.4424; 12.4844; 12.5243; 12.5619; 12.5969; 12.6293; 12.6588; 12.6855; 12.709; 12.7294; 12.7465; 12.7603; 12.7707; 12.7777; 12.7812; 12.7812; 
11.2344; 11.2344; 11.2378; 11.2446; 11.2548; 11.2684; 11.2852; 11.3051; 11.3282; 11.3543; 11.3833; 11.415; 11.4494; 11.4862; 11.5253; 11.5665; 11.6096; 11.6545; 11.7009; 11.7487; 11.7976; 11.8474; 11.8979; 11.9488; 12; 12.0512; 12.1021; 12.1526; 12.2024; 12.2513; 12.2991; 12.3455; 12.3904; 12.4335; 12.4747; 12.5138; 12.5506; 12.585; 12.6167; 12.6457; 12.6718; 12.6949; 12.7148; 12.7316; 12.7452; 12.7554; 12.7622; 12.7656; 12.7656; 
11.2497; 11.2497; 11.253; 11.2597; 11.2697; 11.283; 11.2994; 11.319; 11.3416; 11.3672; 11.3956; 11.4267; 11.4603; 11.4964; 11.5347; 11.5751; 11.6174; 11.6614; 11.7069; 11.7537; 11.8017; 11.8505; 11.8999; 11.9499; 12; 12.0501; 12.1001; 12.1495; 12.1983; 12.2463; 12.2931; 12.3386; 12.3826; 12.4249; 12.4653; 12.5036; 12.5397; 12.5733; 12.6044; 12.6328; 12.6584; 12.681; 12.7006; 12.717; 12.7303; 12.7403; 12.747; 12.7503; 12.7503; 
11.2647; 11.2647; 11.2679; 11.2745; 11.2843; 11.2973; 11.3134; 11.3326; 11.3548; 11.3798; 11.4077; 11.4381; 11.4711; 11.5065; 11.544; 11.5836; 11.625; 11.6682; 11.7128; 11.7587; 11.8056; 11.8534; 11.9019; 11.9509; 12; 12.0491; 12.0981; 12.1466; 12.1944; 12.2413; 12.2872; 12.3318; 12.375; 12.4164; 12.456; 12.4935; 12.5289; 12.5619; 12.5923; 12.6202; 12.6452; 12.6674; 12.6866; 12.7027; 12.7157; 12.7255; 12.7321; 12.7353; 12.7353; 
11.2793; 11.2793; 11.2825; 11.289; 11.2986; 11.3113; 11.3271; 11.3459; 11.3677; 11.3922; 11.4195; 11.4494; 11.4817; 11.5163; 11.5531; 11.5919; 11.6325; 11.6748; 11.7185; 11.7635; 11.8095; 11.8564; 11.9039; 11.9518; 12; 12.0482; 12.0961; 12.1436; 12.1905; 12.2365; 12.2815; 12.3252; 12.3675; 12.4081; 12.4469; 12.4837; 12.5183; 12.5506; 12.5805; 12.6078; 12.6323; 12.6541; 12.6729; 12.6887; 12.7014; 12.711; 12.7175; 12.7207; 12.7207; 
11.2937; 11.2937; 11.2969; 11.3032; 11.3126; 11.325; 11.3405; 11.359; 11.3803; 11.4043; 11.4311; 11.4603; 11.492; 11.526; 11.562; 11.6001; 11.6399; 11.6813; 11.7241; 11.7682; 11.8133; 11.8592; 11.9058; 11.9528; 12; 12.0472; 12.0942; 12.1408; 12.1867; 12.2318; 12.2759; 12.3187; 12.3601; 12.3999; 12.438; 12.474; 12.508; 12.5397; 12.5689; 12.5957; 12.6197; 12.641; 12.6595; 12.675; 12.6874; 12.6968; 12.7031; 12.7063; 12.7063; 
11.3078; 11.3078; 11.3109; 11.3171; 11.3263; 11.3385; 11.3537; 11.3718; 11.3926; 11.4162; 11.4424; 11.4711; 11.5022; 11.5354; 11.5708; 11.608; 11.6471; 11.6876; 11.7296; 11.7728; 11.817; 11.862; 11.9077; 11.9537; 12; 12.0463; 12.0923; 12.138; 12.183; 12.2272; 12.2704; 12.3124; 12.3529; 12.392; 12.4292; 12.4646; 12.4978; 12.5289; 12.5576; 12.5838; 12.6074; 12.6282; 12.6463; 12.6615; 12.6737; 12.6829; 12.6891; 12.6922; 12.6922; 
11.3216; 11.3216; 11.3247; 11.3307; 11.3397; 11.3517; 11.3666; 11.3843; 11.4048; 11.4279; 11.4536; 11.4817; 11.5121; 11.5447; 11.5793; 11.6159; 11.6541; 11.6939; 11.735; 11.7774; 11.8207; 11.8648; 11.9095; 11.9547; 12; 12.0453; 12.0905; 12.1352; 12.1793; 12.2226; 12.265; 12.3061; 12.3459; 12.3841; 12.4207; 12.4553; 12.4879; 12.5183; 12.5464; 12.5721; 12.5952; 12.6157; 12.6334; 12.6483; 12.6603; 12.6693; 12.6753; 12.6784; 12.6784; 
11.3352; 11.3352; 11.3381; 11.3441; 11.3529; 11.3647; 11.3792; 11.3966; 11.4167; 11.4393; 11.4645; 11.492; 11.5218; 11.5538; 11.5877; 11.6235; 11.661; 11.7; 11.7403; 11.7818; 11.8243; 11.8675; 11.9113; 11.9556; 12; 12.0444; 12.0887; 12.1325; 12.1757; 12.2182; 12.2597; 12.3; 12.339; 12.3765; 12.4123; 12.4462; 12.4782; 12.508; 12.5355; 12.5607; 12.5833; 12.6034; 12.6208; 12.6353; 12.6471; 12.6559; 12.6619; 12.6648; 12.6648; 
11.3484; 11.3484; 11.3513; 11.3572; 11.3658; 11.3773; 11.3916; 11.4086; 11.4283; 11.4505; 11.4752; 11.5022; 11.5314; 11.5627; 11.596; 11.631; 11.6678; 11.706; 11.7455; 11.7862; 11.8278; 11.8701; 11.9131; 11.9565; 12; 12.0435; 12.0869; 12.1299; 12.1722; 12.2138; 12.2545; 12.294; 12.3322; 12.369; 12.404; 12.4373; 12.4686; 12.4978; 12.5248; 12.5495; 12.5717; 12.5914; 12.6084; 12.6227; 12.6342; 12.6428; 12.6487; 12.6516; 12.6516; 
11.3614; 11.3614; 11.3643; 11.37; 11.3785; 11.3898; 11.4038; 11.4204; 11.4397; 11.4615; 11.4856; 11.5121; 11.5407; 11.5714; 11.604; 11.6384; 11.6744; 11.7118; 11.7506; 11.7904; 11.8312; 11.8727; 11.9148; 11.9573; 12; 12.0427; 12.0852; 12.1273; 12.1688; 12.2096; 12.2494; 12.2882; 12.3256; 12.3616; 12.396; 12.4286; 12.4593; 12.4879; 12.5144; 12.5385; 12.5603; 12.5796; 12.5962; 12.6102; 12.6215; 12.63; 12.6357; 12.6386; 12.6386; 
11.3742; 11.3742; 11.377; 11.3826; 11.3909; 11.402; 11.4157; 11.432; 11.4509; 11.4722; 11.4959; 11.5218; 11.5499; 11.58; 11.6119; 11.6456; 11.6809; 11.7176; 11.7556; 11.7946; 11.8346; 11.8753; 11.9165; 11.9582; 12; 12.0418; 12.0835; 12.1247; 12.1654; 12.2054; 12.2444; 12.2824; 12.3191; 12.3544; 12.3881; 12.42; 12.4501; 12.4782; 12.5041; 12.5278; 12.5491; 12.568; 12.5843; 12.598; 12.6091; 12.6174; 12.623; 12.6258; 12.6258; 
11.3867; 11.3867; 11.3894; 11.3949; 11.4031; 11.4139; 11.4273; 11.4434; 11.4618; 11.4827; 11.506; 11.5314; 11.5589; 11.5884; 11.6197; 11.6527; 11.6873; 11.7232; 11.7604; 11.7987; 11.8379; 11.8778; 11.9182; 11.959; 12; 12.041; 12.0818; 12.1222; 12.1621; 12.2013; 12.2396; 12.2768; 12.3127; 12.3473; 12.3803; 12.4116; 12.4411; 12.4686; 12.494; 12.5173; 12.5382; 12.5566; 12.5727; 12.5861; 12.5969; 12.6051; 12.6106; 12.6133; 12.6133; 
11.3989; 11.3989; 11.4016; 11.407; 11.415; 11.4256; 11.4388; 11.4545; 11.4726; 11.4931; 11.5158; 11.5407; 11.5677; 11.5966; 11.6273; 11.6596; 11.6935; 11.7288; 11.7652; 11.8027; 11.8411; 11.8802; 11.9198; 11.9598; 12; 12.0402; 12.0802; 12.1198; 12.1589; 12.1973; 12.2348; 12.2712; 12.3065; 12.3404; 12.3727; 12.4034; 12.4323; 12.4593; 12.4842; 12.5069; 12.5274; 12.5455; 12.5612; 12.5744; 12.585; 12.593; 12.5984; 12.6011; 12.6011; 
11.4109; 11.4109; 11.4135; 11.4188; 11.4266; 11.4371; 11.45; 11.4654; 11.4831; 11.5032; 11.5255; 11.5499; 11.5763; 11.6046; 11.6347; 11.6664; 11.6996; 11.7342; 11.7699; 11.8067; 11.8443; 11.8826; 11.9214; 11.9606; 12; 12.0394; 12.0786; 12.1174; 12.1557; 12.1933; 12.2301; 12.2658; 12.3004; 12.3336; 12.3653; 12.3954; 12.4237; 12.4501; 12.4745; 12.4968; 12.5169; 12.5346; 12.55; 12.5629; 12.5734; 12.5812; 12.5865; 12.5891; 12.5891; 
11.4227; 11.4227; 11.4253; 11.4304; 11.4381; 11.4483; 11.461; 11.476; 11.4934; 11.5131; 11.535; 11.5589; 11.5848; 11.6125; 11.642; 11.6731; 11.7056; 11.7395; 11.7745; 11.8105; 11.8474; 11.8849; 11.923; 11.9614; 12; 12.0386; 12.077; 12.1151; 12.1526; 12.1895; 12.2255; 12.2605; 12.2944; 12.3269; 12.358; 12.3875; 12.4152; 12.4411; 12.465; 12.4869; 12.5066; 12.524; 12.539; 12.5517; 12.5619; 12.5696; 12.5747; 12.5773; 12.5773; 
11.4342; 11.4342; 11.4367; 11.4418; 11.4493; 11.4593; 11.4717; 11.4865; 11.5035; 11.5228; 11.5442; 11.5677; 11.5931; 11.6203; 11.6491; 11.6796; 11.7115; 11.7447; 11.779; 11.8143; 11.8504; 11.8872; 11.9245; 11.9622; 12; 12.0378; 12.0755; 12.1128; 12.1496; 12.1857; 12.221; 12.2553; 12.2885; 12.3204; 12.3509; 12.3797; 12.4069; 12.4323; 12.4558; 12.4772; 12.4965; 12.5135; 12.5283; 12.5407; 12.5507; 12.5582; 12.5633; 12.5658; 12.5658; 
11.4455; 11.4455; 11.448; 11.4529; 11.4603; 11.4701; 11.4823; 11.4967; 11.5135; 11.5323; 11.5533; 11.5763; 11.6012; 11.6278; 11.6562; 11.686; 11.7173; 11.7498; 11.7834; 11.818; 11.8534; 11.8895; 11.9261; 11.9629; 12; 12.0371; 12.0739; 12.1105; 12.1466; 12.182; 12.2166; 12.2502; 12.2827; 12.314; 12.3438; 12.3722; 12.3988; 12.4237; 12.4467; 12.4677; 12.4865; 12.5033; 12.5177; 12.5299; 12.5397; 12.5471; 12.552; 12.5545; 12.5545; 
11.4566; 11.4566; 11.459; 11.4638; 11.4711; 11.4807; 11.4926; 11.5068; 11.5232; 11.5417; 11.5622; 11.5848; 11.6091; 11.6353; 11.663; 11.6923; 11.7229; 11.7548; 11.7877; 11.8216; 11.8563; 11.8917; 11.9275; 11.9637; 12; 12.0363; 12.0725; 12.1083; 12.1437; 12.1784; 12.2123; 12.2452; 12.2771; 12.3077; 12.337; 12.3647; 12.3909; 12.4152; 12.4378; 12.4583; 12.4768; 12.4932; 12.5074; 12.5193; 12.5289; 12.5362; 12.541; 12.5434; 12.5434; 
11.4674; 11.4674; 11.4698; 11.4745; 11.4816; 11.491; 11.5027; 11.5166; 11.5327; 11.5508; 11.571; 11.5931; 11.6169; 11.6425; 11.6697; 11.6984; 11.7284; 11.7597; 11.792; 11.8252; 11.8592; 11.8939; 11.929; 11.9644; 12; 12.0356; 12.071; 12.1061; 12.1408; 12.1748; 12.208; 12.2403; 12.2716; 12.3016; 12.3303; 12.3575; 12.3831; 12.4069; 12.429; 12.4492; 12.4673; 12.4834; 12.4973; 12.509; 12.5184; 12.5255; 12.5302; 12.5326; 12.5326; 
11.478; 11.478; 11.4804; 11.485; 11.492; 11.5012; 11.5126; 11.5263; 11.542; 11.5598; 11.5795; 11.6012; 11.6246; 11.6497; 11.6763; 11.7044; 11.7339; 11.7645; 11.7961; 11.8287; 11.862; 11.896; 11.9304; 11.9651; 12; 12.0349; 12.0696; 12.104; 12.138; 12.1713; 12.2039; 12.2355; 12.2661; 12.2956; 12.3237; 12.3503; 12.3754; 12.3988; 12.4205; 12.4402; 12.458; 12.4737; 12.4874; 12.4988; 12.508; 12.515; 12.5196; 12.522; 12.522; 
11.4885; 11.4885; 11.4907; 11.4953; 11.5021; 11.5111; 11.5224; 11.5357; 11.5512; 11.5686; 11.5879; 11.6091; 11.6321; 11.6567; 11.6828; 11.7103; 11.7392; 11.7692; 11.8002; 11.8321; 11.8648; 11.8981; 11.9318; 11.9658; 12; 12.0342; 12.0682; 12.1019; 12.1352; 12.1679; 12.1998; 12.2308; 12.2608; 12.2897; 12.3172; 12.3433; 12.3679; 12.3909; 12.4121; 12.4314; 12.4488; 12.4643; 12.4776; 12.4889; 12.4979; 12.5047; 12.5093; 12.5115; 12.5115; 
11.4987; 11.4987; 11.5009; 11.5054; 11.5121; 11.5209; 11.5319; 11.545; 11.5601; 11.5772; 11.5962; 11.6169; 11.6394; 11.6635; 11.6891; 11.7161; 11.7444; 11.7738; 11.8042; 11.8355; 11.8675; 11.9001; 11.9331; 11.9665; 12; 12.0335; 12.0669; 12.0999; 12.1325; 12.1645; 12.1958; 12.2262; 12.2556; 12.2839; 12.3109; 12.3365; 12.3606; 12.3831; 12.4038; 12.4228; 12.4399; 12.455; 12.4681; 12.4791; 12.4879; 12.4946; 12.4991; 12.5013; 12.5013; 
11.5087; 11.5087; 11.5109; 11.5152; 11.5218; 11.5305; 11.5412; 11.5541; 11.5689; 11.5856; 11.6042; 11.6246; 11.6466; 11.6702; 11.6953; 11.7218; 11.7495; 11.7783; 11.8081; 11.8387; 11.8701; 11.9021; 11.9345; 11.9672; 12; 12.0328; 12.0655; 12.0979; 12.1299; 12.1613; 12.1919; 12.2217; 12.2505; 12.2782; 12.3047; 12.3298; 12.3534; 12.3754; 12.3958; 12.4144; 12.4311; 12.4459; 12.4588; 12.4695; 12.4782; 12.4848; 12.4891; 12.4913; 12.4913; 
11.5185; 11.5185; 11.5206; 11.5249; 11.5313; 11.5398; 11.5504; 11.563; 11.5775; 11.5939; 11.6121; 11.6321; 11.6537; 11.6768; 11.7014; 11.7273; 11.7545; 11.7827; 11.8119; 11.842; 11.8727; 11.904; 11.9358; 11.9678; 12; 12.0322; 12.0642; 12.096; 12.1273; 12.158; 12.1881; 12.2173; 12.2455; 12.2727; 12.2986; 12.3232; 12.3463; 12.3679; 12.3879; 12.4061; 12.4225; 12.437; 12.4496; 12.4602; 12.4687; 12.4751; 12.4794; 12.4815; 12.4815; 
11.5281; 11.5281; 11.5302; 11.5344; 11.5407; 11.549; 11.5594; 11.5717; 11.5859; 11.602; 11.6199; 11.6394; 11.6606; 11.6833; 11.7074; 11.7328; 11.7594; 11.787; 11.8157; 11.8451; 11.8753; 11.9059; 11.9371; 11.9685; 12; 12.0315; 12.0629; 12.0941; 12.1247; 12.1549; 12.1843; 12.213; 12.2406; 12.2672; 12.2926; 12.3167; 12.3394; 12.3606; 12.3801; 12.398; 12.4141; 12.4283; 12.4406; 12.451; 12.4593; 12.4656; 12.4698; 12.4719; 12.4719; 
11.5375; 11.5375; 11.5396; 11.5437; 11.5499; 11.558; 11.5682; 11.5802; 11.5942; 11.61; 11.6275; 11.6466; 11.6674; 11.6896; 11.7132; 11.7381; 11.7642; 11.7913; 11.8193; 11.8482; 11.8777; 11.9078; 11.9383; 11.9691; 12; 12.0309; 12.0617; 12.0922; 12.1223; 12.1518; 12.1807; 12.2087; 12.2358; 12.2619; 12.2868; 12.3104; 12.3326; 12.3534; 12.3725; 12.39; 12.4058; 12.4198; 12.4318; 12.442; 12.4501; 12.4563; 12.4604; 12.4625; 12.4625; 
11.5467; 11.5467; 11.5488; 11.5528; 11.5588; 11.5668; 11.5768; 11.5886; 11.6023; 11.6177; 11.6349; 11.6537; 11.674; 11.6958; 11.7189; 11.7433; 11.7689; 11.7955; 11.823; 11.8512; 11.8802; 11.9097; 11.9396; 11.9697; 12; 12.0303; 12.0604; 12.0903; 12.1198; 12.1488; 12.177; 12.2045; 12.2311; 12.2567; 12.2811; 12.3042; 12.326; 12.3463; 12.3651; 12.3823; 12.3977; 12.4114; 12.4232; 12.4332; 12.4412; 12.4472; 12.4512; 12.4533; 12.4533; 
11.5558; 11.5558; 11.5578; 11.5617; 11.5676; 11.5755; 11.5852; 11.5968; 11.6102; 11.6254; 11.6422; 11.6606; 11.6805; 11.7019; 11.7245; 11.7485; 11.7735; 11.7995; 11.8265; 11.8542; 11.8826; 11.9115; 11.9408; 11.9703; 12; 12.0297; 12.0592; 12.0885; 12.1174; 12.1458; 12.1735; 12.2005; 12.2265; 12.2515; 12.2755; 12.2981; 12.3195; 12.3394; 12.3578; 12.3746; 12.3898; 12.4032; 12.4148; 12.4245; 12.4324; 12.4383; 12.4422; 12.4442; 12.4442; 
11.5647; 11.5647; 11.5666; 11.5705; 11.5763; 11.584; 11.5935; 11.6049; 11.618; 11.6328; 11.6493; 11.6674; 11.6869; 11.7078; 11.73; 11.7535; 11.778; 11.8035; 11.83; 11.8571; 11.8849; 11.9132; 11.9419; 11.9709; 12; 12.0291; 12.0581; 12.0868; 12.1151; 12.1429; 12.17; 12.1965; 12.222; 12.2465; 12.27; 12.2922; 12.3131; 12.3326; 12.3507; 12.3672; 12.382; 12.3951; 12.4065; 12.416; 12.4237; 12.4295; 12.4334; 12.4353; 12.4353; 
11.5733; 11.5733; 11.5752; 11.5791; 11.5847; 11.5923; 11.6016; 11.6128; 11.6256; 11.6402; 11.6563; 11.674; 11.6931; 11.7136; 11.7354; 11.7584; 11.7824; 11.8075; 11.8333; 11.86; 11.8872; 11.915; 11.9431; 11.9715; 12; 12.0285; 12.0569; 12.085; 12.1128; 12.14; 12.1667; 12.1925; 12.2176; 12.2416; 12.2646; 12.2864; 12.3069; 12.326; 12.3437; 12.3598; 12.3744; 12.3872; 12.3984; 12.4077; 12.4153; 12.4209; 12.4248; 12.4267; 12.4267; 
11.5819; 11.5819; 11.5837; 11.5875; 11.593; 11.6004; 11.6096; 11.6205; 11.6331; 11.6474; 11.6632; 11.6805; 11.6993; 11.7194; 11.7407; 11.7632; 11.7868; 11.8113; 11.8367; 11.8628; 11.8895; 11.9167; 11.9442; 11.9721; 12; 12.0279; 12.0558; 12.0833; 12.1105; 12.1372; 12.1633; 12.1887; 12.2132; 12.2368; 12.2593; 12.2806; 12.3007; 12.3195; 12.3368; 12.3526; 12.3669; 12.3795; 12.3904; 12.3996; 12.407; 12.4125; 12.4163; 12.4181; 12.4181; 
11.5902; 11.5902; 11.592; 11.5957; 11.6011; 11.6084; 11.6174; 11.6281; 11.6404; 11.6544; 11.6699; 11.6869; 11.7053; 11.725; 11.7459; 11.7679; 11.791; 11.8151; 11.8399; 11.8655; 11.8917; 11.9183; 11.9453; 11.9726; 12; 12.0274; 12.0547; 12.0817; 12.1083; 12.1345; 12.1601; 12.1849; 12.209; 12.2321; 12.2541; 12.275; 12.2947; 12.3131; 12.3301; 12.3456; 12.3596; 12.3719; 12.3826; 12.3916; 12.3989; 12.4043; 12.408; 12.4098; 12.4098; 
11.5984; 11.5984; 11.6002; 11.6038; 11.6091; 11.6162; 11.625; 11.6355; 11.6476; 11.6613; 11.6765; 11.6931; 11.7111; 11.7305; 11.751; 11.7726; 11.7952; 11.8188; 11.8431; 11.8682; 11.8938; 11.92; 11.9464; 11.9732; 12; 12.0268; 12.0536; 12.08; 12.1062; 12.1318; 12.1569; 12.1812; 12.2048; 12.2274; 12.249; 12.2695; 12.2889; 12.3069; 12.3235; 12.3387; 12.3524; 12.3645; 12.375; 12.3838; 12.3909; 12.3962; 12.3998; 12.4016; 12.4016; 
11.6064; 11.6064; 11.6082; 11.6117; 11.6169; 11.6239; 11.6325; 11.6428; 11.6546; 11.6681; 11.6829; 11.6993; 11.7169; 11.7358; 11.7559; 11.7771; 11.7993; 11.8224; 11.8463; 11.8708; 11.896; 11.9216; 11.9475; 11.9737; 12; 12.0263; 12.0525; 12.0784; 12.104; 12.1292; 12.1537; 12.1776; 12.2007; 12.2229; 12.2441; 12.2642; 12.2831; 12.3007; 12.3171; 12.3319; 12.3454; 12.3572; 12.3675; 12.3761; 12.3831; 12.3883; 12.3918; 12.3936; 12.3936; 
11.6143; 11.6143; 11.616; 11.6194; 11.6246; 11.6314; 11.6398; 11.6499; 11.6615; 11.6747; 11.6893; 11.7053; 11.7226; 11.7411; 11.7608; 11.7816; 11.8033; 11.8259; 11.8493; 11.8734; 11.898; 11.9231; 11.9486; 11.9742; 12; 12.0258; 12.0514; 12.0769; 12.102; 12.1266; 12.1507; 12.1741; 12.1967; 12.2184; 12.2392; 12.2589; 12.2774; 12.2947; 12.3107; 12.3253; 12.3385; 12.3501; 12.3602; 12.3686; 12.3754; 12.3806; 12.384; 12.3857; 12.3857; 
11.622; 11.622; 11.6236; 11.627; 11.632; 11.6387; 11.647; 11.6569; 11.6683; 11.6812; 11.6955; 11.7111; 11.7281; 11.7463; 11.7656; 11.7859; 11.8072; 11.8294; 11.8523; 11.8759; 11.9001; 11.9247; 11.9496; 11.9747; 12; 12.0253; 12.0504; 12.0753; 12.0999; 12.1241; 12.1477; 12.1706; 12.1928; 12.2141; 12.2344; 12.2537; 12.2719; 12.2889; 12.3045; 12.3188; 12.3317; 12.3431; 12.353; 12.3613; 12.368; 12.373; 12.3764; 12.378; 12.378; 
11.6295; 11.6295; 11.6312; 11.6345; 11.6394; 11.6459; 11.6541; 11.6637; 11.6749; 11.6875; 11.7016; 11.7169; 11.7335; 11.7513; 11.7703; 11.7902; 11.8111; 11.8328; 11.8553; 11.8784; 11.9021; 11.9262; 11.9506; 11.9752; 12; 12.0248; 12.0494; 12.0738; 12.0979; 12.1216; 12.1447; 12.1672; 12.1889; 12.2098; 12.2297; 12.2487; 12.2665; 12.2831; 12.2984; 12.3125; 12.3251; 12.3363; 12.3459; 12.3541; 12.3606; 12.3655; 12.3688; 12.3705; 12.3705; 
11.6369; 11.6369; 11.6385; 11.6418; 11.6466; 11.653; 11.661; 11.6704; 11.6814; 11.6938; 11.7075; 11.7226; 11.7388; 11.7563; 11.7748; 11.7944; 11.8149; 11.8361; 11.8582; 11.8808; 11.904; 11.9276; 11.9516; 11.9757; 12; 12.0243; 12.0484; 12.0724; 12.096; 12.1192; 12.1418; 12.1639; 12.1851; 12.2056; 12.2252; 12.2437; 12.2612; 12.2774; 12.2925; 12.3062; 12.3186; 12.3296; 12.339; 12.347; 12.3534; 12.3582; 12.3615; 12.3631; 12.3631; 
11.6441; 11.6441; 11.6457; 11.6489; 11.6536; 11.6599; 11.6677; 11.677; 11.6878; 11.6999; 11.7134; 11.7281; 11.7441; 11.7612; 11.7793; 11.7985; 11.8185; 11.8394; 11.861; 11.8832; 11.9059; 11.9291; 11.9525; 11.9762; 12; 12.0238; 12.0475; 12.0709; 12.0941; 12.1168; 12.139; 12.1606; 12.1815; 12.2015; 12.2207; 12.2388; 12.2559; 12.2719; 12.2866; 12.3001; 12.3122; 12.323; 12.3323; 12.3401; 12.3464; 12.3511; 12.3543; 12.3559; 12.3559; 
11.6512; 11.6512; 11.6528; 11.6559; 11.6606; 11.6667; 11.6744; 11.6835; 11.694; 11.7059; 11.7191; 11.7335; 11.7492; 11.7659; 11.7837; 11.8025; 11.8222; 11.8426; 11.8638; 11.8855; 11.9078; 11.9305; 11.9535; 11.9767; 12; 12.0233; 12.0465; 12.0695; 12.0922; 12.1145; 12.1362; 12.1574; 12.1778; 12.1975; 12.2163; 12.2341; 12.2508; 12.2665; 12.2809; 12.2941; 12.306; 12.3165; 12.3256; 12.3333; 12.3394; 12.3441; 12.3472; 12.3488; 12.3488; 
11.6582; 11.6582; 11.6597; 11.6628; 11.6673; 11.6734; 11.6809; 11.6898; 11.7001; 11.7117; 11.7247; 11.7388; 11.7542; 11.7706; 11.7881; 11.8065; 11.8257; 11.8458; 11.8665; 11.8878; 11.9096; 11.9319; 11.9544; 11.9772; 12; 12.0228; 12.0456; 12.0681; 12.0904; 12.1122; 12.1335; 12.1542; 12.1743; 12.1935; 12.2119; 12.2294; 12.2458; 12.2612; 12.2753; 12.2883; 12.2999; 12.3102; 12.3191; 12.3266; 12.3327; 12.3372; 12.3403; 12.3418; 12.3418; 
11.665; 11.665; 11.6665; 11.6695; 11.674; 11.6799; 11.6872; 11.696; 11.7061; 11.7175; 11.7302; 11.7441; 11.7591; 11.7752; 11.7923; 11.8103; 11.8292; 11.8488; 11.8692; 11.8901; 11.9115; 11.9332; 11.9553; 11.9776; 12; 12.0224; 12.0447; 12.0668; 12.0885; 12.1099; 12.1308; 12.1512; 12.1708; 12.1897; 12.2077; 12.2248; 12.2409; 12.2559; 12.2698; 12.2825; 12.2939; 12.304; 12.3128; 12.3201; 12.326; 12.3305; 12.3335; 12.335; 12.335; 
11.6717; 11.6717; 11.6732; 11.6761; 11.6805; 11.6863; 11.6935; 11.702; 11.7119; 11.7231; 11.7356; 11.7492; 11.7639; 11.7797; 11.7964; 11.8141; 11.8326; 11.8519; 11.8718; 11.8923; 11.9132; 11.9346; 11.9562; 11.9781; 12; 12.0219; 12.0438; 12.0654; 12.0868; 12.1077; 12.1282; 12.1481; 12.1674; 12.1859; 12.2036; 12.2203; 12.2361; 12.2508; 12.2644; 12.2769; 12.2881; 12.298; 12.3065; 12.3137; 12.3195; 12.3239; 12.3268; 12.3283; 12.3283; 
11.6783; 11.6783; 11.6797; 11.6826; 11.6869; 11.6925; 11.6996; 11.708; 11.7177; 11.7287; 11.7408; 11.7542; 11.7686; 11.7841; 11.8005; 11.8178; 11.8359; 11.8548; 11.8743; 11.8944; 11.915; 11.9359; 11.9571; 11.9785; 12; 12.0215; 12.0429; 12.0641; 12.085; 12.1056; 12.1257; 12.1452; 12.1641; 12.1822; 12.1995; 12.2159; 12.2314; 12.2458; 12.2592; 12.2713; 12.2823; 12.292; 12.3004; 12.3075; 12.3131; 12.3174; 12.3203; 12.3217; 12.3217; 
11.6847; 11.6847; 11.6861; 11.6889; 11.6931; 11.6987; 11.7056; 11.7138; 11.7233; 11.7341; 11.746; 11.7591; 11.7732; 11.7884; 11.8045; 11.8215; 11.8392; 11.8577; 11.8768; 11.8965; 11.9166; 11.9372; 11.9579; 11.9789; 12; 12.0211; 12.0421; 12.0628; 12.0834; 12.1035; 12.1232; 12.1423; 12.1608; 12.1785; 12.1955; 12.2116; 12.2268; 12.2409; 12.254; 12.2659; 12.2767; 12.2862; 12.2944; 12.3013; 12.3069; 12.3111; 12.3139; 12.3153; 12.3153; 
11.691; 11.691; 11.6924; 11.6951; 11.6992; 11.7047; 11.7115; 11.7195; 11.7289; 11.7394; 11.7511; 11.7639; 11.7777; 11.7926; 11.8084; 11.825; 11.8424; 11.8606; 11.8793; 11.8986; 11.9183; 11.9384; 11.9588; 11.9793; 12; 12.0207; 12.0412; 12.0616; 12.0817; 12.1014; 12.1207; 12.1394; 12.1576; 12.175; 12.1916; 12.2074; 12.2223; 12.2361; 12.2489; 12.2606; 12.2711; 12.2805; 12.2885; 12.2953; 12.3008; 12.3049; 12.3076; 12.309; 12.309; 
11.6972; 11.6972; 11.6985; 11.7012; 11.7052; 11.7106; 11.7172; 11.7251; 11.7343; 11.7446; 11.756; 11.7686; 11.7822; 11.7967; 11.8122; 11.8285; 11.8456; 11.8633; 11.8817; 11.9006; 11.9199; 11.9396; 11.9596; 11.9798; 12; 12.0202; 12.0404; 12.0604; 12.0801; 12.0994; 12.1183; 12.1367; 12.1544; 12.1715; 12.1878; 12.2033; 12.2178; 12.2314; 12.244; 12.2554; 12.2657; 12.2749; 12.2828; 12.2894; 12.2948; 12.2988; 12.3015; 12.3028; 12.3028; 
11.7032; 11.7032; 11.7045; 11.7072; 11.7111; 11.7164; 11.7229; 11.7306; 11.7396; 11.7497; 11.7609; 11.7732; 11.7865; 11.8008; 11.816; 11.8319; 11.8487; 11.8661; 11.8841; 11.9026; 11.9215; 11.9408; 11.9604; 11.9802; 12; 12.0198; 12.0396; 12.0592; 12.0785; 12.0974; 12.1159; 12.1339; 12.1513; 12.1681; 12.184; 12.1992; 12.2135; 12.2268; 12.2391; 12.2503; 12.2604; 12.2694; 12.2771; 12.2836; 12.2889; 12.2928; 12.2955; 12.2968; 12.2968; 
11.7091; 11.7091; 11.7104; 11.713; 11.7169; 11.722; 11.7284; 11.736; 11.7448; 11.7547; 11.7657; 11.7777; 11.7908; 11.8048; 11.8196; 11.8353; 11.8517; 11.8687; 11.8864; 11.9045; 11.9231; 11.942; 11.9612; 11.9806; 12; 12.0194; 12.0388; 12.058; 12.0769; 12.0955; 12.1136; 12.1313; 12.1483; 12.1647; 12.1804; 12.1952; 12.2092; 12.2223; 12.2343; 12.2453; 12.2552; 12.264; 12.2716; 12.278; 12.2831; 12.287; 12.2896; 12.2909; 12.2909; 
11.7149; 11.7149; 11.7162; 11.7187; 11.7225; 11.7276; 11.7338; 11.7413; 11.7499; 11.7596; 11.7704; 11.7822; 11.795; 11.8087; 11.8232; 11.8386; 11.8546; 11.8714; 11.8886; 11.9064; 11.9246; 11.9432; 11.962; 11.9809; 12; 12.0191; 12.038; 12.0568; 12.0754; 12.0936; 12.1114; 12.1286; 12.1454; 12.1614; 12.1768; 12.1913; 12.205; 12.2178; 12.2296; 12.2404; 12.2501; 12.2587; 12.2662; 12.2724; 12.2775; 12.2813; 12.2838; 12.2851; 12.2851; 
11.7206; 11.7206; 11.7219; 11.7244; 11.7281; 11.733; 11.7391; 11.7464; 11.7549; 11.7644; 11.7749; 11.7865; 11.7991; 11.8125; 11.8268; 11.8418; 11.8575; 11.8739; 11.8909; 11.9083; 11.9261; 11.9443; 11.9627; 11.9813; 12; 12.0187; 12.0373; 12.0557; 12.0739; 12.0917; 12.1091; 12.1261; 12.1425; 12.1582; 12.1732; 12.1875; 12.2009; 12.2135; 12.2251; 12.2356; 12.2451; 12.2536; 12.2609; 12.267; 12.2719; 12.2756; 12.2781; 12.2794; 12.2794; 
11.7262; 11.7262; 11.7274; 11.7299; 11.7335; 11.7383; 11.7443; 11.7515; 11.7597; 11.7691; 11.7794; 11.7908; 11.8031; 11.8162; 11.8302; 11.845; 11.8604; 11.8764; 11.893; 11.9101; 11.9276; 11.9454; 11.9635; 11.9817; 12; 12.0183; 12.0365; 12.0546; 12.0724; 12.0899; 12.107; 12.1236; 12.1396; 12.155; 12.1698; 12.1838; 12.1969; 12.2092; 12.2206; 12.2309; 12.2403; 12.2485; 12.2557; 12.2617; 12.2665; 12.2701; 12.2726; 12.2738; 12.2738; 
11.7317; 11.7317; 11.7329; 11.7352; 11.7388; 11.7436; 11.7494; 11.7565; 11.7645; 11.7737; 11.7838; 11.795; 11.807; 11.8199; 11.8336; 11.848; 11.8632; 11.8789; 11.8952; 11.9119; 11.9291; 11.9465; 11.9642; 11.9821; 12; 12.0179; 12.0358; 12.0535; 12.0709; 12.0881; 12.1048; 12.1211; 12.1368; 12.152; 12.1664; 12.1801; 12.193; 12.205; 12.2162; 12.2263; 12.2355; 12.2435; 12.2506; 12.2564; 12.2612; 12.2648; 12.2671; 12.2683; 12.2683; 
11.737; 11.737; 11.7382; 11.7405; 11.744; 11.7487; 11.7544; 11.7613; 11.7692; 11.7782; 11.7882; 11.7991; 11.8109; 11.8235; 11.8369; 11.8511; 11.8659; 11.8813; 11.8973; 11.9137; 11.9305; 11.9476; 11.9649; 11.9824; 12; 12.0176; 12.0351; 12.0524; 12.0695; 12.0863; 12.1027; 12.1187; 12.1341; 12.1489; 12.1631; 12.1765; 12.1891; 12.2009; 12.2118; 12.2218; 12.2308; 12.2387; 12.2456; 12.2513; 12.256; 12.2595; 12.2618; 12.263; 12.263; 
11.7423; 11.7423; 11.7434; 11.7457; 11.7491; 11.7537; 11.7593; 11.7661; 11.7738; 11.7826; 11.7924; 11.8031; 11.8146; 11.827; 11.8402; 11.8541; 11.8686; 11.8837; 11.8993; 11.9154; 11.9319; 11.9486; 11.9656; 11.9828; 12; 12.0172; 12.0344; 12.0514; 12.0681; 12.0846; 12.1007; 12.1163; 12.1314; 12.1459; 12.1598; 12.173; 12.1854; 12.1969; 12.2076; 12.2174; 12.2262; 12.2339; 12.2407; 12.2463; 12.2509; 12.2543; 12.2566; 12.2577; 12.2577; 
11.7474; 11.7474; 11.7485; 11.7508; 11.7541; 11.7586; 11.7642; 11.7707; 11.7784; 11.787; 11.7965; 11.807; 11.8183; 11.8305; 11.8434; 11.857; 11.8712; 11.886; 11.9013; 11.9171; 11.9332; 11.9497; 11.9663; 11.9831; 12; 12.0169; 12.0337; 12.0503; 12.0668; 12.0829; 12.0987; 12.114; 12.1288; 12.143; 12.1566; 12.1695; 12.1817; 12.193; 12.2035; 12.213; 12.2216; 12.2293; 12.2358; 12.2414; 12.2459; 12.2492; 12.2515; 12.2526; 12.2526; 
