0; 2.49475
0.05; 2.63208
0.1; 2.63959
0.15; 2.64723
0.2; 2.65479
0.25; 2.66214
0.3; 2.6692
0.35; 2.67594
0.4; 2.68233
0.45; 2.68838
0.5; 2.6941
0.55; 2.69949
0.6; 2.70458
0.65; 2.70939
0.7; 2.71393
0.75; 2.71823
0.8; 2.72231
0.85; 2.72618
0.9; 2.72986
0.95; 2.73336
1; 2.73671
1.05; 2.73991
1.1; 2.74298
1.15; 2.74592
1.2; 2.74875
1.25; 2.75147
1.3; 2.7541
1.35; 2.75664
1.4; 2.7591
1.45; 2.76149
1.5; 2.76381
1.55; 2.76606
1.6; 2.76825
1.65; 2.77038
1.7; 2.77247
1.75; 2.77451
1.8; 2.7765
1.85; 2.77845
1.9; 2.78036
1.95; 2.78223
2; 2.78407
2.05; 2.78587
2.1; 2.78765
2.15; 2.7894
2.2; 2.79111
2.25; 2.79281
2.3; 2.79447
2.35; 2.79612
2.4; 2.79774
2.45; 2.79934
2.5; 2.80092
2.55; 2.80248
2.6; 2.80402
2.65; 2.80554
2.7; 2.80705
2.75; 2.80854
2.8; 2.81001
2.85; 2.81147
2.9; 2.81292
2.95; 2.81435
3; 2.81576
3.05; 2.81717
3.1; 2.81856
3.15; 2.81993
3.2; 2.8213
3.25; 2.82265
3.3; 2.82399
3.35; 2.82532
3.4; 2.82664
3.45; 2.82795
3.5; 2.82925
3.55; 2.83054
3.6; 2.83182
3.65; 2.83309
3.7; 2.83436
3.75; 2.83561
3.8; 2.83685
3.85; 2.83809
3.9; 2.83931
3.95; 2.84053
4; 2.84174
4.05; 2.84294
4.1; 2.84413
4.15; 2.84532
4.2; 2.8465
4.25; 2.84767
4.3; 2.84884
4.35; 2.84999
4.4; 2.85114
4.45; 2.85229
4.5; 2.85342
4.55; 2.85455
4.6; 2.85568
4.65; 2.8568
4.7; 2.85791
4.75; 2.85901
4.8; 2.86011
4.85; 2.8612
4.9; 2.86229
4.95; 2.86337
5; 2.86445
5.05; 2.86552
5.1; 2.86658
5.15; 2.86764
5.2; 2.8687
5.25; 2.86974
5.3; 2.87079
5.35; 2.87183
5.4; 2.87286
5.45; 2.87389
5.5; 2.87491
5.55; 2.87593
5.6; 2.87694
5.65; 2.87795
5.7; 2.87895
5.75; 2.87995
5.8; 2.88095
5.85; 2.88194
5.9; 2.88292
5.95; 2.88391
6; 2.88488
6.05; 2.88586
6.1; 2.88682
6.15; 2.88779
6.2; 2.88875
6.25; 2.8897
6.3; 2.89066
6.35; 2.8916
6.4; 2.89255
6.45; 2.89349
6.5; 2.89442
6.55; 2.89536
6.6; 2.89629
6.65; 2.89721
6.7; 2.89813
6.75; 2.89905
6.8; 2.89996
6.85; 2.90087
6.9; 2.90178
6.95; 2.90268
7; 2.90358
7.05; 2.90448
7.1; 2.90537
7.15; 2.90626
7.2; 2.90714
7.25; 2.90803
7.3; 2.9089
7.35; 2.90978
7.4; 2.91065
7.45; 2.91152
7.5; 2.91239
7.55; 2.91325
7.6; 2.91411
7.65; 2.91496
7.7; 2.91582
7.75; 2.91667
7.8; 2.91751
7.85; 2.91836
7.9; 2.9192
7.95; 2.92004
8; 2.92087
8.05; 2.9217
8.1; 2.92253
8.15; 2.92336
8.2; 2.92418
8.25; 2.925
8.3; 2.92582
8.35; 2.92663
8.4; 2.92745
8.45; 2.92825
8.5; 2.92906
8.55; 2.92986
8.6; 2.93066
8.65; 2.93146
8.7; 2.93226
8.75; 2.93305
8.8; 2.93384
8.85; 2.93463
8.9; 2.93541
8.95; 2.93619
9; 2.93697
9.05; 2.93775
9.1; 2.93852
9.15; 2.93929
9.2; 2.94006
9.25; 2.94083
9.3; 2.94159
9.35; 2.94235
9.4; 2.94311
9.45; 2.94386
9.5; 2.94462
9.55; 2.94537
9.6; 2.94612
9.65; 2.94686
9.7; 2.9476
9.75; 2.94835
9.8; 2.94908
9.85; 2.94982
9.9; 2.95055
9.95; 2.95128
10; 2.95201
10.05; 2.95274
10.1; 2.95346
10.15; 2.95418
10.2; 2.9549
10.25; 2.95562
10.3; 2.95633
10.35; 2.95704
10.4; 2.95775
10.45; 2.95846
10.5; 2.95916
10.55; 2.95987
10.6; 2.96057
10.65; 2.96126
10.7; 2.96196
10.75; 2.96265
10.8; 2.96334
10.85; 2.96403
10.9; 2.96472
10.95; 2.9654
11; 2.96608
11.05; 2.96676
11.1; 2.96744
11.15; 2.96811
11.2; 2.96878
11.25; 2.96945
11.3; 2.97012
11.35; 2.97079
11.4; 2.97145
11.45; 2.97211
11.5; 2.97277
11.55; 2.97342
11.6; 2.97408
11.65; 2.97473
11.7; 2.97538
11.75; 2.97603
11.8; 2.97667
11.85; 2.97731
11.9; 2.97795
11.95; 2.97859
12; 2.97923
12.05; 2.97986
12.1; 2.98049
12.15; 2.98112
12.2; 2.98175
12.25; 2.98237
12.3; 2.983
12.35; 2.98362
12.4; 2.98424
12.45; 2.98485
12.5; 2.98546
12.55; 2.98608
12.6; 2.98669
12.65; 2.98729
12.7; 2.9879
12.75; 2.9885
12.8; 2.9891
12.85; 2.9897
12.9; 2.99029
12.95; 2.99089
13; 2.99148
13.05; 2.99207
13.1; 2.99266
13.15; 2.99324
13.2; 2.99382
13.25; 2.99441
13.3; 2.99498
13.35; 2.99556
13.4; 2.99613
13.45; 2.99671
13.5; 2.99728
13.55; 2.99784
13.6; 2.99841
13.65; 2.99897
13.7; 2.99953
13.75; 3.00009
13.8; 3.00065
13.85; 3.0012
13.9; 3.00175
13.95; 3.0023
14; 3.00285
14.05; 3.0034
14.1; 3.00394
14.15; 3.00448
14.2; 3.00502
14.25; 3.00556
14.3; 3.00609
14.35; 3.00662
14.4; 3.00715
14.45; 3.00768
14.5; 3.00821
14.55; 3.00873
14.6; 3.00925
14.65; 3.00977
14.7; 3.01029
14.75; 3.0108
14.8; 3.01132
14.85; 3.01183
14.9; 3.01234
14.95; 3.01284
15; 3.01335
15.05; 3.01385
15.1; 3.01435
15.15; 3.01484
15.2; 3.01534
15.25; 3.01583
15.3; 3.01632
15.35; 3.01681
15.4; 3.0173
15.45; 3.01778
15.5; 3.01826
15.55; 3.01874
15.6; 3.01922
15.65; 3.0197
15.7; 3.02017
15.75; 3.02064
15.8; 3.02111
15.85; 3.02158
15.9; 3.02204
15.95; 3.0225
16; 3.02296
16.05; 3.02342
16.1; 3.02388
16.15; 3.02433
16.2; 3.02478
16.25; 3.02523
16.3; 3.02567
16.35; 3.02612
16.4; 3.02656
16.45; 3.027
16.5; 3.02744
16.55; 3.02788
16.6; 3.02831
16.65; 3.02874
16.7; 3.02917
16.75; 3.0296
16.8; 3.03002
16.85; 3.03044
16.9; 3.03086
16.95; 3.03128
17; 3.0317
17.05; 3.03211
17.1; 3.03252
17.15; 3.03293
17.2; 3.03334
17.25; 3.03374
17.3; 3.03414
17.35; 3.03454
17.4; 3.03494
17.45; 3.03534
17.5; 3.03573
17.55; 3.03612
17.6; 3.03651
17.65; 3.0369
17.7; 3.03728
17.75; 3.03767
17.8; 3.03805
17.85; 3.03842
17.9; 3.0388
17.95; 3.03917
18; 3.03954
18.05; 3.03991
18.1; 3.04028
18.15; 3.04064
18.2; 3.04101
18.25; 3.04137
18.3; 3.04173
18.35; 3.04208
18.4; 3.04243
18.45; 3.04279
18.5; 3.04313
18.55; 3.04348
18.6; 3.04383
18.65; 3.04417
18.7; 3.04451
18.75; 3.04485
18.8; 3.04518
18.85; 3.04552
18.9; 3.04585
18.95; 3.04618
19; 3.0465
19.05; 3.04683
19.1; 3.04715
19.15; 3.04747
19.2; 3.04779
19.25; 3.0481
19.3; 3.04842
19.35; 3.04873
19.4; 3.04904
19.45; 3.04934
19.5; 3.04965
19.55; 3.04995
19.6; 3.05025
19.65; 3.05055
19.7; 3.05084
19.75; 3.05113
19.8; 3.05143
19.85; 3.05171
19.9; 3.052
19.95; 3.05229
20; 3.05257
20.05; 3.05285
20.1; 3.05312
20.15; 3.0534
20.2; 3.05367
20.25; 3.05394
20.3; 3.05421
20.35; 3.05448
20.4; 3.05474
20.45; 3.055
20.5; 3.05526
20.55; 3.05552
20.6; 3.05578
20.65; 3.05603
20.7; 3.05628
20.75; 3.05653
20.8; 3.05677
20.85; 3.05702
20.9; 3.05726
20.95; 3.0575
21; 3.05774
21.05; 3.05797
21.1; 3.05821
21.15; 3.05844
21.2; 3.05866
21.25; 3.05889
21.3; 3.05911
21.35; 3.05934
21.4; 3.05956
21.45; 3.05977
21.5; 3.05999
21.55; 3.0602
21.6; 3.06041
21.65; 3.06062
21.7; 3.06082
21.75; 3.06103
21.8; 3.06123
21.85; 3.06143
21.9; 3.06163
21.95; 3.06182
22; 3.06201
22.05; 3.0622
22.1; 3.06239
22.15; 3.06258
22.2; 3.06276
22.25; 3.06294
22.3; 3.06312
22.35; 3.0633
22.4; 3.06347
22.45; 3.06365
22.5; 3.06382
22.55; 3.06399
22.6; 3.06415
22.65; 3.06431
22.7; 3.06448
22.75; 3.06464
22.8; 3.06479
22.85; 3.06495
22.9; 3.0651
22.95; 3.06525
23; 3.0654
23.05; 3.06554
23.1; 3.06569
23.15; 3.06583
23.2; 3.06597
23.25; 3.06611
23.3; 3.06624
23.35; 3.06637
23.4; 3.0665
23.45; 3.06663
23.5; 3.06676
23.55; 3.06688
23.6; 3.067
23.65; 3.06712
23.7; 3.06724
23.75; 3.06735
23.8; 3.06747
23.85; 3.06758
23.9; 3.06769
23.95; 3.06779
24; 3.0679
24.05; 3.068
24.1; 3.0681
24.15; 3.06819
24.2; 3.06829
24.25; 3.06838
24.3; 3.06847
24.35; 3.06856
24.4; 3.06865
24.45; 3.06873
24.5; 3.06881
24.55; 3.06889
24.6; 3.06897
24.65; 3.06905
24.7; 3.06912
24.75; 3.06919
24.8; 3.06926
24.85; 3.06932
24.9; 3.06939
24.95; 3.06945
25; 3.06951
25.05; 3.06957
25.1; 3.06962
25.15; 3.06968
25.2; 3.06973
25.25; 3.06978
25.3; 3.06982
25.35; 3.06987
25.4; 3.06991
25.45; 3.06995
25.5; 3.06999
25.55; 3.07003
25.6; 3.07006
25.65; 3.07009
25.7; 3.07012
25.75; 3.07015
25.8; 3.07017
25.85; 3.0702
25.9; 3.07022
25.95; 3.07024
26; 3.07025
26.05; 3.07027
26.1; 3.07028
26.15; 3.07029
26.2; 3.0703
26.25; 3.0703
26.3; 3.07031
26.35; 3.07031
26.4; 3.07031
26.45; 3.0703
26.5; 3.0703
26.55; 3.07029
26.6; 3.07028
26.65; 3.07027
26.7; 3.07026
26.75; 3.07024
26.8; 3.07022
26.85; 3.0702
26.9; 3.07018
26.95; 3.07016
27; 3.07013
27.05; 3.0701
27.1; 3.07007
27.15; 3.07004
27.2; 3.07
27.25; 3.06997
27.3; 3.06993
27.35; 3.06989
27.4; 3.06984
27.45; 3.0698
27.5; 3.06975
27.55; 3.0697
27.6; 3.06965
27.65; 3.06959
27.7; 3.06954
27.75; 3.06948
27.8; 3.06942
27.85; 3.06936
27.9; 3.06929
27.95; 3.06922
28; 3.06916
28.05; 3.06908
28.1; 3.06901
28.15; 3.06894
28.2; 3.06886
28.25; 3.06878
28.3; 3.0687
28.35; 3.06862
28.4; 3.06853
28.45; 3.06844
28.5; 3.06835
28.55; 3.06826
28.6; 3.06817
28.65; 3.06807
28.7; 3.06797
28.75; 3.06787
28.8; 3.06777
28.85; 3.06767
28.9; 3.06756
28.95; 3.06745
29; 3.06734
29.05; 3.06723
29.1; 3.06711
29.15; 3.067
29.2; 3.06688
29.25; 3.06676
29.3; 3.06663
29.35; 3.06651
29.4; 3.06638
29.45; 3.06625
29.5; 3.06612
29.55; 3.06599
29.6; 3.06585
29.65; 3.06572
29.7; 3.06558
29.75; 3.06544
29.8; 3.06529
29.85; 3.06515
29.9; 3.065
29.95; 3.06485
30; 3.0647
30.05; 3.06455
30.1; 3.06439
30.15; 3.06423
30.2; 3.06407
30.25; 3.06391
30.3; 3.06375
30.35; 3.06358
30.4; 3.06341
30.45; 3.06324
30.5; 3.06307
30.55; 3.0629
30.6; 3.06272
30.65; 3.06255
30.7; 3.06237
30.75; 3.06218
30.8; 3.062
30.85; 3.06181
30.9; 3.06163
30.95; 3.06144
31; 3.06125
31.05; 3.06105
31.1; 3.06086
31.15; 3.06066
31.2; 3.06046
31.25; 3.06026
31.3; 3.06005
31.35; 3.05985
31.4; 3.05964
31.45; 3.05943
31.5; 3.05922
31.55; 3.05901
31.6; 3.05879
31.65; 3.05857
31.7; 3.05835
31.75; 3.05813
31.8; 3.05791
31.85; 3.05768
31.9; 3.05746
31.95; 3.05723
32; 3.057
32.05; 3.05676
32.1; 3.05653
32.15; 3.05629
32.2; 3.05605
32.25; 3.05581
32.3; 3.05557
32.35; 3.05532
32.4; 3.05508
32.45; 3.05483
32.5; 3.05458
32.55; 3.05433
32.6; 3.05407
32.65; 3.05382
32.7; 3.05356
32.75; 3.0533
32.8; 3.05303
32.85; 3.05277
32.9; 3.05251
32.95; 3.05224
33; 3.05197
33.05; 3.0517
33.1; 3.05142
33.15; 3.05115
33.2; 3.05087
33.25; 3.05059
33.3; 3.05031
33.35; 3.05003
33.4; 3.04974
33.45; 3.04946
33.5; 3.04917
33.55; 3.04888
33.6; 3.04858
33.65; 3.04829
33.7; 3.04799
33.75; 3.0477
33.8; 3.0474
33.85; 3.04709
33.9; 3.04679
33.95; 3.04649
34; 3.04618
34.05; 3.04587
34.1; 3.04556
34.15; 3.04525
34.2; 3.04493
34.25; 3.04461
34.3; 3.0443
34.35; 3.04398
34.4; 3.04365
34.45; 3.04333
34.5; 3.043
34.55; 3.04268
34.6; 3.04235
34.65; 3.04202
34.7; 3.04168
34.75; 3.04135
34.8; 3.04101
34.85; 3.04067
34.9; 3.04033
34.95; 3.03999
35; 3.03965
35.05; 3.0393
35.1; 3.03895
35.15; 3.0386
35.2; 3.03825
35.25; 3.0379
35.3; 3.03755
35.35; 3.03719
35.4; 3.03683
35.45; 3.03647
35.5; 3.03611
35.55; 3.03574
35.6; 3.03538
35.65; 3.03501
35.7; 3.03464
35.75; 3.03427
35.8; 3.0339
35.85; 3.03352
35.9; 3.03315
35.95; 3.03277
36; 3.03239
36.05; 3.03201
36.1; 3.03163
36.15; 3.03124
36.2; 3.03085
36.25; 3.03047
36.3; 3.03008
36.35; 3.02968
36.4; 3.02929
36.45; 3.02889
36.5; 3.0285
36.55; 3.0281
36.6; 3.0277
36.65; 3.0273
36.7; 3.02689
36.75; 3.02649
36.8; 3.02608
36.85; 3.02567
36.9; 3.02526
36.95; 3.02484
37; 3.02443
37.05; 3.02401
37.1; 3.0236
37.15; 3.02318
37.2; 3.02275
37.25; 3.02233
37.3; 3.02191
37.35; 3.02148
37.4; 3.02105
37.45; 3.02062
37.5; 3.02019
37.55; 3.01976
37.6; 3.01932
37.65; 3.01889
37.7; 3.01845
37.75; 3.01801
37.8; 3.01757
37.85; 3.01712
37.9; 3.01668
37.95; 3.01623
38; 3.01578
38.05; 3.01533
38.1; 3.01488
38.15; 3.01443
38.2; 3.01397
38.25; 3.01352
38.3; 3.01306
38.35; 3.0126
38.4; 3.01214
38.45; 3.01168
38.5; 3.01121
38.55; 3.01074
38.6; 3.01028
38.65; 3.00981
38.7; 3.00934
38.75; 3.00886
38.8; 3.00839
38.85; 3.00791
38.9; 3.00743
38.95; 3.00695
39; 3.00647
39.05; 3.00599
39.1; 3.00551
39.15; 3.00502
39.2; 3.00453
39.25; 3.00404
39.3; 3.00355
39.35; 3.00306
39.4; 3.00257
39.45; 3.00207
39.5; 3.00157
39.55; 3.00108
39.6; 3.00058
39.65; 3.00007
39.7; 2.99957
39.75; 2.99907
39.8; 2.99856
39.85; 2.99805
39.9; 2.99754
39.95; 2.99703
40; 2.99652
40.05; 2.996
40.1; 2.99549
40.15; 2.99497
40.2; 2.99445
40.25; 2.99393
40.3; 2.99341
40.35; 2.99288
40.4; 2.99236
40.45; 2.99183
40.5; 2.9913
40.55; 2.99077
40.6; 2.99024
40.65; 2.98971
40.7; 2.98918
40.75; 2.98864
40.8; 2.9881
40.85; 2.98756
40.9; 2.98702
40.95; 2.98648
41; 2.98594
41.05; 2.98539
41.1; 2.98484
41.15; 2.9843
41.2; 2.98375
41.25; 2.9832
41.3; 2.98264
41.35; 2.98209
41.4; 2.98153
41.45; 2.98098
41.5; 2.98042
41.55; 2.97986
41.6; 2.9793
41.65; 2.97873
41.7; 2.97817
41.75; 2.9776
41.8; 2.97704
41.85; 2.97647
41.9; 2.9759
41.95; 2.97532
42; 2.97475
42.05; 2.97418
42.1; 2.9736
42.15; 2.97302
42.2; 2.97244
42.25; 2.97186
42.3; 2.97128
42.35; 2.9707
42.4; 2.97011
42.45; 2.96953
42.5; 2.96894
42.55; 2.96835
42.6; 2.96776
42.65; 2.96717
42.7; 2.96657
42.75; 2.96598
42.8; 2.96538
42.85; 2.96478
42.9; 2.96418
42.95; 2.96358
43; 2.96298
43.05; 2.96238
43.1; 2.96177
43.15; 2.96117
43.2; 2.96056
43.25; 2.95995
43.3; 2.95934
43.35; 2.95873
43.4; 2.95812
43.45; 2.9575
43.5; 2.95689
43.55; 2.95627
43.6; 2.95565
43.65; 2.95503
43.7; 2.95441
43.75; 2.95378
43.8; 2.95316
43.85; 2.95253
43.9; 2.95191
43.95; 2.95128
44; 2.95065
44.05; 2.95002
44.1; 2.94939
44.15; 2.94875
44.2; 2.94812
44.25; 2.94748
44.3; 2.94684
44.35; 2.9462
44.4; 2.94556
44.45; 2.94492
44.5; 2.94428
44.55; 2.94363
44.6; 2.94299
44.65; 2.94234
44.7; 2.94169
44.75; 2.94104
44.8; 2.94039
44.85; 2.93974
44.9; 2.93908
44.95; 2.93843
45; 2.93777
45.05; 2.93712
45.1; 2.93646
45.15; 2.9358
45.2; 2.93513
45.25; 2.93447
45.3; 2.93381
45.35; 2.93314
45.4; 2.93247
45.45; 2.93181
45.5; 2.93114
45.55; 2.93047
45.6; 2.92979
45.65; 2.92912
45.7; 2.92845
45.75; 2.92777
45.8; 2.92709
45.85; 2.92642
45.9; 2.92574
45.95; 2.92506
46; 2.92437
46.05; 2.92369
46.1; 2.92301
46.15; 2.92232
46.2; 2.92163
46.25; 2.92094
46.3; 2.92025
46.35; 2.91956
46.4; 2.91887
46.45; 2.91818
46.5; 2.91748
46.55; 2.91679
46.6; 2.91609
46.65; 2.91539
46.7; 2.91469
46.75; 2.91399
46.8; 2.91329
46.85; 2.91259
46.9; 2.91188
46.95; 2.91118
47; 2.91047
47.05; 2.90976
47.1; 2.90905
47.15; 2.90834
47.2; 2.90763
47.25; 2.90692
47.3; 2.9062
47.35; 2.90549
47.4; 2.90477
47.45; 2.90405
47.5; 2.90334
47.55; 2.90262
47.6; 2.90189
47.65; 2.90117
47.7; 2.90045
47.75; 2.89972
47.8; 2.899
47.85; 2.89827
47.9; 2.89754
47.95; 2.89681
48; 2.89608
48.05; 2.89535
48.1; 2.89462
48.15; 2.89388
48.2; 2.89315
48.25; 2.89241
48.3; 2.89167
48.35; 2.89094
48.4; 2.8902
48.45; 2.88946
48.5; 2.88871
48.55; 2.88797
48.6; 2.88723
48.65; 2.88648
48.7; 2.88573
48.75; 2.88499
48.8; 2.88424
48.85; 2.88349
48.9; 2.88274
48.95; 2.88198
49; 2.88123
49.05; 2.88048
49.1; 2.87972
49.15; 2.87896
49.2; 2.87821
49.25; 2.87745
49.3; 2.87669
49.35; 2.87593
49.4; 2.87516
49.45; 2.8744
49.5; 2.87364
49.55; 2.87287
49.6; 2.8721
49.65; 2.87134
49.7; 2.87057
49.75; 2.8698
49.8; 2.86903
49.85; 2.86826
49.9; 2.86748
49.95; 2.86671
50; 2.86593
50.05; 2.86516
50.1; 2.86438
50.15; 2.8636
50.2; 2.86282
50.25; 2.86204
50.3; 2.86126
50.35; 2.86048
50.4; 2.85969
50.45; 2.85891
50.5; 2.85812
50.55; 2.85734
50.6; 2.85655
50.65; 2.85576
50.7; 2.85497
50.75; 2.85418
50.8; 2.85339
50.85; 2.8526
50.9; 2.8518
50.95; 2.85101
51; 2.85021
51.05; 2.84941
51.1; 2.84862
51.15; 2.84782
51.2; 2.84702
51.25; 2.84622
51.3; 2.84541
51.35; 2.84461
51.4; 2.84381
51.45; 2.843
51.5; 2.8422
51.55; 2.84139
51.6; 2.84058
51.65; 2.83977
51.7; 2.83896
51.75; 2.83815
51.8; 2.83734
51.85; 2.83653
51.9; 2.83571
51.95; 2.8349
52; 2.83408
52.05; 2.83326
52.1; 2.83245
52.15; 2.83163
52.2; 2.83081
52.25; 2.82999
52.3; 2.82916
52.35; 2.82834
52.4; 2.82752
52.45; 2.82669
52.5; 2.82587
52.55; 2.82504
52.6; 2.82421
52.65; 2.82339
52.7; 2.82256
52.75; 2.82173
52.8; 2.82089
52.85; 2.82006
52.9; 2.81923
52.95; 2.8184
53; 2.81756
53.05; 2.81672
53.1; 2.81589
53.15; 2.81505
53.2; 2.81421
53.25; 2.81337
53.3; 2.81253
53.35; 2.81169
53.4; 2.81085
53.45; 2.81
53.5; 2.80916
53.55; 2.80832
53.6; 2.80747
53.65; 2.80662
53.7; 2.80577
53.75; 2.80493
53.8; 2.80408
53.85; 2.80323
53.9; 2.80237
53.95; 2.80152
54; 2.80067
54.05; 2.79982
54.1; 2.79896
54.15; 2.7981
54.2; 2.79725
54.25; 2.79639
54.3; 2.79553
54.35; 2.79467
54.4; 2.79381
54.45; 2.79295
54.5; 2.79209
54.55; 2.79123
54.6; 2.79036
54.65; 2.7895
54.7; 2.78863
54.75; 2.78777
54.8; 2.7869
54.85; 2.78603
54.9; 2.78516
54.95; 2.7843
55; 2.78342
55.05; 2.78255
55.1; 2.78168
55.15; 2.78081
55.2; 2.77994
55.25; 2.77906
55.3; 2.77819
55.35; 2.77731
55.4; 2.77643
55.45; 2.77555
55.5; 2.77468
55.55; 2.7738
55.6; 2.77292
55.65; 2.77203
55.7; 2.77115
55.75; 2.77027
55.8; 2.76939
55.85; 2.7685
55.9; 2.76762
55.95; 2.76673
56; 2.76584
56.05; 2.76496
56.1; 2.76407
56.15; 2.76318
56.2; 2.76229
56.25; 2.7614
56.3; 2.76051
56.35; 2.75961
56.4; 2.75872
56.45; 2.75783
56.5; 2.75693
56.55; 2.75604
56.6; 2.75514
56.65; 2.75424
56.7; 2.75335
56.75; 2.75245
56.8; 2.75155
56.85; 2.75065
56.9; 2.74975
56.95; 2.74885
57; 2.74794
57.05; 2.74704
57.1; 2.74614
57.15; 2.74523
57.2; 2.74433
57.25; 2.74342
57.3; 2.74251
57.35; 2.74161
57.4; 2.7407
57.45; 2.73979
57.5; 2.73888
57.55; 2.73797
57.6; 2.73706
57.65; 2.73615
57.7; 2.73523
57.75; 2.73432
57.8; 2.73341
57.85; 2.73249
57.9; 2.73158
57.95; 2.73066
58; 2.72974
58.05; 2.72882
58.1; 2.72791
58.15; 2.72699
58.2; 2.72607
58.25; 2.72515
58.3; 2.72422
58.35; 2.7233
58.4; 2.72238
58.45; 2.72146
58.5; 2.72053
58.55; 2.71961
58.6; 2.71868
58.65; 2.71776
58.7; 2.71683
58.75; 2.7159
58.8; 2.71497
58.85; 2.71404
58.9; 2.71311
58.95; 2.71218
59; 2.71125
59.05; 2.71032
59.1; 2.70939
59.15; 2.70846
59.2; 2.70752
59.25; 2.70659
59.3; 2.70565
59.35; 2.70472
59.4; 2.70378
59.45; 2.70284
59.5; 2.70191
59.55; 2.70097
59.6; 2.70003
59.65; 2.69909
59.7; 2.69815
59.75; 2.69721
59.8; 2.69627
59.85; 2.69532
59.9; 2.69438
59.95; 2.69344
60; 2.69249
60.05; 2.69155
60.1; 2.6906
60.15; 2.68966
60.2; 2.68871
60.25; 2.68776
60.3; 2.68681
60.35; 2.68587
60.4; 2.68492
60.45; 2.68397
60.5; 2.68302
60.55; 2.68207
60.6; 2.68111
60.65; 2.68016
60.7; 2.67921
60.75; 2.67826
60.8; 2.6773
60.85; 2.67635
60.9; 2.67539
60.95; 2.67444
61; 2.67348
61.05; 2.67252
61.1; 2.67156
61.15; 2.67061
61.2; 2.66965
61.25; 2.66869
61.3; 2.66773
61.35; 2.66677
61.4; 2.6658
61.45; 2.66484
61.5; 2.66388
61.55; 2.66292
61.6; 2.66195
61.65; 2.66099
61.7; 2.66002
61.75; 2.65906
61.8; 2.65809
61.85; 2.65713
61.9; 2.65616
61.95; 2.65519
62; 2.65422
62.05; 2.65326
62.1; 2.65229
62.15; 2.65132
62.2; 2.65035
62.25; 2.64937
62.3; 2.6484
62.35; 2.64743
62.4; 2.64646
62.45; 2.64549
62.5; 2.64451
62.55; 2.64354
62.6; 2.64256
62.65; 2.64159
62.7; 2.64061
62.75; 2.63963
62.8; 2.63866
62.85; 2.63768
62.9; 2.6367
62.95; 2.63572
63; 2.63474
63.05; 2.63376
63.1; 2.63278
63.15; 2.6318
63.2; 2.63082
63.25; 2.62984
63.3; 2.62886
63.35; 2.62788
63.4; 2.62689
63.45; 2.62591
63.5; 2.62492
63.55; 2.62394
63.6; 2.62295
63.65; 2.62197
63.7; 2.62098
63.75; 2.62
63.8; 2.61901
63.85; 2.61802
63.9; 2.61703
63.95; 2.61604
64; 2.61505
64.05; 2.61406
64.1; 2.61307
64.15; 2.61208
64.2; 2.61109
64.25; 2.6101
64.3; 2.60911
64.35; 2.60811
64.4; 2.60712
64.45; 2.60613
64.5; 2.60513
64.55; 2.60414
64.6; 2.60314
64.65; 2.60215
64.7; 2.60115
64.75; 2.60016
64.8; 2.59916
64.85; 2.59816
64.9; 2.59716
64.95; 2.59616
65; 2.59517
65.05; 2.59417
65.1; 2.59317
65.15; 2.59217
65.2; 2.59117
65.25; 2.59016
65.3; 2.58916
65.35; 2.58816
65.4; 2.58716
65.45; 2.58616
65.5; 2.58515
65.55; 2.58415
65.6; 2.58314
65.65; 2.58214
65.7; 2.58113
65.75; 2.58013
65.8; 2.57912
65.85; 2.57812
65.9; 2.57711
65.95; 2.5761
66; 2.5751
66.05; 2.57409
66.1; 2.57308
66.15; 2.57207
66.2; 2.57106
66.25; 2.57005
66.3; 2.56904
66.35; 2.56803
66.4; 2.56702
66.45; 2.56601
66.5; 2.565
66.55; 2.56398
66.6; 2.56297
66.65; 2.56196
66.7; 2.56094
66.75; 2.55993
66.8; 2.55892
66.85; 2.5579
66.9; 2.55689
66.95; 2.55587
67; 2.55485
67.05; 2.55384
67.1; 2.55282
67.15; 2.5518
67.2; 2.55079
67.25; 2.54977
67.3; 2.54875
67.35; 2.54773
67.4; 2.54671
67.45; 2.54569
67.5; 2.54467
67.55; 2.54365
67.6; 2.54263
67.65; 2.54161
67.7; 2.54059
67.75; 2.53957
67.8; 2.53855
67.85; 2.53753
67.9; 2.5365
67.95; 2.53548
68; 2.53446
68.05; 2.53343
68.1; 2.53241
68.15; 2.53138
68.2; 2.53036
68.25; 2.52933
68.3; 2.52831
68.35; 2.52728
68.4; 2.52626
68.45; 2.52523
68.5; 2.5242
68.55; 2.52318
68.6; 2.52215
68.65; 2.52112
68.7; 2.52009
68.75; 2.51906
68.8; 2.51803
68.85; 2.517
68.9; 2.51597
68.95; 2.51494
69; 2.51391
69.05; 2.51288
69.1; 2.51185
69.15; 2.51082
69.2; 2.50979
69.25; 2.50876
69.3; 2.50773
69.35; 2.50669
69.4; 2.50566
69.45; 2.50463
69.5; 2.50359
69.55; 2.50256
69.6; 2.50152
69.65; 2.50049
69.7; 2.49945
69.75; 2.49842
69.8; 2.49738
69.85; 2.49635
69.9; 2.49531
69.95; 2.49428
70; 2.49324
70.05; 2.4922
70.1; 2.49116
70.15; 2.49013
70.2; 2.48909
70.25; 2.48805
70.3; 2.48701
70.35; 2.48597
70.4; 2.48493
70.45; 2.4839
70.5; 2.48286
70.55; 2.48182
70.6; 2.48078
70.65; 2.47974
70.7; 2.47869
70.75; 2.47765
70.8; 2.47661
70.85; 2.47557
70.9; 2.47453
70.95; 2.47349
71; 2.47244
71.05; 2.4714
71.1; 2.47036
71.15; 2.46931
71.2; 2.46827
71.25; 2.46723
71.3; 2.46618
71.35; 2.46514
71.4; 2.46409
71.45; 2.46305
71.5; 2.462
71.55; 2.46096
71.6; 2.45991
71.65; 2.45887
71.7; 2.45782
71.75; 2.45677
71.8; 2.45573
71.85; 2.45468
71.9; 2.45363
71.95; 2.45259
72; 2.45154
72.05; 2.45049
72.1; 2.44944
72.15; 2.44839
72.2; 2.44735
72.25; 2.4463
72.3; 2.44525
72.35; 2.4442
72.4; 2.44315
72.45; 2.4421
72.5; 2.44105
72.55; 2.44
72.6; 2.43895
72.65; 2.4379
72.7; 2.43685
72.75; 2.4358
72.8; 2.43474
72.85; 2.43369
72.9; 2.43264
72.95; 2.43159
73; 2.43054
73.05; 2.42948
73.1; 2.42843
73.15; 2.42738
73.2; 2.42633
73.25; 2.42527
73.3; 2.42422
73.35; 2.42316
73.4; 2.42211
73.45; 2.42106
73.5; 2.42
73.55; 2.41895
73.6; 2.41789
73.65; 2.41684
73.7; 2.41578
73.75; 2.41473
73.8; 2.41367
73.85; 2.41262
73.9; 2.41156
73.95; 2.4105
74; 2.40945
74.05; 2.40839
74.1; 2.40733
74.15; 2.40628
74.2; 2.40522
74.25; 2.40416
74.3; 2.4031
74.35; 2.40205
74.4; 2.40099
74.45; 2.39993
74.5; 2.39887
74.55; 2.39781
74.6; 2.39675
74.65; 2.3957
74.7; 2.39464
74.75; 2.39358
74.8; 2.39252
74.85; 2.39146
74.9; 2.3904
74.95; 2.38934
75; 2.38828
75.05; 2.38722
75.1; 2.38616
75.15; 2.3851
75.2; 2.38404
75.25; 2.38298
75.3; 2.38192
75.35; 2.38086
75.4; 2.37979
75.45; 2.37873
75.5; 2.37767
75.55; 2.37661
75.6; 2.37555
75.65; 2.37448
75.7; 2.37342
75.75; 2.37236
75.8; 2.3713
75.85; 2.37024
75.9; 2.36917
75.95; 2.36811
76; 2.36705
76.05; 2.36598
76.1; 2.36492
76.15; 2.36386
76.2; 2.36279
76.25; 2.36173
76.3; 2.36066
76.35; 2.3596
76.4; 2.35854
76.45; 2.35747
76.5; 2.35641
76.55; 2.35534
76.6; 2.35428
76.65; 2.35321
76.7; 2.35215
76.75; 2.35108
76.8; 2.35002
76.85; 2.34895
76.9; 2.34789
76.95; 2.34682
77; 2.34576
77.05; 2.34469
77.1; 2.34362
77.15; 2.34256
77.2; 2.34149
77.25; 2.34043
77.3; 2.33936
77.35; 2.33829
77.4; 2.33723
77.45; 2.33616
77.5; 2.33509
77.55; 2.33403
77.6; 2.33296
77.65; 2.33189
77.7; 2.33082
77.75; 2.32976
77.8; 2.32869
77.85; 2.32762
77.9; 2.32655
77.95; 2.32549
78; 2.32442
78.05; 2.32335
78.1; 2.32228
78.15; 2.32121
78.2; 2.32015
78.25; 2.31908
78.3; 2.31801
78.35; 2.31694
78.4; 2.31587
78.45; 2.3148
78.5; 2.31373
78.55; 2.31267
78.6; 2.3116
78.65; 2.31053
78.7; 2.30946
78.75; 2.30839
78.8; 2.30732
78.85; 2.30625
78.9; 2.30518
78.95; 2.30411
79; 2.30304
79.05; 2.30197
79.1; 2.3009
79.15; 2.29983
79.2; 2.29876
79.25; 2.29769
79.3; 2.29662
79.35; 2.29555
79.4; 2.29448
79.45; 2.29341
79.5; 2.29234
79.55; 2.29127
79.6; 2.2902
79.65; 2.28913
79.7; 2.28806
79.75; 2.28699
79.8; 2.28592
79.85; 2.28485
79.9; 2.28378
79.95; 2.28271
80; 2.28164
80.05; 2.28057
80.1; 2.2795
80.15; 2.27842
80.2; 2.27735
80.25; 2.27628
80.3; 2.27521
80.35; 2.27414
80.4; 2.27307
80.45; 2.272
80.5; 2.27093
80.55; 2.26985
80.6; 2.26878
80.65; 2.26771
80.7; 2.26664
80.75; 2.26557
80.8; 2.2645
80.85; 2.26343
80.9; 2.26235
80.95; 2.26128
81; 2.26021
81.05; 2.25914
81.1; 2.25807
81.15; 2.257
81.2; 2.25592
81.25; 2.25485
81.3; 2.25378
81.35; 2.25271
81.4; 2.25164
81.45; 2.25056
81.5; 2.24949
81.55; 2.24842
81.6; 2.24735
81.65; 2.24628
81.7; 2.2452
81.75; 2.24413
81.8; 2.24306
81.85; 2.24199
81.9; 2.24092
81.95; 2.23984
82; 2.23877
82.05; 2.2377
82.1; 2.23663
82.15; 2.23556
82.2; 2.23448
82.25; 2.23341
82.3; 2.23234
82.35; 2.23127
82.4; 2.2302
82.45; 2.22912
82.5; 2.22805
82.55; 2.22698
82.6; 2.22591
82.65; 2.22483
82.7; 2.22376
82.75; 2.22269
82.8; 2.22162
82.85; 2.22055
82.9; 2.21947
82.95; 2.2184
83; 2.21733
83.05; 2.21626
83.1; 2.21519
83.15; 2.21411
83.2; 2.21304
83.25; 2.21197
83.3; 2.2109
83.35; 2.20983
83.4; 2.20875
83.45; 2.20768
83.5; 2.20661
83.55; 2.20554
83.6; 2.20446
83.65; 2.20339
83.7; 2.20232
83.75; 2.20125
83.8; 2.20018
83.85; 2.19911
83.9; 2.19803
83.95; 2.19696
84; 2.19589
84.05; 2.19482
84.1; 2.19375
84.15; 2.19267
84.2; 2.1916
84.25; 2.19053
84.3; 2.18946
84.35; 2.18839
84.4; 2.18732
84.45; 2.18625
84.5; 2.18517
84.55; 2.1841
84.6; 2.18303
84.65; 2.18196
84.7; 2.18089
84.75; 2.17982
84.8; 2.17875
84.85; 2.17767
84.9; 2.1766
84.95; 2.17553
85; 2.17446
85.05; 2.17339
85.1; 2.17232
85.15; 2.17125
85.2; 2.17018
85.25; 2.16911
85.3; 2.16804
85.35; 2.16696
85.4; 2.16589
85.45; 2.16482
85.5; 2.16375
85.55; 2.16268
85.6; 2.16161
85.65; 2.16054
85.7; 2.15947
85.75; 2.1584
85.8; 2.15733
85.85; 2.15626
85.9; 2.15519
85.95; 2.15412
86; 2.15305
86.05; 2.15198
86.1; 2.15091
86.15; 2.14984
86.2; 2.14877
86.25; 2.1477
86.3; 2.14663
86.35; 2.14556
86.4; 2.14449
86.45; 2.14342
86.5; 2.14235
86.55; 2.14128
86.6; 2.14021
86.65; 2.13915
86.7; 2.13808
86.75; 2.13701
86.8; 2.13594
86.85; 2.13487
86.9; 2.1338
86.95; 2.13273
87; 2.13166
87.05; 2.1306
87.1; 2.12953
87.15; 2.12846
87.2; 2.12739
87.25; 2.12632
87.3; 2.12525
87.35; 2.12419
87.4; 2.12312
87.45; 2.12205
87.5; 2.12098
87.55; 2.11991
87.6; 2.11885
87.65; 2.11778
87.7; 2.11671
87.75; 2.11564
87.8; 2.11458
87.85; 2.11351
87.9; 2.11244
87.95; 2.11138
88; 2.11031
88.05; 2.10924
88.1; 2.10818
88.15; 2.10711
88.2; 2.10604
88.25; 2.10498
88.3; 2.10391
88.35; 2.10284
88.4; 2.10178
88.45; 2.10071
88.5; 2.09965
88.55; 2.09858
88.6; 2.09751
88.65; 2.09645
88.7; 2.09538
88.75; 2.09432
88.8; 2.09325
88.85; 2.09219
88.9; 2.09112
88.95; 2.09006
89; 2.08899
89.05; 2.08793
89.1; 2.08686
89.15; 2.0858
89.2; 2.08473
89.25; 2.08367
89.3; 2.08261
89.35; 2.08154
89.4; 2.08048
89.45; 2.07941
89.5; 2.07835
89.55; 2.07729
89.6; 2.07622
89.65; 2.07516
89.7; 2.0741
89.75; 2.07303
89.8; 2.07197
89.85; 2.07091
89.9; 2.06984
89.95; 2.06878
90; 2.06772
90.05; 2.06666
90.1; 2.06559
90.15; 2.06453
90.2; 2.06347
90.25; 2.06241
90.3; 2.06135
90.35; 2.06029
90.4; 2.05922
90.45; 2.05816
90.5; 2.0571
90.55; 2.05604
90.6; 2.05498
90.65; 2.05392
90.7; 2.05286
90.75; 2.0518
90.8; 2.05074
90.85; 2.04968
90.9; 2.04862
90.95; 2.04756
91; 2.0465
91.05; 2.04544
91.1; 2.04438
91.15; 2.04332
91.2; 2.04226
91.25; 2.0412
91.3; 2.04014
91.35; 2.03908
91.4; 2.03802
91.45; 2.03696
91.5; 2.03591
91.55; 2.03485
91.6; 2.03379
91.65; 2.03273
91.7; 2.03167
91.75; 2.03062
91.8; 2.02956
91.85; 2.0285
91.9; 2.02744
91.95; 2.02639
92; 2.02533
92.05; 2.02427
92.1; 2.02322
92.15; 2.02216
92.2; 2.0211
92.25; 2.02005
92.3; 2.01899
92.35; 2.01794
92.4; 2.01688
92.45; 2.01582
92.5; 2.01477
92.55; 2.01371
92.6; 2.01266
92.65; 2.0116
92.7; 2.01055
92.75; 2.00949
92.8; 2.00844
92.85; 2.00739
92.9; 2.00633
92.95; 2.00528
93; 2.00422
93.05; 2.00317
93.1; 2.00212
93.15; 2.00106
93.2; 2.00001
93.25; 1.99896
93.3; 1.99791
93.35; 1.99685
93.4; 1.9958
93.45; 1.99475
93.5; 1.9937
93.55; 1.99264
93.6; 1.99159
93.65; 1.99054
93.7; 1.98949
93.75; 1.98844
93.8; 1.98739
93.85; 1.98634
93.9; 1.98529
93.95; 1.98424
94; 1.98319
94.05; 1.98213
94.1; 1.98109
94.15; 1.98004
94.2; 1.97899
94.25; 1.97794
94.3; 1.97689
94.35; 1.97584
94.4; 1.97479
94.45; 1.97374
94.5; 1.97269
94.55; 1.97164
94.6; 1.9706
94.65; 1.96955
94.7; 1.9685
94.75; 1.96745
94.8; 1.96641
94.85; 1.96536
94.9; 1.96431
94.95; 1.96326
95; 1.96222
95.05; 1.96117
95.1; 1.96012
95.15; 1.95908
95.2; 1.95803
95.25; 1.95699
95.3; 1.95594
95.35; 1.9549
95.4; 1.95385
95.45; 1.95281
95.5; 1.95176
95.55; 1.95072
95.6; 1.94967
95.65; 1.94863
95.7; 1.94759
95.75; 1.94654
95.8; 1.9455
95.85; 1.94446
95.9; 1.94341
95.95; 1.94237
96; 1.94133
96.05; 1.94028
96.1; 1.93924
96.15; 1.9382
96.2; 1.93716
96.25; 1.93612
96.3; 1.93507
96.35; 1.93403
96.4; 1.93299
96.45; 1.93195
96.5; 1.93091
96.55; 1.92987
96.6; 1.92883
96.65; 1.92779
96.7; 1.92675
96.75; 1.92571
96.8; 1.92467
96.85; 1.92363
96.9; 1.92259
96.95; 1.92156
97; 1.92052
97.05; 1.91948
97.1; 1.91844
97.15; 1.9174
97.2; 1.91636
97.25; 1.91533
97.3; 1.91429
97.35; 1.91325
97.4; 1.91222
97.45; 1.91118
97.5; 1.91014
97.55; 1.90911
97.6; 1.90807
97.65; 1.90704
97.7; 1.906
97.75; 1.90496
97.8; 1.90393
97.85; 1.9029
97.9; 1.90186
97.95; 1.90083
98; 1.89979
98.05; 1.89876
98.1; 1.89772
98.15; 1.89669
98.2; 1.89566
98.25; 1.89462
98.3; 1.89359
98.35; 1.89256
98.4; 1.89153
98.45; 1.8905
98.5; 1.88946
98.55; 1.88843
98.6; 1.8874
98.65; 1.88637
98.7; 1.88534
98.75; 1.88431
98.8; 1.88328
98.85; 1.88225
98.9; 1.88122
98.95; 1.88019
99; 1.87916
99.05; 1.87813
99.1; 1.8771
99.15; 1.87607
99.2; 1.87504
99.25; 1.87401
99.3; 1.87299
99.35; 1.87196
99.4; 1.87093
99.45; 1.8699
99.5; 1.86888
99.55; 1.86785
99.6; 1.86682
99.65; 1.8658
99.7; 1.86477
99.75; 1.86374
99.8; 1.86272
99.85; 1.86169
99.9; 1.86067
99.95; 1.85964
100; 1.85862
100.05; 1.85759
100.1; 1.85657
100.15; 1.85554
100.2; 1.85452
100.25; 1.8535
100.3; 1.85247
100.35; 1.85145
100.4; 1.85043
100.45; 1.84941
100.5; 1.84838
100.55; 1.84736
100.6; 1.84634
100.65; 1.84532
100.7; 1.8443
100.75; 1.84328
100.8; 1.84225
100.85; 1.84123
100.9; 1.84021
100.95; 1.83919
101; 1.83817
101.05; 1.83715
101.1; 1.83613
101.15; 1.83512
101.2; 1.8341
101.25; 1.83308
101.3; 1.83206
101.35; 1.83104
101.4; 1.83002
101.45; 1.82901
101.5; 1.82799
101.55; 1.82697
101.6; 1.82596
101.65; 1.82494
101.7; 1.82392
101.75; 1.82291
101.8; 1.82189
101.85; 1.82088
101.9; 1.81986
101.95; 1.81885
102; 1.81783
102.05; 1.81682
102.1; 1.8158
102.15; 1.81479
102.2; 1.81378
102.25; 1.81276
102.3; 1.81175
102.35; 1.81074
102.4; 1.80972
102.45; 1.80871
102.5; 1.8077
102.55; 1.80669
102.6; 1.80568
102.65; 1.80467
102.7; 1.80366
102.75; 1.80264
102.8; 1.80163
102.85; 1.80062
102.9; 1.79961
102.95; 1.7986
103; 1.7976
103.05; 1.79659
103.1; 1.79558
103.15; 1.79457
103.2; 1.79356
103.25; 1.79255
103.3; 1.79155
103.35; 1.79054
103.4; 1.78953
103.45; 1.78852
103.5; 1.78752
103.55; 1.78651
103.6; 1.78551
103.65; 1.7845
103.7; 1.78349
103.75; 1.78249
103.8; 1.78148
103.85; 1.78048
103.9; 1.77948
103.95; 1.77847
104; 1.77747
104.05; 1.77646
104.1; 1.77546
104.15; 1.77446
104.2; 1.77346
104.25; 1.77245
104.3; 1.77145
104.35; 1.77045
104.4; 1.76945
104.45; 1.76845
104.5; 1.76745
104.55; 1.76644
104.6; 1.76544
104.65; 1.76444
104.7; 1.76344
104.75; 1.76244
104.8; 1.76145
104.85; 1.76045
104.9; 1.75945
104.95; 1.75845
105; 1.75745
105.05; 1.75645
105.1; 1.75546
105.15; 1.75446
105.2; 1.75346
105.25; 1.75246
105.3; 1.75147
105.35; 1.75047
105.4; 1.74948
105.45; 1.74848
105.5; 1.74749
105.55; 1.74649
105.6; 1.7455
105.65; 1.7445
105.7; 1.74351
105.75; 1.74251
105.8; 1.74152
105.85; 1.74053
105.9; 1.73953
105.95; 1.73854
106; 1.73755
106.05; 1.73656
106.1; 1.73557
106.15; 1.73457
106.2; 1.73358
106.25; 1.73259
106.3; 1.7316
106.35; 1.73061
106.4; 1.72962
106.45; 1.72863
106.5; 1.72764
106.55; 1.72665
106.6; 1.72566
106.65; 1.72468
106.7; 1.72369
106.75; 1.7227
106.8; 1.72171
106.85; 1.72073
106.9; 1.71974
106.95; 1.71875
107; 1.71777
107.05; 1.71678
107.1; 1.71579
107.15; 1.71481
107.2; 1.71382
107.25; 1.71284
107.3; 1.71185
107.35; 1.71087
107.4; 1.70988
107.45; 1.7089
107.5; 1.70792
107.55; 1.70693
107.6; 1.70595
107.65; 1.70497
107.7; 1.70399
107.75; 1.70301
107.8; 1.70202
107.85; 1.70104
107.9; 1.70006
107.95; 1.69908
108; 1.6981
108.05; 1.69712
108.1; 1.69614
108.15; 1.69516
108.2; 1.69418
108.25; 1.6932
108.3; 1.69223
108.35; 1.69125
108.4; 1.69027
108.45; 1.68929
108.5; 1.68832
108.55; 1.68734
108.6; 1.68636
108.65; 1.68539
108.7; 1.68441
108.75; 1.68343
108.8; 1.68246
108.85; 1.68148
108.9; 1.68051
108.95; 1.67953
109; 1.67856
109.05; 1.67759
109.1; 1.67661
109.15; 1.67564
109.2; 1.67467
109.25; 1.67369
109.3; 1.67272
109.35; 1.67175
109.4; 1.67078
109.45; 1.66981
109.5; 1.66884
109.55; 1.66787
109.6; 1.6669
109.65; 1.66593
109.7; 1.66496
109.75; 1.66399
109.8; 1.66302
109.85; 1.66205
109.9; 1.66108
109.95; 1.66011
110; 1.65914
110.05; 1.65818
110.1; 1.65721
110.15; 1.65624
110.2; 1.65528
110.25; 1.65431
110.3; 1.65334
110.35; 1.65238
110.4; 1.65141
110.45; 1.65045
110.5; 1.64948
110.55; 1.64852
110.6; 1.64756
110.65; 1.64659
110.7; 1.64563
110.75; 1.64467
110.8; 1.6437
110.85; 1.64274
110.9; 1.64178
110.95; 1.64082
111; 1.63986
111.05; 1.6389
111.1; 1.63794
111.15; 1.63697
111.2; 1.63601
111.25; 1.63505
111.3; 1.6341
111.35; 1.63314
111.4; 1.63218
111.45; 1.63122
111.5; 1.63026
111.55; 1.6293
111.6; 1.62835
111.65; 1.62739
111.7; 1.62643
111.75; 1.62548
111.8; 1.62452
111.85; 1.62356
111.9; 1.62261
111.95; 1.62165
112; 1.6207
112.05; 1.61974
112.1; 1.61879
112.15; 1.61784
112.2; 1.61688
112.25; 1.61593
112.3; 1.61498
112.35; 1.61402
112.4; 1.61307
112.45; 1.61212
112.5; 1.61117
112.55; 1.61022
112.6; 1.60927
112.65; 1.60832
112.7; 1.60737
112.75; 1.60642
112.8; 1.60547
112.85; 1.60452
112.9; 1.60357
112.95; 1.60262
113; 1.60167
113.05; 1.60073
113.1; 1.59978
113.15; 1.59883
113.2; 1.59788
113.25; 1.59694
113.3; 1.59599
113.35; 1.59505
113.4; 1.5941
113.45; 1.59315
113.5; 1.59221
113.55; 1.59127
113.6; 1.59032
113.65; 1.58938
113.7; 1.58843
113.75; 1.58749
113.8; 1.58655
113.85; 1.58561
113.9; 1.58466
113.95; 1.58372
114; 1.58278
114.05; 1.58184
114.1; 1.5809
114.15; 1.57996
114.2; 1.57902
114.25; 1.57808
114.3; 1.57714
114.35; 1.5762
114.4; 1.57526
114.45; 1.57432
114.5; 1.57339
114.55; 1.57245
114.6; 1.57151
114.65; 1.57057
114.7; 1.56964
114.75; 1.5687
114.8; 1.56777
114.85; 1.56683
114.9; 1.56589
114.95; 1.56496
115; 1.56402
115.05; 1.56309
115.1; 1.56216
115.15; 1.56122
115.2; 1.56029
115.25; 1.55936
115.3; 1.55842
115.35; 1.55749
115.4; 1.55656
115.45; 1.55563
115.5; 1.5547
115.55; 1.55377
115.6; 1.55284
115.65; 1.55191
115.7; 1.55098
115.75; 1.55005
115.8; 1.54912
115.85; 1.54819
115.9; 1.54726
115.95; 1.54633
116; 1.54541
116.05; 1.54448
116.1; 1.54355
116.15; 1.54263
116.2; 1.5417
116.25; 1.54077
116.3; 1.53985
116.35; 1.53892
116.4; 1.538
116.45; 1.53707
116.5; 1.53615
116.55; 1.53523
116.6; 1.5343
116.65; 1.53338
116.7; 1.53246
116.75; 1.53153
116.8; 1.53061
116.85; 1.52969
116.9; 1.52877
116.95; 1.52785
117; 1.52693
117.05; 1.52601
117.1; 1.52509
117.15; 1.52417
117.2; 1.52325
117.25; 1.52233
117.3; 1.52141
117.35; 1.52049
117.4; 1.51957
117.45; 1.51866
117.5; 1.51774
117.55; 1.51682
117.6; 1.51591
117.65; 1.51499
117.7; 1.51407
117.75; 1.51316
117.8; 1.51224
117.85; 1.51133
117.9; 1.51042
117.95; 1.5095
118; 1.50859
118.05; 1.50767
118.1; 1.50676
118.15; 1.50585
118.2; 1.50494
118.25; 1.50403
118.3; 1.50311
118.35; 1.5022
118.4; 1.50129
118.45; 1.50038
118.5; 1.49947
118.55; 1.49856
118.6; 1.49765
118.65; 1.49674
118.7; 1.49583
118.75; 1.49493
118.8; 1.49402
118.85; 1.49311
118.9; 1.4922
118.95; 1.4913
119; 1.49039
119.05; 1.48948
119.1; 1.48858
119.15; 1.48767
119.2; 1.48677
119.25; 1.48586
119.3; 1.48496
119.35; 1.48406
119.4; 1.48315
119.45; 1.48225
119.5; 1.48135
119.55; 1.48044
119.6; 1.47954
119.65; 1.47864
119.7; 1.47774
119.75; 1.47684
119.8; 1.47594
119.85; 1.47504
119.9; 1.47414
119.95; 1.47324
120; 1.47234
120.05; 1.47144
120.1; 1.47054
120.15; 1.46964
120.2; 1.46874
120.25; 1.46785
120.3; 1.46695
120.35; 1.46605
120.4; 1.46516
120.45; 1.46426
120.5; 1.46336
120.55; 1.46247
120.6; 1.46157
120.65; 1.46068
120.7; 1.45979
120.75; 1.45889
120.8; 1.458
120.85; 1.4571
120.9; 1.45621
120.95; 1.45532
121; 1.45443
121.05; 1.45354
121.1; 1.45264
121.15; 1.45175
121.2; 1.45086
121.25; 1.44997
121.3; 1.44908
121.35; 1.44819
121.4; 1.4473
121.45; 1.44642
121.5; 1.44553
121.55; 1.44464
121.6; 1.44375
121.65; 1.44286
121.7; 1.44198
121.75; 1.44109
121.8; 1.4402
121.85; 1.43932
121.9; 1.43843
121.95; 1.43755
122; 1.43666
122.05; 1.43578
122.1; 1.4349
122.15; 1.43401
122.2; 1.43313
122.25; 1.43225
122.3; 1.43136
122.35; 1.43048
122.4; 1.4296
122.45; 1.42872
122.5; 1.42784
122.55; 1.42696
122.6; 1.42608
122.65; 1.4252
122.7; 1.42432
122.75; 1.42344
122.8; 1.42256
122.85; 1.42168
122.9; 1.4208
122.95; 1.41992
123; 1.41905
123.05; 1.41817
123.1; 1.41729
123.15; 1.41642
123.2; 1.41554
123.25; 1.41467
123.3; 1.41379
123.35; 1.41292
123.4; 1.41204
123.45; 1.41117
123.5; 1.41029
123.55; 1.40942
123.6; 1.40855
123.65; 1.40767
123.7; 1.4068
123.75; 1.40593
123.8; 1.40506
123.85; 1.40419
123.9; 1.40332
123.95; 1.40245
124; 1.40158
124.05; 1.40071
124.1; 1.39984
124.15; 1.39897
124.2; 1.3981
124.25; 1.39723
124.3; 1.39636
124.35; 1.3955
124.4; 1.39463
124.45; 1.39376
124.5; 1.3929
124.55; 1.39203
124.6; 1.39117
124.65; 1.3903
124.7; 1.38944
124.75; 1.38857
124.8; 1.38771
124.85; 1.38684
124.9; 1.38598
124.95; 1.38512
125; 1.38425
125.05; 1.38339
125.1; 1.38253
125.15; 1.38167
125.2; 1.38081
125.25; 1.37995
125.3; 1.37909
125.35; 1.37823
125.4; 1.37737
125.45; 1.37651
125.5; 1.37565
125.55; 1.37479
125.6; 1.37393
125.65; 1.37308
125.7; 1.37222
125.75; 1.37136
125.8; 1.3705
125.85; 1.36965
125.9; 1.36879
125.95; 1.36794
126; 1.36708
126.05; 1.36623
126.1; 1.36537
126.15; 1.36452
126.2; 1.36367
126.25; 1.36281
126.3; 1.36196
126.35; 1.36111
126.4; 1.36025
126.45; 1.3594
126.5; 1.35855
126.55; 1.3577
126.6; 1.35685
126.65; 1.356
126.7; 1.35515
126.75; 1.3543
126.8; 1.35345
126.85; 1.3526
126.9; 1.35175
126.95; 1.35091
127; 1.35006
127.05; 1.34921
127.1; 1.34837
127.15; 1.34752
127.2; 1.34667
127.25; 1.34583
127.3; 1.34498
127.35; 1.34414
127.4; 1.34329
127.45; 1.34245
127.5; 1.3416
127.55; 1.34076
127.6; 1.33992
127.65; 1.33907
127.7; 1.33823
127.75; 1.33739
127.8; 1.33655
127.85; 1.33571
127.9; 1.33487
127.95; 1.33403
128; 1.33319
128.05; 1.33235
128.1; 1.33151
128.15; 1.33067
128.2; 1.32983
128.25; 1.32899
128.3; 1.32815
128.35; 1.32732
128.4; 1.32648
128.45; 1.32564
128.5; 1.32481
128.55; 1.32397
128.6; 1.32313
128.65; 1.3223
128.7; 1.32146
128.75; 1.32063
128.8; 1.3198
128.85; 1.31896
128.9; 1.31813
128.95; 1.3173
129; 1.31646
129.05; 1.31563
129.1; 1.3148
129.15; 1.31397
129.2; 1.31314
129.25; 1.31231
129.3; 1.31148
129.35; 1.31065
129.4; 1.30982
129.45; 1.30899
129.5; 1.30816
129.55; 1.30733
129.6; 1.3065
129.65; 1.30568
129.7; 1.30485
129.75; 1.30402
129.8; 1.30319
129.85; 1.30237
129.9; 1.30154
129.95; 1.30072
130; 1.29989
130.05; 1.29907
130.1; 1.29824
130.15; 1.29742
130.2; 1.2966
130.25; 1.29577
130.3; 1.29495
130.35; 1.29413
130.4; 1.29331
130.45; 1.29249
130.5; 1.29166
130.55; 1.29084
130.6; 1.29002
130.65; 1.2892
130.7; 1.28838
130.75; 1.28756
130.8; 1.28674
130.85; 1.28593
130.9; 1.28511
130.95; 1.28429
131; 1.28347
131.05; 1.28266
131.1; 1.28184
131.15; 1.28102
131.2; 1.28021
131.25; 1.27939
131.3; 1.27858
131.35; 1.27776
131.4; 1.27695
131.45; 1.27613
131.5; 1.27532
131.55; 1.27451
131.6; 1.27369
131.65; 1.27288
131.7; 1.27207
131.75; 1.27126
131.8; 1.27045
131.85; 1.26964
131.9; 1.26882
131.95; 1.26801
132; 1.2672
132.05; 1.2664
132.1; 1.26559
132.15; 1.26478
132.2; 1.26397
132.25; 1.26316
132.3; 1.26235
132.35; 1.26155
132.4; 1.26074
132.45; 1.25993
132.5; 1.25913
132.55; 1.25832
132.6; 1.25752
132.65; 1.25671
132.7; 1.25591
132.75; 1.2551
132.8; 1.2543
132.85; 1.2535
132.9; 1.25269
132.95; 1.25189
133; 1.25109
133.05; 1.25029
133.1; 1.24949
133.15; 1.24868
133.2; 1.24788
133.25; 1.24708
133.3; 1.24628
133.35; 1.24548
133.4; 1.24469
133.45; 1.24389
133.5; 1.24309
133.55; 1.24229
133.6; 1.24149
133.65; 1.2407
133.7; 1.2399
133.75; 1.2391
133.8; 1.23831
133.85; 1.23751
133.9; 1.23671
133.95; 1.23592
134; 1.23512
134.05; 1.23433
134.1; 1.23354
134.15; 1.23274
134.2; 1.23195
134.25; 1.23116
134.3; 1.23037
134.35; 1.22957
134.4; 1.22878
134.45; 1.22799
134.5; 1.2272
134.55; 1.22641
134.6; 1.22562
134.65; 1.22483
134.7; 1.22404
134.75; 1.22325
134.8; 1.22246
134.85; 1.22168
134.9; 1.22089
134.95; 1.2201
135; 1.21931
135.05; 1.21853
135.1; 1.21774
135.15; 1.21695
135.2; 1.21617
135.25; 1.21538
135.3; 1.2146
135.35; 1.21382
135.4; 1.21303
135.45; 1.21225
135.5; 1.21146
135.55; 1.21068
135.6; 1.2099
135.65; 1.20912
135.7; 1.20834
135.75; 1.20755
135.8; 1.20677
135.85; 1.20599
135.9; 1.20521
135.95; 1.20443
136; 1.20365
136.05; 1.20287
136.1; 1.2021
136.15; 1.20132
136.2; 1.20054
136.25; 1.19976
136.3; 1.19899
136.35; 1.19821
136.4; 1.19743
136.45; 1.19666
136.5; 1.19588
136.55; 1.19511
136.6; 1.19433
136.65; 1.19356
136.7; 1.19278
136.75; 1.19201
136.8; 1.19124
136.85; 1.19046
136.9; 1.18969
136.95; 1.18892
137; 1.18815
137.05; 1.18737
137.1; 1.1866
137.15; 1.18583
137.2; 1.18506
137.25; 1.18429
137.3; 1.18352
137.35; 1.18275
137.4; 1.18199
137.45; 1.18122
137.5; 1.18045
137.55; 1.17968
137.6; 1.17891
137.65; 1.17815
137.7; 1.17738
137.75; 1.17662
137.8; 1.17585
137.85; 1.17508
137.9; 1.17432
137.95; 1.17356
138; 1.17279
138.05; 1.17203
138.1; 1.17126
138.15; 1.1705
138.2; 1.16974
138.25; 1.16898
138.3; 1.16821
138.35; 1.16745
138.4; 1.16669
138.45; 1.16593
138.5; 1.16517
138.55; 1.16441
138.6; 1.16365
138.65; 1.16289
138.7; 1.16213
138.75; 1.16137
138.8; 1.16062
138.85; 1.15986
138.9; 1.1591
138.95; 1.15834
139; 1.15759
139.05; 1.15683
139.1; 1.15608
139.15; 1.15532
139.2; 1.15457
139.25; 1.15381
139.3; 1.15306
139.35; 1.1523
139.4; 1.15155
139.45; 1.1508
139.5; 1.15004
139.55; 1.14929
139.6; 1.14854
139.65; 1.14779
139.7; 1.14704
139.75; 1.14628
139.8; 1.14553
139.85; 1.14478
139.9; 1.14403
139.95; 1.14329
140; 1.14254
140.05; 1.14179
140.1; 1.14104
140.15; 1.14029
140.2; 1.13954
140.25; 1.1388
140.3; 1.13805
140.35; 1.1373
140.4; 1.13656
140.45; 1.13581
140.5; 1.13507
140.55; 1.13432
140.6; 1.13358
140.65; 1.13283
140.7; 1.13209
140.75; 1.13135
140.8; 1.1306
140.85; 1.12986
140.9; 1.12912
140.95; 1.12838
141; 1.12764
141.05; 1.1269
141.1; 1.12615
141.15; 1.12541
141.2; 1.12467
141.25; 1.12394
141.3; 1.1232
141.35; 1.12246
141.4; 1.12172
141.45; 1.12098
141.5; 1.12024
141.55; 1.11951
141.6; 1.11877
141.65; 1.11803
141.7; 1.1173
141.75; 1.11656
141.8; 1.11583
141.85; 1.11509
141.9; 1.11436
141.95; 1.11362
142; 1.11289
142.05; 1.11215
142.1; 1.11142
142.15; 1.11069
142.2; 1.10996
142.25; 1.10922
142.3; 1.10849
142.35; 1.10776
142.4; 1.10703
142.45; 1.1063
142.5; 1.10557
142.55; 1.10484
142.6; 1.10411
142.65; 1.10338
142.7; 1.10265
142.75; 1.10193
142.8; 1.1012
142.85; 1.10047
142.9; 1.09974
142.95; 1.09902
143; 1.09829
143.05; 1.09756
143.1; 1.09684
143.15; 1.09611
143.2; 1.09539
143.25; 1.09466
143.3; 1.09394
143.35; 1.09322
143.4; 1.09249
143.45; 1.09177
143.5; 1.09105
143.55; 1.09033
143.6; 1.0896
143.65; 1.08888
143.7; 1.08816
143.75; 1.08744
143.8; 1.08672
143.85; 1.086
143.9; 1.08528
143.95; 1.08456
144; 1.08384
144.05; 1.08312
144.1; 1.08241
144.15; 1.08169
144.2; 1.08097
144.25; 1.08026
144.3; 1.07954
144.35; 1.07882
144.4; 1.07811
144.45; 1.07739
144.5; 1.07668
144.55; 1.07596
144.6; 1.07525
144.65; 1.07453
144.7; 1.07382
144.75; 1.07311
144.8; 1.07239
144.85; 1.07168
144.9; 1.07097
144.95; 1.07026
145; 1.06955
145.05; 1.06884
145.1; 1.06813
145.15; 1.06742
145.2; 1.06671
145.25; 1.066
145.3; 1.06529
145.35; 1.06458
145.4; 1.06387
145.45; 1.06316
145.5; 1.06245
145.55; 1.06175
145.6; 1.06104
145.65; 1.06033
145.7; 1.05963
145.75; 1.05892
145.8; 1.05822
145.85; 1.05751
145.9; 1.05681
145.95; 1.0561
146; 1.0554
146.05; 1.0547
146.1; 1.05399
146.15; 1.05329
146.2; 1.05259
146.25; 1.05189
146.3; 1.05118
146.35; 1.05048
146.4; 1.04978
146.45; 1.04908
146.5; 1.04838
146.55; 1.04768
146.6; 1.04698
146.65; 1.04628
146.7; 1.04559
146.75; 1.04489
146.8; 1.04419
146.85; 1.04349
146.9; 1.04279
146.95; 1.0421
147; 1.0414
147.05; 1.04071
147.1; 1.04001
147.15; 1.03932
147.2; 1.03862
147.25; 1.03793
147.3; 1.03723
147.35; 1.03654
147.4; 1.03584
147.45; 1.03515
147.5; 1.03446
147.55; 1.03377
147.6; 1.03307
147.65; 1.03238
147.7; 1.03169
147.75; 1.031
147.8; 1.03031
147.85; 1.02962
147.9; 1.02893
147.95; 1.02824
148; 1.02755
148.05; 1.02686
148.1; 1.02618
148.15; 1.02549
148.2; 1.0248
148.25; 1.02411
148.3; 1.02343
148.35; 1.02274
148.4; 1.02205
148.45; 1.02137
148.5; 1.02068
148.55; 1.02
148.6; 1.01931
148.65; 1.01863
148.7; 1.01795
148.75; 1.01726
148.8; 1.01658
148.85; 1.0159
148.9; 1.01522
148.95; 1.01453
149; 1.01385
149.05; 1.01317
149.1; 1.01249
149.15; 1.01181
149.2; 1.01113
149.25; 1.01045
149.3; 1.00977
149.35; 1.00909
149.4; 1.00841
149.45; 1.00774
149.5; 1.00706
149.55; 1.00638
149.6; 1.0057
149.65; 1.00503
149.7; 1.00435
149.75; 1.00367
149.8; 1.003
149.85; 1.00232
149.9; 1.00165
149.95; 1.00097
150; 1.0003
150.05; 0.999625
150.1; 0.998952
150.15; 0.998279
150.2; 0.997606
150.25; 0.996934
150.3; 0.996262
150.35; 0.99559
150.4; 0.994919
150.45; 0.994248
150.5; 0.993578
150.55; 0.992908
150.6; 0.992238
150.65; 0.991568
150.7; 0.990899
150.75; 0.990231
150.8; 0.989563
150.85; 0.988895
150.9; 0.988227
150.95; 0.98756
151; 0.986893
151.05; 0.986227
151.1; 0.98556
151.15; 0.984895
151.2; 0.984229
151.25; 0.983564
151.3; 0.9829
151.35; 0.982235
151.4; 0.981572
151.45; 0.980908
151.5; 0.980245
151.55; 0.979582
151.6; 0.97892
151.65; 0.978258
151.7; 0.977596
151.75; 0.976935
151.8; 0.976274
151.85; 0.975613
151.9; 0.974953
151.95; 0.974293
152; 0.973633
152.05; 0.972974
152.1; 0.972315
152.15; 0.971657
152.2; 0.970999
152.25; 0.970341
152.3; 0.969684
152.35; 0.969027
152.4; 0.96837
152.45; 0.967714
152.5; 0.967058
152.55; 0.966403
152.6; 0.965747
152.65; 0.965093
152.7; 0.964438
152.75; 0.963784
152.8; 0.96313
152.85; 0.962477
152.9; 0.961824
152.95; 0.961171
153; 0.960519
153.05; 0.959867
153.1; 0.959216
153.15; 0.958565
153.2; 0.957914
153.25; 0.957263
153.3; 0.956613
153.35; 0.955964
153.4; 0.955314
153.45; 0.954665
153.5; 0.954017
153.55; 0.953368
153.6; 0.95272
153.65; 0.952073
153.7; 0.951426
153.75; 0.950779
153.8; 0.950132
153.85; 0.949486
153.9; 0.94884
153.95; 0.948195
154; 0.94755
154.05; 0.946905
154.1; 0.946261
154.15; 0.945617
154.2; 0.944974
154.25; 0.94433
154.3; 0.943687
154.35; 0.943045
154.4; 0.942403
154.45; 0.941761
154.5; 0.94112
154.55; 0.940479
154.6; 0.939838
154.65; 0.939198
154.7; 0.938558
154.75; 0.937918
154.8; 0.937279
154.85; 0.93664
154.9; 0.936001
154.95; 0.935363
155; 0.934725
155.05; 0.934088
155.1; 0.933451
155.15; 0.932814
155.2; 0.932177
155.25; 0.931541
155.3; 0.930906
155.35; 0.93027
155.4; 0.929635
155.45; 0.929001
155.5; 0.928367
155.55; 0.927733
155.6; 0.927099
155.65; 0.926466
155.7; 0.925833
155.75; 0.925201
155.8; 0.924569
155.85; 0.923937
155.9; 0.923305
155.95; 0.922674
156; 0.922044
156.05; 0.921413
156.1; 0.920784
156.15; 0.920154
156.2; 0.919525
156.25; 0.918896
156.3; 0.918267
156.35; 0.917639
156.4; 0.917011
156.45; 0.916384
156.5; 0.915757
156.55; 0.91513
156.6; 0.914503
156.65; 0.913877
156.7; 0.913252
156.75; 0.912626
156.8; 0.912001
156.85; 0.911377
156.9; 0.910753
156.95; 0.910129
157; 0.909505
157.05; 0.908882
157.1; 0.908259
157.15; 0.907637
157.2; 0.907014
157.25; 0.906393
157.3; 0.905771
157.35; 0.90515
157.4; 0.904529
157.45; 0.903909
157.5; 0.903289
157.55; 0.902669
157.6; 0.90205
157.65; 0.901431
157.7; 0.900812
157.75; 0.900194
157.8; 0.899576
157.85; 0.898959
157.9; 0.898342
157.95; 0.897725
158; 0.897108
158.05; 0.896492
158.1; 0.895876
158.15; 0.895261
158.2; 0.894646
158.25; 0.894031
158.3; 0.893417
158.35; 0.892803
158.4; 0.892189
158.45; 0.891576
158.5; 0.890963
158.55; 0.89035
158.6; 0.889738
158.65; 0.889126
158.7; 0.888514
158.75; 0.887903
158.8; 0.887292
158.85; 0.886682
158.9; 0.886072
158.95; 0.885462
159; 0.884852
159.05; 0.884243
159.1; 0.883635
159.15; 0.883026
159.2; 0.882418
159.25; 0.88181
159.3; 0.881203
159.35; 0.880596
159.4; 0.879989
159.45; 0.879383
159.5; 0.878777
159.55; 0.878172
159.6; 0.877566
159.65; 0.876961
159.7; 0.876357
159.75; 0.875753
159.8; 0.875149
159.85; 0.874545
159.9; 0.873942
159.95; 0.873339
160; 0.872737
160.05; 0.872135
160.1; 0.871533
160.15; 0.870932
160.2; 0.870331
160.25; 0.86973
160.3; 0.869129
160.35; 0.868529
160.4; 0.86793
160.45; 0.86733
160.5; 0.866731
160.55; 0.866133
160.6; 0.865535
160.65; 0.864937
160.7; 0.864339
160.75; 0.863742
160.8; 0.863145
160.85; 0.862548
160.9; 0.861952
160.95; 0.861356
161; 0.860761
161.05; 0.860166
161.1; 0.859571
161.15; 0.858976
161.2; 0.858382
161.25; 0.857788
161.3; 0.857195
161.35; 0.856602
161.4; 0.856009
161.45; 0.855417
161.5; 0.854825
161.55; 0.854233
161.6; 0.853642
161.65; 0.853051
161.7; 0.85246
161.75; 0.85187
161.8; 0.85128
161.85; 0.85069
161.9; 0.850101
161.95; 0.849512
162; 0.848923
162.05; 0.848335
162.1; 0.847747
162.15; 0.847159
162.2; 0.846572
162.25; 0.845985
162.3; 0.845399
162.35; 0.844812
162.4; 0.844226
162.45; 0.843641
162.5; 0.843056
162.55; 0.842471
162.6; 0.841886
162.65; 0.841302
162.7; 0.840718
162.75; 0.840135
162.8; 0.839552
162.85; 0.838969
162.9; 0.838387
162.95; 0.837805
163; 0.837223
163.05; 0.836641
163.1; 0.83606
163.15; 0.83548
163.2; 0.834899
163.25; 0.834319
163.3; 0.833739
163.35; 0.83316
163.4; 0.832581
163.45; 0.832002
163.5; 0.831424
163.55; 0.830846
163.6; 0.830268
163.65; 0.829691
163.7; 0.829114
163.75; 0.828537
163.8; 0.827961
163.85; 0.827385
163.9; 0.82681
163.95; 0.826234
164; 0.825659
164.05; 0.825085
164.1; 0.82451
164.15; 0.823936
164.2; 0.823363
164.25; 0.82279
164.3; 0.822217
164.35; 0.821644
164.4; 0.821072
164.45; 0.8205
164.5; 0.819928
164.55; 0.819357
164.6; 0.818786
164.65; 0.818216
164.7; 0.817646
164.75; 0.817076
164.8; 0.816506
164.85; 0.815937
164.9; 0.815368
164.95; 0.8148
165; 0.814231
165.05; 0.813664
165.1; 0.813096
165.15; 0.812529
165.2; 0.811962
165.25; 0.811396
165.3; 0.810829
165.35; 0.810264
165.4; 0.809698
165.45; 0.809133
165.5; 0.808568
165.55; 0.808004
165.6; 0.80744
165.65; 0.806876
165.7; 0.806312
165.75; 0.805749
165.8; 0.805186
165.85; 0.804624
165.9; 0.804062
165.95; 0.8035
166; 0.802938
166.05; 0.802377
166.1; 0.801816
166.15; 0.801256
166.2; 0.800696
166.25; 0.800136
166.3; 0.799577
166.35; 0.799017
166.4; 0.798459
166.45; 0.7979
166.5; 0.797342
166.55; 0.796784
166.6; 0.796227
166.65; 0.79567
166.7; 0.795113
166.75; 0.794556
166.8; 0.794
166.85; 0.793445
166.9; 0.792889
166.95; 0.792334
167; 0.791779
167.05; 0.791225
167.1; 0.790671
167.15; 0.790117
167.2; 0.789563
167.25; 0.78901
167.3; 0.788457
167.35; 0.787905
167.4; 0.787353
167.45; 0.786801
167.5; 0.786249
167.55; 0.785698
167.6; 0.785147
167.65; 0.784597
167.7; 0.784047
167.75; 0.783497
167.8; 0.782947
167.85; 0.782398
167.9; 0.781849
167.95; 0.781301
168; 0.780753
168.05; 0.780205
168.1; 0.779657
168.15; 0.77911
168.2; 0.778563
168.25; 0.778017
168.3; 0.77747
168.35; 0.776925
168.4; 0.776379
168.45; 0.775834
168.5; 0.775289
168.55; 0.774744
168.6; 0.7742
168.65; 0.773656
168.7; 0.773113
168.75; 0.772569
168.8; 0.772026
168.85; 0.771484
168.9; 0.770942
168.95; 0.7704
169; 0.769858
169.05; 0.769317
169.1; 0.768776
169.15; 0.768235
169.2; 0.767695
169.25; 0.767155
169.3; 0.766615
169.35; 0.766076
169.4; 0.765537
169.45; 0.764998
169.5; 0.76446
169.55; 0.763922
169.6; 0.763384
169.65; 0.762847
169.7; 0.76231
169.75; 0.761773
169.8; 0.761237
169.85; 0.760701
169.9; 0.760165
169.95; 0.759629
170; 0.759094
170.05; 0.75856
170.1; 0.758025
170.15; 0.757491
170.2; 0.756957
170.25; 0.756424
170.3; 0.755891
170.35; 0.755358
170.4; 0.754825
170.45; 0.754293
170.5; 0.753761
170.55; 0.75323
170.6; 0.752698
170.65; 0.752168
170.7; 0.751637
170.75; 0.751107
170.8; 0.750577
170.85; 0.750047
170.9; 0.749518
170.95; 0.748989
171; 0.74846
171.05; 0.747932
171.1; 0.747404
171.15; 0.746876
171.2; 0.746349
171.25; 0.745822
171.3; 0.745295
171.35; 0.744769
171.4; 0.744243
171.45; 0.743717
171.5; 0.743192
171.55; 0.742667
171.6; 0.742142
171.65; 0.741617
171.7; 0.741093
171.75; 0.740569
171.8; 0.740046
171.85; 0.739523
171.9; 0.739
171.95; 0.738477
172; 0.737955
172.05; 0.737433
172.1; 0.736912
172.15; 0.73639
172.2; 0.73587
172.25; 0.735349
172.3; 0.734829
172.35; 0.734309
172.4; 0.733789
172.45; 0.73327
172.5; 0.732751
172.55; 0.732232
172.6; 0.731714
172.65; 0.731195
172.7; 0.730678
172.75; 0.73016
172.8; 0.729643
172.85; 0.729126
172.9; 0.72861
172.95; 0.728094
173; 0.727578
173.05; 0.727062
173.1; 0.726547
173.15; 0.726032
173.2; 0.725518
173.25; 0.725003
173.3; 0.724489
173.35; 0.723976
173.4; 0.723462
173.45; 0.722949
173.5; 0.722437
173.55; 0.721924
173.6; 0.721412
173.65; 0.720901
173.7; 0.720389
173.75; 0.719878
173.8; 0.719367
173.85; 0.718857
173.9; 0.718347
173.95; 0.717837
174; 0.717327
174.05; 0.716818
174.1; 0.716309
174.15; 0.715801
174.2; 0.715292
174.25; 0.714784
174.3; 0.714277
174.35; 0.713769
174.4; 0.713262
174.45; 0.712756
174.5; 0.712249
174.55; 0.711743
174.6; 0.711237
174.65; 0.710732
174.7; 0.710227
174.75; 0.709722
174.8; 0.709217
174.85; 0.708713
174.9; 0.708209
174.95; 0.707706
175; 0.707202
175.05; 0.706699
175.1; 0.706197
175.15; 0.705694
175.2; 0.705192
175.25; 0.704691
175.3; 0.704189
175.35; 0.703688
175.4; 0.703187
175.45; 0.702687
175.5; 0.702187
175.55; 0.701687
175.6; 0.701187
175.65; 0.700688
175.7; 0.700189
175.75; 0.699691
175.8; 0.699192
175.85; 0.698694
175.9; 0.698197
175.95; 0.697699
176; 0.697202
176.05; 0.696705
176.1; 0.696209
176.15; 0.695713
176.2; 0.695217
176.25; 0.694721
176.3; 0.694226
176.35; 0.693731
176.4; 0.693237
176.45; 0.692742
176.5; 0.692248
176.55; 0.691755
176.6; 0.691261
176.65; 0.690768
176.7; 0.690276
176.75; 0.689783
176.8; 0.689291
176.85; 0.688799
176.9; 0.688308
176.95; 0.687816
177; 0.687325
177.05; 0.686835
177.1; 0.686345
177.15; 0.685855
177.2; 0.685365
177.25; 0.684876
177.3; 0.684386
177.35; 0.683898
177.4; 0.683409
177.45; 0.682921
177.5; 0.682433
177.55; 0.681946
177.6; 0.681458
177.65; 0.680971
177.7; 0.680485
177.75; 0.679998
177.8; 0.679512
177.85; 0.679027
177.9; 0.678541
177.95; 0.678056
178; 0.677571
178.05; 0.677087
178.1; 0.676603
178.15; 0.676119
178.2; 0.675635
178.25; 0.675152
178.3; 0.674669
178.35; 0.674186
178.4; 0.673704
178.45; 0.673222
178.5; 0.67274
178.55; 0.672259
178.6; 0.671777
178.65; 0.671296
178.7; 0.670816
178.75; 0.670336
178.8; 0.669856
178.85; 0.669376
178.9; 0.668897
178.95; 0.668418
179; 0.667939
179.05; 0.66746
179.1; 0.666982
179.15; 0.666504
179.2; 0.666027
179.25; 0.66555
179.3; 0.665073
179.35; 0.664596
179.4; 0.66412
179.45; 0.663643
179.5; 0.663168
179.55; 0.662692
179.6; 0.662217
179.65; 0.661742
179.7; 0.661268
179.75; 0.660793
179.8; 0.660319
179.85; 0.659846
179.9; 0.659372
179.95; 0.658899
180; 0.658427
